#pragma once
// Auto-generated: pilot splash image, RGB565, 240x240
#include <stdint.h>

#define SPLASH_IMG_W 240
#define SPLASH_IMG_H 240

static const uint16_t SPLASH_IMG_DATA[] = {
    0x9CD0, 0x948F, 0x8C6F, 0x8C4E, 0x8C4E, 0x8C6F, 0x946F, 0x948F, 0x948F, 0x948F, 0x948F, 0x948F,
    0x948F, 0x948F, 0x948F, 0x948F, 0x946F, 0x946F, 0x946F, 0x8C6F, 0x8C4E, 0x8C4E, 0x842E, 0x842E,
    0x7BED, 0x7BCC, 0x73AC, 0x6B2A, 0x630A, 0x6B4B, 0x52A9, 0x5AE9, 0x634B, 0x632A, 0x632B, 0x6B6C,
    0x6B6C, 0x6B6C, 0x6B4C, 0x6B4B, 0x634B, 0x632B, 0x630B, 0x630B, 0x5B0A, 0x5AEA, 0x5289, 0x4247,
    0x4227, 0x4A68, 0x52A9, 0x5AC9, 0x5AEA, 0x630A, 0x632B, 0x632B, 0x632B, 0x6B4B, 0x6B4B, 0x6B4B,
    0x6B6B, 0x6B8C, 0x738C, 0x738C, 0x738C, 0x738C, 0x738C, 0x738C, 0x738C, 0x73AC, 0x738C, 0x738C,
    0x738C, 0x738C, 0x73AC, 0x73AC, 0x73AC, 0x738C, 0x738C, 0x7BED, 0x840E, 0x738C, 0x5AC9, 0x6B6B,
    0x7BCC, 0x8C2E, 0x9490, 0xA4F1, 0xA511, 0xA4F1, 0xA4F1, 0xA4F1, 0xA511, 0xA511, 0x9CF1, 0x94B0,
    0x8C6F, 0x8C4F, 0x8C6F, 0x8C4F, 0x840E, 0x73AD, 0x6B6B, 0x5B0A, 0x630A, 0x6B4B, 0x7BCD, 0x946F,
    0xA4F2, 0xAD53, 0xAD53, 0xAD53, 0xA512, 0x9CD1, 0x9490, 0x94B1, 0xA512, 0xB594, 0xB5B4, 0x7BED,
    0x7BCD, 0x8C4F, 0x8C4F, 0x7C0E, 0x73CD, 0xB594, 0xC5F5, 0xBDD5, 0xBDD5, 0xBDD5, 0xBDD5, 0xBDD5,
    0xBDF5, 0xBDF5, 0xBDF5, 0xBDD5, 0xBDD5, 0xB5B4, 0xB594, 0xB573, 0xB573, 0xB574, 0xB594, 0xB594,
    0xB594, 0xB5B4, 0xBDB5, 0xBDB5, 0xBDB5, 0xBDD5, 0xBDD5, 0xBDD5, 0xBDD5, 0xBDD5, 0xBDD5, 0xC5F5,
    0xAD53, 0x6B4B, 0x7C0F, 0x8C71, 0x8C71, 0x8450, 0x7C0F, 0xAD74, 0xBDD5, 0xBDD5, 0xBDD5, 0xBDD5,
    0xBDD5, 0xB5B4, 0xAD74, 0xA513, 0x9CF2, 0x94F3, 0x9D34, 0xA596, 0xB619, 0xBE7B, 0xBEBC, 0xC6DD,
    0xC6FE, 0xC6FE, 0xC6FE, 0xC6FE, 0xC6FE, 0xC6FE, 0xC6FE, 0xC6FE, 0xC6FE, 0xC6FE, 0xC6FE, 0xC6FF,
    0xC6FF, 0xC6FF, 0xC6FF, 0xC6FF, 0xC6FF, 0xC6FF, 0xC6FE, 0xC6FE, 0xC71F, 0xC6FE, 0xCF3F, 0xAE3A,
    0x638E, 0x7C51, 0x94F4, 0x8CD4, 0x8CD3, 0x84B3, 0xAE5B, 0xC6FE, 0xC6FE, 0xC6FE, 0xA61A, 0x7410,
    0x73AE, 0x8450, 0x9D55, 0xBEBD, 0xC6FE, 0xBEDE, 0xBEFF, 0xBEDE, 0xBEDE, 0xBEDE, 0xBEDE, 0xBEDE,
    0xBEDE, 0xBEDE, 0xBEDE, 0xBEDE, 0xBEDE, 0xBEDE, 0xBEDE, 0xBEDE, 0xBEDE, 0xBEDE, 0xBEDE, 0xBEDE,
    0xB593, 0xB573, 0xAD52, 0xA511, 0x9CD0, 0x948F, 0x8C6E, 0x8C4E, 0x8C4E, 0x8C6E, 0x946F, 0x948F,
    0x948F, 0x948F, 0x948F, 0x946F, 0x946F, 0x946F, 0x946F, 0x946F, 0x8C6F, 0x8C4E, 0x8C2E, 0x842D,
    0x7BED, 0x7BCD, 0x7BED, 0x7BCC, 0x73AC, 0x6B6B, 0x630A, 0x630A, 0x52A8, 0x4A68, 0x5AEA, 0x52A9,
    0x5AEA, 0x630A, 0x630B, 0x630B, 0x5B0A, 0x630A, 0x5B0A, 0x52C9, 0x4A68, 0x4227, 0x4227, 0x4A68,
    0x52A9, 0x5AEA, 0x5B0A, 0x632A, 0x632B, 0x6B4B, 0x6B4B, 0x6B4B, 0x6B4B, 0x6B6C, 0x6B6C, 0x6B6C,
    0x738C, 0x738C, 0x738C, 0x738C, 0x73AC, 0x73AC, 0x73AC, 0x738C, 0x73AC, 0x73AD, 0x73AC, 0x73AD,
    0x73AD, 0x73AC, 0x73AC, 0x73CD, 0x73AC, 0x738C, 0x6B6B, 0x7BCD, 0x840D, 0x73AC, 0x632A, 0x73AC,
    0x7BCC, 0x840D, 0x8C4E, 0x9CB0, 0x9CD0, 0x9CD0, 0x9CB0, 0x94B0, 0x8C6F, 0x8C4F, 0x8C4F, 0x8C6F,
    0x8C6F, 0x8C4F, 0x7BED, 0x6B6C, 0x632A, 0x630A, 0x6B4B, 0x73CD, 0x8C6F, 0xA4F2, 0xAD53, 0xB573,
    0xAD53, 0xA512, 0x9CD1, 0x94B0, 0x9CD1, 0xA512, 0xAD73, 0xBDB4, 0xBDD5, 0xBDF5, 0xB5B4, 0x7BCD,
    0x7BEE, 0x8C70, 0x8C70, 0x7C0E, 0x7BEE, 0xB5B4, 0xC5F5, 0xBDF5, 0xBDF5, 0xBDD5, 0xBDF5, 0xBDF5,
    0xBDD5, 0xBDD5, 0xBDD5, 0xBDB4, 0xBDB4, 0xBDB4, 0xBDB5, 0xBDD5, 0xBDD5, 0xBDD5, 0xBDD5, 0xBDD5,
    0xBDD5, 0xBDD5, 0xBDB5, 0xBDB5, 0xB5B5, 0xB5B4, 0xBDB4, 0xB594, 0xB594, 0xB594, 0xB5B4, 0xBDD5,
    0xA512, 0x632B, 0x8430, 0x8C91, 0x8C91, 0x8450, 0x8450, 0xB595, 0xBDF5, 0xBDD5, 0xB595, 0xA554,
    0x9D13, 0x94F3, 0x9D14, 0x9D76, 0xADD8, 0xB63A, 0xBE9C, 0xC6DD, 0xC6FE, 0xC71E, 0xC71E, 0xC71F,
    0xC71F, 0xC6FE, 0xC6FE, 0xC6FE, 0xC6FE, 0xC6FE, 0xC6FE, 0xC6FE, 0xC6FE, 0xC6FE, 0xC6FF, 0xC6FF,
    0xC6FF, 0xC6FF, 0xBEFF, 0xC6FF, 0xC71F, 0xC71F, 0xC71E, 0xC71E, 0xC71E, 0xC71E, 0xCF3F, 0xA5F9,
    0x5B6E, 0x8472, 0x94F4, 0x8CD4, 0x8CD4, 0x84D4, 0xB67B, 0xC6FE, 0xC6FE, 0xC6FE, 0xA61A, 0x73EF,
    0x73CE, 0x8470, 0x9D56, 0xBEBD, 0xC6FE, 0xBEDE, 0xBEDE, 0xBEFF, 0xBEFF, 0xBEFF, 0xBEDE, 0xBEDF,
    0xBEDE, 0xBEDE, 0xBEDE, 0xBEDE, 0xBEDE, 0xBEDE, 0xBEDE, 0xBEDE, 0xBEDE, 0xBEDE, 0xBEDE, 0xBEDE,
    0xA532, 0xB573, 0xB593, 0xB5B4, 0xB5B4, 0xB593, 0xAD52, 0xA511, 0x9CB0, 0x946F, 0x8C4E, 0x8C4E,
    0x8C4E, 0x8C4E, 0x8C6E, 0x8C4F, 0x8C6F, 0x8C6F, 0x8C6F, 0x8C4F, 0x8C4E, 0x8C4E, 0x8C4E, 0x842E,
    0x7BED, 0x7BED, 0x83ED, 0x7BCD, 0x7BCD, 0x73AC, 0x738C, 0x6B4B, 0x632A, 0x5B0A, 0x52A9, 0x4A47,
    0x5288, 0x4A47, 0x4A47, 0x52A9, 0x52A9, 0x4A68, 0x4227, 0x3A06, 0x4227, 0x4A68, 0x52A9, 0x5AE9,
    0x5B0A, 0x630A, 0x632A, 0x632B, 0x6B4B, 0x6B4B, 0x6B6B, 0x6B6B, 0x6B6C, 0x6B8C, 0x738C, 0x738C,
    0x73AC, 0x738C, 0x73AC, 0x73AD, 0x73AC, 0x73AC, 0x73AD, 0x73AD, 0x73AD, 0x73AD, 0x7BCD, 0x7BCD,
    0x73CD, 0x73CD, 0x73CD, 0x73CD, 0x73CD, 0x73AC, 0x73AC, 0x7BED, 0x840E, 0x840E, 0x7BED, 0x83ED,
    0x840D, 0x7BEC, 0x7BAB, 0x83ED, 0x7BCC, 0x83ED, 0x7BED, 0x7BED, 0x842E, 0x8C4F, 0x8C4F, 0x7BEE,
    0x6B8C, 0x634B, 0x632B, 0x6B6B, 0x7BED, 0x9470, 0xA4F2, 0xAD53, 0xB574, 0xAD53, 0xA512, 0x9CD1,
    0x94B0, 0x9CD1, 0xA532, 0xB593, 0xBDF5, 0xC615, 0xBDF5, 0xBDD5, 0xBDB5, 0xBDD5, 0xB5B4, 0x73AD,
    0x7BEE, 0x8C70, 0x8C70, 0x840F, 0x842F, 0xBDD5, 0xC5F5, 0xC5F5, 0xBDF5, 0xBDD5, 0xBDD5, 0xBDB4,
    0xB594, 0xB594, 0xB594, 0xBDB4, 0xBDD5, 0xBDF5, 0xC5F5, 0xBDF5, 0xBDF5, 0xBDF5, 0xBDF5, 0xBDF5,
    0xBDF5, 0xBDF5, 0xBDF5, 0xBDF5, 0xBDF5, 0xBDF5, 0xBDF5, 0xBDD5, 0xBDD5, 0xBDD5, 0xBDB5, 0xBDD5,
    0x9CF2, 0x634B, 0x8450, 0x8C92, 0x8C91, 0x8471, 0x8C71, 0xAD54, 0xA554, 0x9D13, 0x9D13, 0x9D55,
    0xA597, 0xAE19, 0xBE7B, 0xC6DD, 0xC6FE, 0xC71E, 0xC71E, 0xC71E, 0xC6FE, 0xC6FE, 0xC6FE, 0xC6FE,
    0xC6FE, 0xC6FF, 0xC6FE, 0xBEFE, 0xC6FE, 0xC6FF, 0xC6FE, 0xC6FE, 0xC6FE, 0xC6FF, 0xC6FF, 0xBEFF,
    0xBEFF, 0xBEFF, 0xBEFF, 0xC6FF, 0xC6FF, 0xC6FE, 0xC6FE, 0xC6FE, 0xC71F, 0xC71E, 0xCF3F, 0xA5B8,
    0x5B6E, 0x8492, 0x94F4, 0x8CF4, 0x8CD4, 0x8CF5, 0xB69C, 0xC6FE, 0xC6FE, 0xC6FE, 0xA5F9, 0x73EF,
    0x73CE, 0x8471, 0x9D76, 0xBEBD, 0xBEFE, 0xBEFF, 0xBEDF, 0xBEFF, 0xBEFF, 0xBEFF, 0xBEDE, 0xBEDE,
    0xBEDE, 0xBEDE, 0xBEDE, 0xBEDE, 0xBEDE, 0xBEDE, 0xBEDE, 0xBEDE, 0xBEDE, 0xBEDE, 0xBEDE, 0xBEDE,
    0x9490, 0x9490, 0x9CF1, 0xA512, 0xA532, 0xB594, 0xBDB4, 0xBDB4, 0xBDB4, 0xB593, 0xAD32, 0xA4F1,
    0x948F, 0x8C4E, 0x842E, 0x842D, 0x842E, 0x8C4E, 0x8C4E, 0x8C4E, 0x8C4E, 0x8C4E, 0x8C4E, 0x842E,
    0x83ED, 0x7BED, 0x840E, 0x83ED, 0x7BED, 0x7BCD, 0x73AC, 0x6B6C, 0x6B4B, 0x632B, 0x632A, 0x630A,
    0x5AC9, 0x4A68, 0x4A47, 0x4207, 0x3185, 0x2964, 0x39E6, 0x4A47, 0x52A9, 0x5AE9, 0x630A, 0x632A,
    0x632B, 0x632B, 0x6B4B, 0x6B6B, 0x6B6B, 0x6B6C, 0x6B6C, 0x738C, 0x738C, 0x738C, 0x73AC, 0x738C,
    0x73AC, 0x73AC, 0x73AC, 0x73AD, 0x73AD, 0x73AD, 0x73AD, 0x73AD, 0x73AD, 0x73CD, 0x7BCD, 0x7BCD,
    0x7BCD, 0x7BCD, 0x7BCD, 0x7BCD, 0x7BED, 0x7C0E, 0x840E, 0x842E, 0x8C2F, 0x8C6F, 0x94B0, 0x9CB0,
    0x9CF1, 0xA4F1, 0xA4D0, 0x9CD0, 0x7BAC, 0x6B4A, 0x73AC, 0x73CD, 0x7BCD, 0x73AC, 0x6B6B, 0x634B,
    0x6B6C, 0x7BED, 0x9470, 0xA512, 0xAD53, 0xB594, 0xB553, 0xA512, 0x9CD1, 0x94B0, 0x9CD1, 0xA532,
    0xB594, 0xBDF5, 0xC616, 0xC5F5, 0xBDD5, 0xBDD5, 0xBDD5, 0xBDD5, 0xBDD5, 0xC5F5, 0xBDB4, 0x73AD,
    0x840F, 0x8C70, 0x8C70, 0x840F, 0x844F, 0xBDF5, 0xC5F5, 0xBDD5, 0xBDB4, 0xB594, 0xB594, 0xB594,
    0xB5B4, 0xBDD5, 0xBDD5, 0xBDF5, 0xBDF5, 0xBDF5, 0xC5F5, 0xC5F5, 0xBDF5, 0xBDF5, 0xBDF5, 0xBDF5,
    0xBDD5, 0xBDD5, 0xBDD5, 0xBDD5, 0xBDF5, 0xBDF5, 0xBDD5, 0xBDD5, 0xBDD5, 0xBDD5, 0xBDD5, 0xC5F6,
    0xA4F2, 0x634C, 0x8471, 0x8CB2, 0x8CB2, 0x8471, 0x8492, 0xA576, 0xA5B7, 0xADF8, 0xBE5A, 0xC6BD,
    0xC6FE, 0xC6FE, 0xC71E, 0xC71E, 0xC71E, 0xC71E, 0xC6FE, 0xC6FE, 0xC6FE, 0xC6FE, 0xC6FF, 0xC6FF,
    0xC6FF, 0xC6FF, 0xBEFF, 0xBEFF, 0xBEFE, 0xBEFF, 0xC6FF, 0xC6FE, 0xC6FF, 0xC6FF, 0xC6FF, 0xC6FF,
    0xBEFF, 0xBEFF, 0xC6FF, 0xC6FF, 0xC6FF, 0xC71F, 0xC71E, 0xC71E, 0xC71E, 0xC71E, 0xCF3F, 0x9D97,
    0x636E, 0x8CB3, 0x8CF4, 0x8CF4, 0x8CD4, 0x8D15, 0xB69C, 0xC6FE, 0xC6FE, 0xC6FE, 0xA5F9, 0x73EF,
    0x73CE, 0x8471, 0x9D76, 0xBEBD, 0xBEFE, 0xBEDF, 0xBEFF, 0xBEFF, 0xBEFF, 0xBEFF, 0xBEFF, 0xBEDE,
    0xBEDE, 0xBEDE, 0xBEDE, 0xBEDE, 0xBEDE, 0xBEDE, 0xBEDE, 0xBEDE, 0xBEDE, 0xBEDE, 0xBEDE, 0xBEDE,
    0x8C90, 0x94B0, 0x9490, 0x8C4F, 0x9490, 0x94B0, 0x9CD1, 0xA533, 0xAD73, 0xB594, 0xB5B4, 0xB5B4,
    0xB593, 0xB573, 0xA532, 0x9CD0, 0x948F, 0x8C4E, 0x842D, 0x840D, 0x842E, 0x8C2E, 0x8C2E, 0x8C2E,
    0x840D, 0x7BED, 0x840E, 0x840D, 0x83ED, 0x7BED, 0x7BCD, 0x73AC, 0x6B8C, 0x6B4B, 0x632B, 0x630A,
    0x5AEA, 0x5AC9, 0x52A9, 0x4A68, 0x39E6, 0x4207, 0x5288, 0x52A9, 0x5AE9, 0x5B0A, 0x632A, 0x632B,
    0x6B4B, 0x6B4B, 0x6B4B, 0x6B6B, 0x6B8C, 0x738C, 0x738C, 0x738C, 0x738C, 0x73AD, 0x73AC, 0x73AC,
    0x73AD, 0x73AD, 0x73AD, 0x73AD, 0x73CD, 0x73CD, 0x73CD, 0x73CD, 0x7BCD, 0x73CD, 0x73CD, 0x7BCD,
    0x7BED, 0x7BED, 0x7BED, 0x7BEE, 0x840E, 0x840E, 0x840E, 0x842E, 0x844F, 0x8C4F, 0x9490, 0x9CB0,
    0x9CF1, 0xAD32, 0xAD52, 0xB593, 0xB593, 0x9490, 0x52A8, 0x52A9, 0x5AEA, 0x6B4B, 0x7BCD, 0x946F,
    0xA4F1, 0xAD53, 0xB573, 0xAD53, 0xA512, 0x9CD1, 0x94B1, 0x9CD1, 0xA532, 0xB594, 0xBDD5, 0xC5F5,
    0xC5F5, 0xBDD5, 0xBDD5, 0xBDB5, 0xBDB5, 0xBDD5, 0xBDD5, 0xBDD5, 0xBDD5, 0xC5F5, 0xB594, 0x73AD,
    0x842F, 0x8C70, 0x8C91, 0x842F, 0x844F, 0xB5B5, 0xBDB4, 0xB594, 0xB5B4, 0xBDB4, 0xBDD5, 0xBDD5,
    0xBDD5, 0xBDD5, 0xBDD5, 0xBDD5, 0xBDD5, 0xBDD5, 0xBDD5, 0xBDD5, 0xBDD5, 0xBDD5, 0xBDD5, 0xBDD5,
    0xBDD5, 0xBDD5, 0xBDD5, 0xBDD5, 0xBDD5, 0xBDD5, 0xBDD5, 0xBDD5, 0xBDD5, 0xBDD5, 0xB5B5, 0xB594,
    0x8C70, 0x634C, 0x8C92, 0x8CB2, 0x8CB2, 0x8471, 0x9535, 0xC6BC, 0xC6FD, 0xCEFE, 0xCF1E, 0xC71E,
    0xC71E, 0xC6FE, 0xC6FE, 0xC6FE, 0xC6FE, 0xC6FE, 0xC6FE, 0xC6FF, 0xC6FF, 0xC6FF, 0xC6FF, 0xC6FF,
    0xC6FF, 0xC6FF, 0xBEFF, 0xC6FF, 0xBEFF, 0xBEFF, 0xBEFF, 0xBEFF, 0xBEFE, 0xBEFE, 0xBEFE, 0xC6FF,
    0xC6FF, 0xBEFE, 0xC6FF, 0xC6FF, 0xC6FF, 0xC6FF, 0xC6FE, 0xC71E, 0xC71E, 0xC71E, 0xCF3F, 0x9556,
    0x638E, 0x8CD3, 0x8CF4, 0x8CF4, 0x84B4, 0x8D16, 0xBEBD, 0xC6FE, 0xC6FE, 0xC6FE, 0xA5F9, 0x73EF,
    0x73CE, 0x8471, 0x9D76, 0xBEBD, 0xC6FF, 0xBEDE, 0xBEDF, 0xBEFE, 0xBEFF, 0xBEFF, 0xBEDE, 0xBEDE,
    0xBEDE, 0xBEDE, 0xBEDE, 0xBEDE, 0xBEDE, 0xBEDE, 0xBEDE, 0xBEDE, 0xBEDE, 0xBEDE, 0xBEDE, 0xBEDE,
    0x9490, 0x9490, 0x9490, 0x94B0, 0x9490, 0x8C6F, 0x8C90, 0x8C70, 0x8C4F, 0x94B0, 0x9CF1, 0x9D12,
    0xAD73, 0xB594, 0xB5B4, 0xBDD4, 0xB5B4, 0xAD52, 0xA511, 0x9CB0, 0x8C4E, 0x8C2E, 0x840D, 0x83ED,
    0x840D, 0x7BED, 0x840E, 0x840D, 0x840D, 0x7BED, 0x7BCD, 0x73AC, 0x73AC, 0x6B6C, 0x6B4B, 0x632B,
    0x630A, 0x5AEA, 0x5AC9, 0x52A9, 0x4A68, 0x4A68, 0x52A9, 0x5AEA, 0x630A, 0x632A, 0x634B, 0x6B4B,
    0x6B4B, 0x6B6C, 0x6B6C, 0x738C, 0x738C, 0x73AC, 0x73AC, 0x73AC, 0x73AD, 0x73AD, 0x73AC, 0x73AD,
    0x73AD, 0x73AD, 0x73AD, 0x73AD, 0x73CD, 0x73CD, 0x73CD, 0x73CD, 0x7BCD, 0x83ED, 0x8C4F, 0x94B0,
    0x8C6F, 0x7BED, 0x7BEE, 0x7C0E, 0x7C0E, 0x840E, 0x842E, 0x842E, 0x8C4F, 0x8C6F, 0x9490, 0x9CB0,
    0xA4F1, 0xAD32, 0xAD52, 0xB593, 0xBDF5, 0xAD32, 0x5288, 0x630A, 0x73AC, 0x9490, 0xAD52, 0xB573,
    0xAD53, 0xA512, 0x9CD1, 0x94B0, 0x9CF1, 0xAD33, 0xB594, 0xBDD5, 0xBDF5, 0xBDD5, 0xBDD5, 0xBDB4,
    0xBDB4, 0xBDB5, 0xBDB5, 0xBDB5, 0xBDD5, 0xBDB5, 0xBDD5, 0xBDD5, 0xBDD5, 0xC5F5, 0xAD73, 0x73AD,
    0x8450, 0x8C71, 0x8C91, 0x842F, 0x8C70, 0xBDB5, 0xBDD5, 0xBDD5, 0xBDD5, 0xBDD5, 0xBDD5, 0xBDD5,
    0xBDD5, 0xBDD5, 0xBDD5, 0xBDD5, 0xBDF5, 0xBDD5, 0xBDD5, 0xBDD5, 0xBDD5, 0xBDF5, 0xBDD5, 0xBDD5,
    0xBDD5, 0xBDD5, 0xBDD5, 0xBDD5, 0xBDD5, 0xBDD5, 0xB5B5, 0xB594, 0xAD74, 0xA534, 0x9D34, 0xA575,
    0x8451, 0x636D, 0x8CB2, 0x8CB3, 0x8CB3, 0x7C71, 0x9577, 0xC6FE, 0xC71E, 0xC71E, 0xC71E, 0xC71E,
    0xC6FE, 0xC6FE, 0xC6FF, 0xC6FF, 0xC6FF, 0xC6FF, 0xC6FF, 0xC6FF, 0xC6FF, 0xC6FF, 0xC6FF, 0xC6FF,
    0xBEFF, 0xBEFF, 0xBEFE, 0xC6FF, 0xC6FF, 0xBEFE, 0xBEFE, 0xBEFF, 0xBEFE, 0xBEFE, 0xBEFE, 0xC6FE,
    0xC6FF, 0xC6FF, 0xC6FF, 0xC6FF, 0xC71F, 0xC6FF, 0xC6FF, 0xC71E, 0xC71E, 0xC71E, 0xCF1F, 0x8D15,
    0x638E, 0x8CD4, 0x94F4, 0x9514, 0x8CB4, 0x8D56, 0xBEDD, 0xC6FE, 0xC6FE, 0xC6FE, 0xA5D9, 0x73EF,
    0x73CE, 0x8491, 0xA596, 0xBEDE, 0xC6FF, 0xBEDE, 0xBEFF, 0xBEFF, 0xBEFF, 0xBEFF, 0xBEFF, 0xBEFF,
    0xBEDE, 0xBEDE, 0xBEFF, 0xBEFF, 0xBEFF, 0xBEDE, 0xBEDE, 0xBEDE, 0xBEDE, 0xBEDE, 0xBEDE, 0xBEDE,
    0x9490, 0x94B0, 0x9490, 0x8C6F, 0x8C70, 0x8C90, 0x8C6F, 0x8C4F, 0x8C6F, 0x844F, 0x842F, 0x842F,
    0x844F, 0x844F, 0x94B1, 0xA512, 0xAD73, 0xB594, 0xBDD4, 0xBDB4, 0xB573, 0xAD32, 0xA4F1, 0x948F,
    0x840E, 0x7BED, 0x840E, 0x7BCD, 0x7BED, 0x7BED, 0x7BED, 0x7BCD, 0x73AD, 0x6B8C, 0x6B6C, 0x6B4B,
    0x632B, 0x5AEA, 0x5AEA, 0x52C9, 0x5288, 0x52A8, 0x5AE9, 0x5B0A, 0x632A, 0x6B4B, 0x6B4B, 0x6B4B,
    0x6B6C, 0x6B8C, 0x738C, 0x73AC, 0x73AC, 0x73AC, 0x73AD, 0x73AC, 0x73AC, 0x73AD, 0x73AD, 0x73AD,
    0x73AD, 0x73CD, 0x73AD, 0x73AD, 0x73AD, 0x73CD, 0x7BEE, 0x8C4E, 0x9CB0, 0xA512, 0xAD73, 0xB573,
    0x94B0, 0x7BCD, 0x7BEE, 0x7BEE, 0x7BEE, 0x840E, 0x842E, 0x844E, 0x8C4F, 0x8C6F, 0x94B0, 0x9CD0,
    0xA4F1, 0xA532, 0xAD52, 0xB593, 0xBDF5, 0xAD32, 0x6B4B, 0x738C, 0x7BED, 0x94B0, 0xA4F1, 0x9CB0,
    0x9CB1, 0xA4F1, 0xAD53, 0xB594, 0xBDD5, 0xBDD5, 0xBDD5, 0xBDB5, 0xBDB5, 0xBDB5, 0xBDB5, 0xBDD5,
    0xBDB5, 0xBDD5, 0xBDD5, 0xBDD5, 0xBDB5, 0xBDB5, 0xBDB5, 0xBDD5, 0xBDB5, 0xBDD5, 0xAD33, 0x73AC,
    0x8C50, 0x8C91, 0x8C91, 0x842F, 0x94D1, 0xBDF5, 0xBDD5, 0xBDD5, 0xBDD5, 0xBDD5, 0xBDD5, 0xBDD5,
    0xBDD5, 0xBDD5, 0xBDD5, 0xBDD5, 0xBDD5, 0xBDD5, 0xBDD5, 0xBDD5, 0xC5F5, 0xC5F6, 0xBDF6, 0xC5F6,
    0xC5F6, 0xC616, 0xC5F6, 0xBDD5, 0xB594, 0xA554, 0x9D33, 0x9D34, 0xA576, 0xADF8, 0xBE5B, 0xC6DD,
    0xA597, 0x638E, 0x8CB2, 0x8CB3, 0x8CD3, 0x7C72, 0x9D98, 0xC71E, 0xC71E, 0xC71E, 0xC6FE, 0xC6FE,
    0xC6FF, 0xC6FF, 0xC6FF, 0xC6FF, 0xC6FF, 0xC6FF, 0xC6FF, 0xC6FF, 0xC6FF, 0xBEFF, 0xC6FF, 0xC6FF,
    0xBEFE, 0xBEFE, 0xBEFE, 0xBEFE, 0xBEFE, 0xBEFE, 0xBEFE, 0xBEFE, 0xBEFE, 0xBEFE, 0xBEFF, 0xC6FF,
    0xC6FE, 0xC6FE, 0xC6FE, 0xC6FE, 0xC71E, 0xC6FE, 0xC71F, 0xC6FE, 0xC71E, 0xC71E, 0xC71E, 0x8CF4,
    0x638E, 0x94F4, 0x94F4, 0x94F4, 0x84D4, 0x9577, 0xC6DD, 0xC6FE, 0xC6FE, 0xC6FE, 0xA5D9, 0x73EF,
    0x73CE, 0x8491, 0xA597, 0xBEDE, 0xC6FF, 0xBEDF, 0xBEFF, 0xBEFF, 0xBEFF, 0xBEFF, 0xBEDF, 0xBEFE,
    0xBEDE, 0xBEDE, 0xBEFF, 0xBEFF, 0xBEFF, 0xBEFF, 0xBEFF, 0xBEDE, 0xBEDE, 0xBEDE, 0xBEDE, 0xBEDE,
    0x8C4F, 0x8C6F, 0x8C90, 0x8C6F, 0x8C4F, 0x8C4F, 0x8C4F, 0x8C4F, 0x842F, 0x842F, 0x842F, 0x840E,
    0x7BEE, 0x7BEE, 0x7BCD, 0x7BCD, 0x7C0E, 0x842E, 0x8C90, 0x9CF1, 0xAD53, 0xB593, 0xB594, 0xB593,
    0x9490, 0x7BCC, 0x8C4F, 0x8C4E, 0x83ED, 0x7BCC, 0x73AC, 0x738C, 0x73AC, 0x738C, 0x738C, 0x6B6C,
    0x6B4B, 0x630A, 0x5AEA, 0x5AC9, 0x52A8, 0x52A9, 0x5B0A, 0x632A, 0x634B, 0x6B4B, 0x6B6B, 0x6B6C,
    0x738C, 0x73AC, 0x73AC, 0x73AC, 0x73AD, 0x73AD, 0x73AD, 0x73CD, 0x73AD, 0x73AD, 0x73AD, 0x73AD,
    0x73AD, 0x73AD, 0x7BAD, 0x7BED, 0x840E, 0x9490, 0xA511, 0xAD53, 0xB573, 0xB573, 0xAD52, 0xAD52,
    0x8C6F, 0x7BCD, 0x7BEE, 0x7BEE, 0x840E, 0x840E, 0x842E, 0x844F, 0x8C4F, 0x8C6F, 0x94B0, 0x9CD0,
    0xA511, 0xA532, 0xAD53, 0xB594, 0xC5F5, 0xAD53, 0x7BCD, 0x7BCD, 0x634B, 0x7BED, 0x9CD1, 0xA532,
    0xB594, 0xBDD5, 0xBDD5, 0xBDD5, 0xBDB5, 0xBDB5, 0xBDD5, 0xBDD5, 0xBDD5, 0xBDD5, 0xBDB5, 0xBDB5,
    0xBDB5, 0xBDB5, 0xBDB5, 0xB5B5, 0xB5B4, 0xBDB5, 0xBDB5, 0xBDB5, 0xBDB5, 0xBDF5, 0xA532, 0x73AD,
    0x8C70, 0x8C91, 0x8C91, 0x842F, 0x9CD2, 0xBDF5, 0xBDD5, 0xBDD5, 0xBDD5, 0xBDD5, 0xBDD5, 0xBDD5,
    0xBDD5, 0xBDB5, 0xBDD5, 0xBDD5, 0xBDD5, 0xBDB5, 0xBDD5, 0xBDF5, 0xC5F5, 0xC5F5, 0xC5F6, 0xBDD5,
    0xB594, 0xAD74, 0xA554, 0xA554, 0xA575, 0xADD8, 0xB63A, 0xBE9C, 0xC6DD, 0xCF1E, 0xCF3E, 0xCF5F,
    0x9D97, 0x638E, 0x8CD3, 0x8CB3, 0x8CB3, 0x7C92, 0x9DB8, 0xC71E, 0xC71E, 0xC71E, 0xC71E, 0xC6FE,
    0xC71E, 0xC71F, 0xC6FE, 0xC6FF, 0xC6FF, 0xC6FF, 0xC6FF, 0xC6FF, 0xC6FF, 0xC6FF, 0xC6FF, 0xBEFE,
    0xC6FF, 0xC6FF, 0xBEFE, 0xBEFE, 0xBEFE, 0xBEFE, 0xBEFE, 0xBEFE, 0xBEFE, 0xC6FF, 0xC6FE, 0xC6FE,
    0xC6FE, 0xC6FE, 0xC6FE, 0xC71E, 0xC71E, 0xC71E, 0xC71E, 0xC71E, 0xC71E, 0xC71E, 0xC6FE, 0x84B3,
    0x6BAF, 0x94F4, 0x94F4, 0x94F4, 0x84D4, 0x9577, 0xBEDD, 0xC6FE, 0xC6FE, 0xC6FE, 0x9DB8, 0x73EF,
    0x73CE, 0x8CB2, 0xA5B7, 0xBEDE, 0xBEFF, 0xBEFE, 0xBEFF, 0xBEFF, 0xC6FF, 0xC6FF, 0xBEFF, 0xBEDE,
    0xBEFF, 0xBEFF, 0xBEFF, 0xBEFF, 0xBEFF, 0xBEFF, 0xBEFF, 0xBEFE, 0xBEDE, 0xBEDE, 0xBEDE, 0xBEDE,
    0x844E, 0x8C4F, 0x844F, 0x8C4F, 0x8C4F, 0x842F, 0x842E, 0x842E, 0x840E, 0x840E, 0x7C0E, 0x7BEE,
    0x7BED, 0x73CD, 0x73CD, 0x73AD, 0x6B8C, 0x6B6C, 0x6B6B, 0x6B6C, 0x73AC, 0x7BEE, 0x8C6F, 0x9CF1,
    0x8C6F, 0x7BAC, 0x9CB0, 0xB593, 0xAD52, 0xA4F1, 0x948F, 0x840E, 0x73AC, 0x6B8C, 0x6B6C, 0x6B4B,
    0x632B, 0x630A, 0x5AEA, 0x5AE9, 0x52A9, 0x5AC9, 0x630A, 0x6B4B, 0x6B4B, 0x6B6B, 0x738C, 0x738C,
    0x73AC, 0x73AD, 0x73AD, 0x73CD, 0x73AD, 0x73CD, 0x73CD, 0x73CD, 0x73CD, 0x73AD, 0x73AD, 0x73AD,
    0x7BCD, 0x840E, 0x8C6F, 0x9CB0, 0xA4F1, 0xAD32, 0xAD53, 0xAD53, 0xAD52, 0xA532, 0xA511, 0x94B0,
    0x842E, 0x7BED, 0x7BEE, 0x7BEE, 0x840E, 0x840E, 0x842E, 0x844F, 0x8C4F, 0x8C6F, 0x94B0, 0x9CD0,
    0xA511, 0xA532, 0xAD73, 0xB5B4, 0xC615, 0xAD53, 0x842E, 0x844F, 0x73AD, 0x9CD1, 0xBDD4, 0xB593,
    0xAD53, 0xAD53, 0xAD53, 0xB573, 0xB594, 0xB594, 0xAD74, 0xAD73, 0xAD74, 0xB594, 0xAD73, 0xA553,
    0xB594, 0xB5B4, 0xB594, 0xB594, 0xB594, 0xB5B5, 0xBDB5, 0xBDB5, 0xB5B5, 0xBDF6, 0xA512, 0x73AD,
    0x8C91, 0x8C91, 0x8C91, 0x8450, 0x9CF2, 0xBDD5, 0xBDD5, 0xBDD5, 0xBDD5, 0xBDD5, 0xBDD5, 0xBDD5,
    0xBDD5, 0xBDD5, 0xBDD5, 0xBDD5, 0xC5F5, 0xC5F5, 0xC5F5, 0xBDD5, 0xB5B5, 0xAD74, 0xA534, 0x9D34,
    0x9D55, 0xA5B7, 0xB619, 0xBE7B, 0xC6DC, 0xCEFE, 0xCF1F, 0xCF3F, 0xCF3F, 0xCF3F, 0xCF3E, 0xCF3F,
    0x9556, 0x63AE, 0x94D3, 0x8CB3, 0x8CB3, 0x8493, 0xA5D9, 0xC71E, 0xC71E, 0xC71E, 0xC71E, 0xC6FE,
    0xC71F, 0xC71F, 0xC6FE, 0xC6FE, 0xC6FF, 0xC6FF, 0xC6FF, 0xC6FF, 0xC71F, 0xC6FF, 0xC6FF, 0xC6FF,
    0xC6FF, 0xBEFF, 0xBEFE, 0xBEFE, 0xBEFE, 0xBEFE, 0xBEFE, 0xBEFE, 0xBEFF, 0xC6FF, 0xC6FE, 0xC6FE,
    0xC6FE, 0xC6FE, 0xC6FE, 0xC6FE, 0xC6FE, 0xC71E, 0xC71E, 0xC71E, 0xC71E, 0xC71E, 0xC6FD, 0x7C93,
    0x6BCF, 0x9514, 0x94F4, 0x9514, 0x84D4, 0x9D98, 0xC6FE, 0xC6FE, 0xC6FE, 0xC6FE, 0x9DB8, 0x73EF,
    0x73EE, 0x8CB2, 0xA5B7, 0xBEDE, 0xBEFE, 0xBEFE, 0xBEDE, 0xC6FE, 0xC6FF, 0xC6FF, 0xC6FF, 0xBEFF,
    0xBEFF, 0xBEFF, 0xBEDF, 0xBEFF, 0xBEFF, 0xBEFF, 0xBEFF, 0xBEFF, 0xBEDE, 0xBEDE, 0xBEDE, 0xBEDE,
    0x840E, 0x840E, 0x840E, 0x840E, 0x840E, 0x840E, 0x7C0E, 0x7BEE, 0x7BEE, 0x7BED, 0x7BED, 0x7BCD,
    0x73CD, 0x73AD, 0x73AD, 0x6B8C, 0x6B8C, 0x6B6C, 0x634B, 0x632B, 0x630A, 0x5AEA, 0x5AEA, 0x5AEA,
    0x6B6C, 0x7BCD, 0x8C4F, 0x9CF2, 0xAD53, 0xB594, 0xAD93, 0xAD53, 0x9CF1, 0x8C90, 0x840E, 0x73AC,
    0x6B4B, 0x630A, 0x5AC9, 0x5AC9, 0x52A9, 0x5AEA, 0x632B, 0x6B4B, 0x6B6C, 0x738C, 0x73AC, 0x738C,
    0x73AD, 0x73AD, 0x73AD, 0x7BCD, 0x7BCD, 0x73CD, 0x73AD, 0x73AD, 0x73AC, 0x7BCD, 0x840E, 0x948F,
    0x9CD1, 0x9CF1, 0xA4F1, 0xA4F1, 0xA511, 0xA532, 0xA532, 0xA512, 0x94B0, 0x8C6F, 0x842F, 0x840E,
    0x7BEE, 0x7BED, 0x7BEE, 0x7BEE, 0x7BEE, 0x840E, 0x842E, 0x844F, 0x8C4F, 0x8C6F, 0x94B0, 0x9CD1,
    0xA512, 0xA532, 0xAD73, 0xB5B4, 0xC616, 0xAD53, 0x8C4F, 0x8C6F, 0x7BEE, 0xA532, 0xBDD5, 0xB594,
    0xAD73, 0xB574, 0xB574, 0xB594, 0xB594, 0xA553, 0x9CF2, 0x9CF1, 0xA533, 0xAD53, 0x9CF2, 0x9CF1,
    0xAD74, 0xB594, 0xAD74, 0xB594, 0xB5B5, 0xB5B4, 0xB594, 0xB594, 0xAD74, 0xB594, 0x94B1, 0x73AD,
    0x8C91, 0x8C91, 0x8C91, 0x8450, 0xA533, 0xC5F6, 0xBDD5, 0xBDF5, 0xBDD5, 0xBDD5, 0xBDD5, 0xBDD5,
    0xBDD5, 0xBDD5, 0xBDF5, 0xBDF5, 0xB5B5, 0xAD94, 0xAD54, 0xA534, 0x9D34, 0xA576, 0xADD8, 0xB65A,
    0xC6BC, 0xC6FE, 0xCF3E, 0xCF3F, 0xCF3F, 0xCF1E, 0xCF3E, 0xCF3E, 0xCF3E, 0xCF3E, 0xCF3F, 0xCF3F,
    0x8D36, 0x63AF, 0x94F3, 0x8CB3, 0x8CB3, 0x8493, 0xA5FA, 0xC71F, 0xC71E, 0xC71E, 0xC71E, 0xC6FE,
    0xC71F, 0xC71F, 0xC6FE, 0xC6FE, 0xC6FF, 0xC6FE, 0xC6FF, 0xC6FF, 0xC6FF, 0xC6FF, 0xC6FF, 0xC6FF,
    0xC6FE, 0xC6FF, 0xBEFF, 0xBEFE, 0xBEFE, 0xBEFE, 0xC6FE, 0xC6FE, 0xBEFF, 0xC6FF, 0xC6FE, 0xC6FE,
    0xC6FE, 0xC6FE, 0xC6FE, 0xC6FE, 0xC6FE, 0xC71E, 0xC71E, 0xC71E, 0xC71E, 0xC71E, 0xBEDD, 0x7452,
    0x73F0, 0x9514, 0x8CF4, 0x8D15, 0x84D4, 0x9DB8, 0xC6FE, 0xC6FE, 0xC6FE, 0xC6FE, 0x9D98, 0x73CF,
    0x7BEE, 0x8CB2, 0xA5B8, 0xC6FE, 0xC6FE, 0xBEFE, 0xC6FF, 0xC6FF, 0xC6FE, 0xC6FE, 0xC6FE, 0xC6DE,
    0xC6FF, 0xC6FF, 0xC6FF, 0xBEFF, 0xBEFF, 0xBEFF, 0xBEFF, 0xBEFF, 0xBEFF, 0xBEDE, 0xBEDE, 0xBEDE,
    0x7BCD, 0x7BCD, 0x7BCD, 0x7BCD, 0x7BCD, 0x73CD, 0x73CD, 0x73CD, 0x73CD, 0x73CD, 0x73AD, 0x73AC,
    0x738C, 0x738C, 0x6B8C, 0x6B6C, 0x6B4B, 0x632B, 0x632A, 0x5B0A, 0x5AEA, 0x52A9, 0x4A68, 0x4A47,
    0x6B4B, 0x7BCD, 0x7BED, 0x632B, 0x6B6B, 0x7C0E, 0x8C90, 0x9CF1, 0xA512, 0xA512, 0x9CF1, 0x94B0,
    0x8C4F, 0x73AD, 0x632B, 0x5AC9, 0x52A9, 0x630A, 0x6B4B, 0x6B6C, 0x738C, 0x73AC, 0x73AC, 0x73AD,
    0x73AD, 0x73AD, 0x73CD, 0x73CD, 0x73AD, 0x73AD, 0x73CD, 0x7BED, 0x8C4F, 0x9CD0, 0xA532, 0xAD52,
    0xAD32, 0xA4F1, 0x9CD1, 0x9CD1, 0x94D1, 0x9490, 0x8C6F, 0x842E, 0x7C0E, 0x7BEE, 0x7BED, 0x73AD,
    0x7BCD, 0x7BEE, 0x7BEE, 0x7BEE, 0x7BEE, 0x840E, 0x842E, 0x842F, 0x8C4F, 0x8C70, 0x94B0, 0x9CD1,
    0xA512, 0xA532, 0xAD73, 0xB5D5, 0xC616, 0xA533, 0x8C6F, 0x8C70, 0x7C0E, 0xA553, 0xBDD5, 0xB594,
    0xB594, 0xB594, 0xB5B5, 0xBDD5, 0xB5D5, 0xB594, 0xAD74, 0xAD74, 0xB594, 0xB594, 0xAD74, 0xB594,
    0xB5B5, 0xB5B4, 0xB594, 0xB594, 0xAD94, 0xAD74, 0xAD74, 0xAD73, 0xAD73, 0xB594, 0x9490, 0x73CE,
    0x8CB2, 0x8CB1, 0x8C91, 0x8471, 0xA574, 0xC616, 0xBDF6, 0xBDF6, 0xBDF6, 0xBDF5, 0xBDF6, 0xBDD6,
    0xB5B5, 0xAD74, 0xA554, 0x9D33, 0x9D14, 0x9D55, 0xA5B7, 0xB639, 0xBE9C, 0xC6FD, 0xCF1E, 0xCF3F,
    0xCF3F, 0xCF3E, 0xCF3E, 0xC73E, 0xCF3E, 0xCF3F, 0xCF3F, 0xCF3F, 0xCF3E, 0xCF3E, 0xCF3E, 0xCF3F,
    0x8CF5, 0x6BCF, 0x94D3, 0x8CB3, 0x8CB3, 0x84B3, 0xAE1A, 0xCF1F, 0xCF1E, 0xC71E, 0xC6FE, 0xC71E,
    0xC71E, 0xC6FE, 0xC71E, 0xC71E, 0xC6FE, 0xC6FE, 0xC6FE, 0xC6FE, 0xC6FE, 0xC6FE, 0xC6FF, 0xC6FF,
    0xC6FF, 0xC6FF, 0xC6FF, 0xC6FF, 0xC6FF, 0xC6FF, 0xC6FE, 0xC6FE, 0xC6FF, 0xC6FE, 0xC6FE, 0xC6FE,
    0xC6FE, 0xC6FE, 0xC6FE, 0xC6FE, 0xC6FE, 0xC6FE, 0xC6FE, 0xC6FE, 0xC6FE, 0xC71E, 0xBEBD, 0x7431,
    0x7410, 0x9515, 0x8CF4, 0x8D15, 0x84D4, 0xA5D9, 0xC6FE, 0xC6FE, 0xC71E, 0xC6FE, 0x9D98, 0x73CF,
    0x7BEF, 0x8CB2, 0xA5B8, 0xC6DE, 0xC6FE, 0xBEFE, 0xBEFF, 0xC6FF, 0xC6FF, 0xC6DE, 0xC6FE, 0xC6FE,
    0xC6FF, 0xC6FE, 0xC6FE, 0xC6FF, 0xC6FF, 0xBEFE, 0xBEFE, 0xBEFF, 0xBEDE, 0xBEDE, 0xBEDE, 0xBEDE,
    0x6B6B, 0x632B, 0x6B6B, 0x6B6B, 0x6B6C, 0x6B8C, 0x6B8C, 0x6B8C, 0x738C, 0x6B8C, 0x6B6C, 0x6B6C,
    0x6B6C, 0x6B4B, 0x634B, 0x634B, 0x632A, 0x5B0A, 0x5AC9, 0x5289, 0x4A48, 0x4A47, 0x4A88, 0x5AC9,
    0x6B6B, 0x7BCD, 0x7C0E, 0x632B, 0x5AE9, 0x5B0A, 0x632A, 0x6B6B, 0x73AC, 0x7BED, 0x842E, 0x844F,
    0x842E, 0x73AD, 0x6B4B, 0x5AEA, 0x5AEA, 0x6B6B, 0x738C, 0x738C, 0x73AC, 0x73AD, 0x73AD, 0x73AD,
    0x73AD, 0x73AC, 0x73AC, 0x7BCD, 0x83EE, 0x8C6F, 0x9CD0, 0xAD32, 0xB573, 0xB573, 0xAD52, 0xA532,
    0x9CF1, 0x94B0, 0x8C70, 0x842F, 0x7C0E, 0x7BEE, 0x7BEE, 0x7BEE, 0x73AD, 0x6B4B, 0x5AEA, 0x5AEA,
    0x73AD, 0x7BEE, 0x7BCE, 0x7BEE, 0x7C0E, 0x840E, 0x842E, 0x842F, 0x8C4F, 0x8C90, 0x94B0, 0x9CF1,
    0xA532, 0xA552, 0xAD94, 0xBDD5, 0xC616, 0xA533, 0x8C70, 0x8C70, 0x840E, 0xA533, 0xB5B4, 0xAD73,
    0xAD74, 0xB594, 0xB5B5, 0xB5B5, 0xB5B4, 0xAD94, 0xAD74, 0xAD53, 0xAD74, 0xB594, 0xB5B5, 0xBDF6,
    0xC616, 0xC616, 0xC5F6, 0xBDF6, 0xBDF6, 0xBDD5, 0xBDD5, 0xB5D5, 0xB5B5, 0xBDD5, 0x94B1, 0x73EE,
    0x94B2, 0x8CB2, 0x8CB2, 0x8C91, 0xAD74, 0xBDD5, 0xBDD5, 0xB5D5, 0xB5B5, 0xAD94, 0xAD95, 0xAD95,
    0xAD95, 0xA596, 0xADB7, 0xB619, 0xBE7B, 0xC6DD, 0xCF1E, 0xCF3F, 0xCF3F, 0xCF3F, 0xCF3F, 0xCF3F,
    0xCF1E, 0xCF3E, 0xCF3E, 0xCF3E, 0xCF3F, 0xCF1F, 0xC71F, 0xC71F, 0xC71F, 0xCF3F, 0xCF3F, 0xCF3F,
    0x84D4, 0x6BCF, 0x94F3, 0x8CB3, 0x8CD3, 0x84B4, 0xAE3B, 0xCF3F, 0xC71E, 0xC71E, 0xC71E, 0xC71E,
    0xC6FE, 0xC6FE, 0xC71E, 0xC71E, 0xC71E, 0xC71E, 0xC71E, 0xC71E, 0xC6FE, 0xC6FE, 0xC6FF, 0xBEFF,
    0xBEFF, 0xC6FF, 0xC6FE, 0xC6FE, 0xC6FF, 0xC6FE, 0xC6FE, 0xC6FE, 0xC6FE, 0xC6FE, 0xC6FE, 0xC6FE,
    0xC6FE, 0xC6FE, 0xC6FE, 0xC6FE, 0xC6FE, 0xC6FE, 0xC6FE, 0xC6FE, 0xC6FE, 0xC71F, 0xBE9C, 0x6C11,
    0x7C30, 0x9515, 0x8CF4, 0x8CF4, 0x84D4, 0xA61A, 0xC71E, 0xC71E, 0xC6FE, 0xC6FE, 0x9597, 0x73CF,
    0x7BEF, 0x8CB2, 0xA5B8, 0xC6FE, 0xC6FE, 0xC6FE, 0xC6FF, 0xC6FF, 0xC6FE, 0xC6FE, 0xC6FE, 0xC6FE,
    0xC6FE, 0xC6FE, 0xC6FE, 0xC6FF, 0xC6FF, 0xC6FE, 0xC6FF, 0xC6FF, 0xC6FF, 0xC6FF, 0xC6FF, 0xC6DF,
    0x6B4B, 0x630A, 0x630A, 0x52A8, 0x5AE9, 0x5AC9, 0x5AEA, 0x632A, 0x632B, 0x634B, 0x634B, 0x634B,
    0x632B, 0x632B, 0x630A, 0x5AEA, 0x52A9, 0x4A68, 0x4A47, 0x4A47, 0x5288, 0x5AE9, 0x5B0A, 0x630A,
    0x6B6C, 0x7BED, 0x842E, 0x6B6B, 0x632B, 0x6B4B, 0x6B4B, 0x6B4B, 0x6B4B, 0x6B4B, 0x6B6B, 0x6B6C,
    0x6B6C, 0x6B4B, 0x634B, 0x632B, 0x6B6B, 0x73AD, 0x73AD, 0x73AD, 0x73AD, 0x73AD, 0x73AD, 0x73AD,
    0x73AD, 0x7BCD, 0x842E, 0x9CB0, 0xAD32, 0xB573, 0xB593, 0xB573, 0xAD53, 0xA512, 0x9CD1, 0x8C90,
    0x842E, 0x7BED, 0x7BCD, 0x73CD, 0x73CD, 0x73AD, 0x6B6C, 0x630A, 0x5AEA, 0x632B, 0x73AD, 0x8C4F,
    0x840E, 0x7BCD, 0x7BEE, 0x7BEE, 0x7BEE, 0x840E, 0x842E, 0x844F, 0x8C4F, 0x8C90, 0x94B0, 0x9CF1,
    0xA512, 0xAD53, 0xAD94, 0xBDD5, 0xC637, 0xA533, 0x8C70, 0x8C90, 0x842F, 0xAD74, 0xBDF5, 0xBDB5,
    0xBDB5, 0xBDD5, 0xBDF5, 0xC5F6, 0xBDF5, 0xB5B5, 0xB5B4, 0xB5B5, 0xBDD5, 0xBDF6, 0xBDF6, 0xC616,
    0xC616, 0xC616, 0xBE16, 0xBE16, 0xBE16, 0xC616, 0xC616, 0xC616, 0xC616, 0xC636, 0x94D1, 0x7BEE,
    0x94D2, 0x8CB2, 0x8CB2, 0x8C91, 0xAD95, 0xBDD6, 0xB595, 0xAD95, 0xA575, 0xA576, 0xADB7, 0xB619,
    0xBE7B, 0xC6DD, 0xCF1E, 0xCF3E, 0xCF3F, 0xCF3F, 0xCF3F, 0xCF3F, 0xCF3F, 0xCF3F, 0xCF3F, 0xCF1F,
    0xCF1F, 0xCF1F, 0xCF3F, 0xCF3F, 0xC71F, 0xC71E, 0xC71E, 0xC71F, 0xC71F, 0xCF1F, 0xCF3F, 0xCF1E,
    0x7C93, 0x73F0, 0x94D3, 0x8CD3, 0x8CB3, 0x84B4, 0xB65B, 0xCF3F, 0xC71E, 0xC71E, 0xC71E, 0xC6FE,
    0xC71E, 0xC71E, 0xC71E, 0xC71E, 0xC71E, 0xC6FE, 0xC71E, 0xC71E, 0xC71E, 0xC6FE, 0xC6FE, 0xC6FF,
    0xC6FF, 0xC6FF, 0xC6FE, 0xC6FE, 0xC6FE, 0xC6FE, 0xC6FE, 0xC6FE, 0xC6FE, 0xC6FE, 0xC6FE, 0xC6FE,
    0xC6FE, 0xC6FE, 0xC6FE, 0xC6FE, 0xC6FE, 0xC6FE, 0xC6FE, 0xC6FE, 0xC71E, 0xC71F, 0xB67C, 0x6BF0,
    0x7C51, 0x9515, 0x94F4, 0x8D15, 0x84D5, 0xAE3A, 0xC71E, 0xC71E, 0xC71E, 0xC6FE, 0x9597, 0x73CE,
    0x7BEE, 0x8CB2, 0xADD8, 0xC6FE, 0xC6FE, 0xC6FF, 0xC6FF, 0xC6FF, 0xC6FF, 0xC6FE, 0xC6FE, 0xC6FE,
    0xC6FF, 0xC6FE, 0xC6FE, 0xC6FF, 0xC6FF, 0xC6FF, 0xC6FF, 0xC6FF, 0xC6FF, 0xC6FF, 0xC6FF, 0xC6DF,
    0x7BCC, 0x73AC, 0x6B4B, 0x630A, 0x5AEA, 0x5288, 0x52A9, 0x4A68, 0x5288, 0x52A9, 0x52A9, 0x5AC9,
    0x5AEA, 0x52A9, 0x5288, 0x4A47, 0x4A47, 0x4A68, 0x52A9, 0x5AE9, 0x5B0A, 0x630A, 0x632A, 0x632A,
    0x6B6C, 0x7BED, 0x842F, 0x738C, 0x634B, 0x6B4B, 0x6B6C, 0x6B6C, 0x6B6C, 0x6B8C, 0x6B6C, 0x6B8C,
    0x738C, 0x738C, 0x73AC, 0x73AC, 0x73AD, 0x73AD, 0x73CD, 0x73CD, 0x73CD, 0x73CD, 0x7BCD, 0x842E,
    0x9490, 0xA511, 0xAD53, 0xB573, 0xB573, 0xAD52, 0xA532, 0x9CF1, 0x94B0, 0x842F, 0x7BEE, 0x73CD,
    0x73AD, 0x738D, 0x6B6B, 0x632B, 0x5B0A, 0x5AEA, 0x632B, 0x73CD, 0x8C6F, 0xA512, 0xB593, 0xB593,
    0x842F, 0x7BCD, 0x7BEE, 0x7BEE, 0x7BEE, 0x840E, 0x842E, 0x844F, 0x8C6F, 0x9490, 0x94B1, 0x9CF1,
    0xA512, 0xAD53, 0xB594, 0xBDF6, 0xC657, 0xA533, 0x8C91, 0x8C91, 0x8C50, 0xBDD5, 0xCE57, 0xC636,
    0xC636, 0xCE36, 0xCE37, 0xCE57, 0xCE37, 0xC636, 0xC616, 0xC616, 0xC637, 0xC636, 0xC616, 0xC616,
    0xC616, 0xC616, 0xBE16, 0xBE16, 0xBE16, 0xC616, 0xC616, 0xC616, 0xC616, 0xC616, 0x94B1, 0x7C0F,
    0x94F3, 0x8CD3, 0x8CB3, 0x8CB2, 0xA575, 0xA596, 0xADB7, 0xB619, 0xBE7B, 0xC6BC, 0xCEFD, 0xCF3E,
    0xCF5F, 0xCF5F, 0xCF5E, 0xCF3E, 0xCF3E, 0xCF3E, 0xCF3F, 0xCF3F, 0xCF1F, 0xCF1F, 0xCF3F, 0xC71F,
    0xC71F, 0xC71E, 0xC71F, 0xC71F, 0xC71F, 0xC71E, 0xC71F, 0xC71E, 0xC71F, 0xCF1E, 0xCF3E, 0xC71E,
    0x7C73, 0x7430, 0x94F4, 0x8CD3, 0x8CB3, 0x84D4, 0xB67C, 0xCF3F, 0xC71E, 0xC71E, 0xC71E, 0xC6FE,
    0xC6FE, 0xC71E, 0xC71E, 0xC71E, 0xC71E, 0xC6FE, 0xC6FE, 0xC6FE, 0xC6FE, 0xC6FE, 0xC6FE, 0xC6FE,
    0xC6FE, 0xC6FE, 0xC6FE, 0xC6FE, 0xC6FE, 0xC6FE, 0xC6FE, 0xC6FE, 0xC6FE, 0xC6FE, 0xC6FE, 0xC6FE,
    0xC71E, 0xC6FE, 0xC6FE, 0xC6FE, 0xC6FE, 0xC6FE, 0xC71E, 0xC71E, 0xC71E, 0xCF1F, 0xB65B, 0x6BD0,
    0x8472, 0x9515, 0x8CF4, 0x8D15, 0x84F5, 0xAE5B, 0xC71E, 0xC71E, 0xC71E, 0xC6FE, 0x9577, 0x73CE,
    0x7BEF, 0x8CD2, 0xADD8, 0xC6FE, 0xC6FE, 0xC6FE, 0xC6FF, 0xC6FE, 0xC6FF, 0xC6FF, 0xC6FF, 0xC6FE,
    0xC6FF, 0xC6FF, 0xC6FE, 0xC6FE, 0xC6FF, 0xC6FF, 0xC6FF, 0xC6FF, 0xC6FF, 0xC6FF, 0xC6DF, 0xC6DF,
    0x7BCC, 0x73AC, 0x738C, 0x6B6C, 0x6B4B, 0x632B, 0x5AEA, 0x52A9, 0x5288, 0x4A47, 0x4226, 0x4227,
    0x39C6, 0x39E6, 0x4227, 0x4A47, 0x52A8, 0x5AC9, 0x5B0A, 0x630A, 0x632A, 0x632B, 0x632B, 0x632A,
    0x6B6C, 0x7BED, 0x8C4F, 0x73CD, 0x6B6B, 0x6B6C, 0x6B6C, 0x738C, 0x738C, 0x738C, 0x738C, 0x738C,
    0x73AD, 0x73AC, 0x73AC, 0x73CD, 0x73CD, 0x73AD, 0x73CD, 0x7BCD, 0x840E, 0x8C6F, 0x9CF1, 0xAD53,
    0xB573, 0xAD73, 0xAD53, 0xA532, 0x9CF1, 0x94B0, 0x8C4F, 0x7BEE, 0x73CD, 0x73AD, 0x6B8C, 0x634B,
    0x630A, 0x52C9, 0x52A9, 0x5AEA, 0x632B, 0x73AD, 0xA512, 0xB593, 0xB5B4, 0xB594, 0xAD73, 0xA511,
    0x840E, 0x7BCD, 0x7BEE, 0x7BEE, 0x7BEE, 0x840E, 0x842E, 0x842F, 0x8C6F, 0x9490, 0x94D1, 0x9CF2,
    0xA532, 0xAD53, 0xB5B5, 0xBDF6, 0xC657, 0xA533, 0x8CB1, 0x9491, 0x8C91, 0xBDF5, 0xCE57, 0xCE57,
    0xCE57, 0xCE57, 0xCE57, 0xCE57, 0xCE57, 0xC657, 0xC657, 0xCE57, 0xC657, 0xC637, 0xC636, 0xC637,
    0xC637, 0xC616, 0xC616, 0xC616, 0xC616, 0xC616, 0xC616, 0xC616, 0xC616, 0xBDF6, 0x8C70, 0x7C30,
    0x94F3, 0x8CD3, 0x8CD3, 0x9515, 0xB63A, 0xC6BC, 0xCEFD, 0xCF1E, 0xCF3E, 0xCF5E, 0xCF5E, 0xCF5F,
    0xCF3F, 0xCF3E, 0xCF3E, 0xCF3E, 0xCF3E, 0xCF3E, 0xCF1E, 0xC71E, 0xCF1F, 0xCF1F, 0xC71F, 0xC71F,
    0xC71F, 0xC71F, 0xC71E, 0xC71E, 0xC71E, 0xC71E, 0xC71F, 0xC71F, 0xC71F, 0xC71F, 0xCF3F, 0xC6FE,
    0x7452, 0x7C51, 0x94F4, 0x8CD3, 0x8CB3, 0x84F4, 0xBE9C, 0xCF3F, 0xC71E, 0xC71E, 0xC71E, 0xC6FE,
    0xC6FE, 0xC71E, 0xC71E, 0xC71E, 0xC71E, 0xC6FE, 0xC6FE, 0xC6FE, 0xC6FE, 0xC6FE, 0xC6FE, 0xC6FE,
    0xC6FE, 0xC6FE, 0xC6FE, 0xC6FE, 0xC6FE, 0xC6FE, 0xC6FE, 0xC71E, 0xC6FE, 0xC6FE, 0xC6FE, 0xC6FE,
    0xC6FE, 0xC6FE, 0xC6FE, 0xC6FE, 0xC6FE, 0xC71E, 0xC71E, 0xC71E, 0xC71E, 0xCF1F, 0xAE3A, 0x6BCF,
    0x8492, 0x9515, 0x8D15, 0x8CF5, 0x84F5, 0xB67B, 0xC71E, 0xC71E, 0xC71E, 0xC6FE, 0x9556, 0x6BAE,
    0x7BEF, 0x8CD3, 0xADD8, 0xC6FE, 0xC6FE, 0xC6FE, 0xC6FF, 0xC6FF, 0xC6FF, 0xC6FF, 0xC6FF, 0xC6FF,
    0xC6FF, 0xC6FF, 0xC6FF, 0xC6FE, 0xC6FF, 0xC6FF, 0xBEFF, 0xC6FF, 0xC6FF, 0xC6FF, 0xC6FF, 0xC6FF,
    0x7BED, 0x7BCC, 0x73AC, 0x6B8C, 0x6B6B, 0x632B, 0x632A, 0x630A, 0x5AEA, 0x5AC9, 0x5288, 0x4A47,
    0x39C6, 0x4227, 0x5288, 0x52C9, 0x5AE9, 0x5B0A, 0x630A, 0x632A, 0x634B, 0x6B4B, 0x6B4B, 0x6B4B,
    0x738C, 0x7BED, 0x8C4F, 0x7BCD, 0x6B6C, 0x6B8C, 0x6B8C, 0x738C, 0x738C, 0x738C, 0x73AC, 0x73AD,
    0x73AD, 0x73CD, 0x73CD, 0x7BCD, 0x7BED, 0x7BEE, 0x8C4E, 0x94B0, 0xA512, 0xAD73, 0xAD73, 0xAD53,
    0xA532, 0xA511, 0x94B0, 0x8C4F, 0x7C0E, 0x7BCD, 0x73AD, 0x738C, 0x634B, 0x5B0A, 0x5ACA, 0x5AC9,
    0x630A, 0x5AEA, 0x5B0A, 0x6B4B, 0x73AD, 0x842F, 0xAD53, 0xAD53, 0xA512, 0xA532, 0xAD73, 0xAD73,
    0x840E, 0x7BCD, 0x7BED, 0x7BEE, 0x7C0E, 0x840E, 0x842E, 0x8C4F, 0x8C6F, 0x9490, 0x9CD1, 0x9CF2,
    0xA533, 0xAD73, 0xB5B5, 0xBE16, 0xC658, 0xA533, 0x94B1, 0x8CB1, 0x94B1, 0xBE16, 0xC657, 0xC657,
    0xC657, 0xC657, 0xC637, 0xC637, 0xC657, 0xC637, 0xC637, 0xC636, 0xC636, 0xC637, 0xC637, 0xC637,
    0xC637, 0xC636, 0xC616, 0xC616, 0xC616, 0xBE16, 0xBDF6, 0xB5B5, 0xAD95, 0xAD95, 0x7C30, 0x8450,
    0x94F3, 0x94D3, 0x8CD3, 0x9556, 0xC6FD, 0xD75F, 0xCF5F, 0xCF5E, 0xCF3E, 0xCF3E, 0xCF3E, 0xCF3F,
    0xCF3F, 0xCF3F, 0xCF3F, 0xCF3F, 0xCF3F, 0xCF1F, 0xCF1E, 0xCF1F, 0xC71F, 0xC71F, 0xC71F, 0xC71F,
    0xC71F, 0xC71E, 0xC71F, 0xC71E, 0xC71E, 0xC73E, 0xC71F, 0xC71E, 0xC71F, 0xC71E, 0xCF3F, 0xBEDD,
    0x7431, 0x7C51, 0x94F4, 0x8CD3, 0x8CB3, 0x8CF5, 0xBEBD, 0xCF3F, 0xC71E, 0xC71E, 0xC71E, 0xC6FE,
    0xC71E, 0xC71E, 0xC71E, 0xC71E, 0xC6FE, 0xC6FE, 0xC6FE, 0xC6FE, 0xC6FE, 0xC6FE, 0xC6FE, 0xC6FE,
    0xC71E, 0xC6FE, 0xC71E, 0xC71E, 0xC71E, 0xC6FE, 0xC6FE, 0xC6FE, 0xC6FE, 0xC6FE, 0xC6FE, 0xC6FE,
    0xC71E, 0xC71E, 0xC71E, 0xC6FE, 0xC71E, 0xC71E, 0xC6FE, 0xC71E, 0xC71E, 0xCF3F, 0xAE1A, 0x63AF,
    0x84B3, 0x9515, 0x9515, 0x8CF5, 0x8515, 0xB67C, 0xC71E, 0xC71E, 0xC71E, 0xC6FE, 0x9556, 0x73CE,
    0x7BEF, 0x8CD3, 0xADF8, 0xC71E, 0xC6FE, 0xC6FE, 0xC6FE, 0xC6FE, 0xC6FF, 0xC6FF, 0xC6FF, 0xC6FF,
    0xC6FF, 0xC6FF, 0xC6FF, 0xC6FF, 0xC6FF, 0xC71F, 0xC6FF, 0xC6FF, 0xC6FF, 0xC6FF, 0xC6FF, 0xC6FF,
    0x83ED, 0x7BED, 0x73AC, 0x738C, 0x6B8C, 0x6B6B, 0x632B, 0x630A, 0x630A, 0x5AEA, 0x5AC9, 0x5288,
    0x4A67, 0x4A88, 0x52A9, 0x5AE9, 0x630A, 0x632A, 0x632B, 0x634B, 0x6B4B, 0x6B6B, 0x6B6C, 0x6B6C,
    0x738C, 0x7BCD, 0x8C4F, 0x7BED, 0x6B6C, 0x738C, 0x738C, 0x73AC, 0x73AC, 0x73AD, 0x73AD, 0x73AD,
    0x73AD, 0x7BCD, 0x840E, 0x8C4F, 0x9490, 0x9CD1, 0xA511, 0xA532, 0xA532, 0xA532, 0xA512, 0x94B0,
    0x8C6F, 0x840E, 0x7BCD, 0x73AD, 0x738C, 0x6B4C, 0x5B0A, 0x5AC9, 0x5AEA, 0x634B, 0x7BED, 0x9490,
    0x94B0, 0x73CD, 0x73AD, 0x73AD, 0x6B8C, 0x6B6C, 0x9CD0, 0xAD73, 0xB5B4, 0xBDF5, 0xC636, 0xBDD4,
    0x840E, 0x7BCD, 0x7BED, 0x7BEE, 0x840E, 0x842E, 0x842E, 0x8C4F, 0x8C70, 0x9490, 0x9CD1, 0xA512,
    0xA553, 0xAD74, 0xB5B5, 0xC617, 0xC658, 0xA533, 0x94B2, 0x8CB2, 0x94D2, 0xBDF6, 0xC636, 0xC636,
    0xC636, 0xC636, 0xC616, 0xC636, 0xC636, 0xC636, 0xC636, 0xC616, 0xC616, 0xC616, 0xC616, 0xC616,
    0xBE16, 0xBDF6, 0xB5D6, 0xB5D5, 0xADB5, 0xAD96, 0xADB7, 0xB5F8, 0xBE5A, 0xC6BB, 0x8CF4, 0x7C51,
    0x94F3, 0x8CD3, 0x8CD3, 0x9576, 0xC71D, 0xCF5E, 0xCF3E, 0xCF5E, 0xCF5E, 0xCF3E, 0xCF3F, 0xCF3F,
    0xCF3F, 0xCF3F, 0xCF3F, 0xCF3F, 0xCF1E, 0xCF1F, 0xCF3F, 0xC71E, 0xC71E, 0xCF1F, 0xC71F, 0xC71E,
    0xC71E, 0xC71F, 0xC71E, 0xC71E, 0xC73E, 0xC73F, 0xCF3F, 0xC71F, 0xCF3F, 0xC71F, 0xCF3F, 0xBEBD,
    0x6C11, 0x8471, 0x94F4, 0x8CD3, 0x8CB3, 0x8D15, 0xBEDD, 0xCF3F, 0xCF1E, 0xCF1F, 0xC71E, 0xC71E,
    0xC71E, 0xC71E, 0xC71E, 0xC71E, 0xC71E, 0xC6FE, 0xC6FE, 0xC6FE, 0xC6FE, 0xC6FE, 0xC6FE, 0xC6FE,
    0xC6FE, 0xC71E, 0xC71E, 0xC71E, 0xC71E, 0xC71E, 0xC6FE, 0xC6FE, 0xC6FE, 0xC6FE, 0xC6FE, 0xC6FE,
    0xC71E, 0xC71E, 0xC71E, 0xC71E, 0xC71E, 0xC71E, 0xC71E, 0xC71E, 0xC71E, 0xCF3F, 0xA5F9, 0x63AF,
    0x8CB3, 0x9515, 0x9515, 0x8CF5, 0x8D16, 0xB69C, 0xC71E, 0xC71E, 0xC71E, 0xC6FE, 0x9556, 0x73CE,
    0x7C0F, 0x8CD3, 0xADF9, 0xC71E, 0xC71E, 0xC6FE, 0xC6FE, 0xC6FE, 0xC6FE, 0xC6FF, 0xC6FF, 0xC6FF,
    0xC6FF, 0xC6FF, 0xC6FF, 0xC6FF, 0xC6FF, 0xC71F, 0xC6FE, 0xC6FF, 0xC6FF, 0xC6FF, 0xC6FF, 0xC6FF,
    0x7BAC, 0x7BAC, 0x7BAC, 0x73AC, 0x738C, 0x6B6C, 0x6B4B, 0x632B, 0x632A, 0x630A, 0x5AE9, 0x52A9,
    0x4A68, 0x5288, 0x5AC9, 0x630A, 0x632A, 0x634B, 0x6B4B, 0x6B6B, 0x6B6C, 0x6B6C, 0x6B6C, 0x6B6C,
    0x738C, 0x7BCD, 0x8C4F, 0x7BED, 0x6B8C, 0x738C, 0x73AC, 0x73AC, 0x73AC, 0x73AC, 0x73AD, 0x7BED,
    0x844E, 0x94B0, 0x9CF1, 0x9CF1, 0x9CF1, 0x9CF1, 0x9CF1, 0x9CD1, 0x94B0, 0x8C6F, 0x840E, 0x7BCD,
    0x73AD, 0x738C, 0x6B4B, 0x5B0A, 0x52C9, 0x5AEA, 0x6B4B, 0x7BEE, 0x94B0, 0xA532, 0xAD73, 0xB593,
    0xA512, 0x7BEE, 0x842F, 0x842F, 0x7C0E, 0x7BEE, 0xB593, 0xC5F5, 0xC615, 0xC615, 0xC615, 0xB5B4,
    0x840E, 0x7BCD, 0x7BED, 0x7BEE, 0x840E, 0x842E, 0x842F, 0x8C4F, 0x8C70, 0x94B1, 0x9CD1, 0xA512,
    0xA553, 0xAD74, 0xB5B5, 0xC637, 0xC658, 0x9D33, 0x94D2, 0x94D2, 0x9D13, 0xC616, 0xC636, 0xC636,
    0xC636, 0xC616, 0xC616, 0xC616, 0xC616, 0xC616, 0xC616, 0xC636, 0xC636, 0xC616, 0xBDF6, 0xB5D5,
    0xAD95, 0xA595, 0xA596, 0xADD7, 0xB619, 0xBE9B, 0xCEFD, 0xCF3E, 0xD77F, 0xD77F, 0x9556, 0x7C71,
    0x94F4, 0x8CF3, 0x8CD3, 0x9D77, 0xC71E, 0xCF3E, 0xCF3E, 0xCF3E, 0xCF5E, 0xCF3F, 0xCF3F, 0xCF3F,
    0xCF3F, 0xCF3F, 0xCF3F, 0xCF1F, 0xCF1F, 0xCF1F, 0xCF1F, 0xC71E, 0xC71E, 0xC71F, 0xC71F, 0xC71F,
    0xC71E, 0xC71F, 0xC71F, 0xC71E, 0xC73F, 0xC73F, 0xC71F, 0xC71F, 0xCF3F, 0xC71E, 0xCF3F, 0xB69C,
    0x6BF0, 0x8492, 0x94F4, 0x8CD3, 0x84B3, 0x8D36, 0xBEDD, 0xCF3F, 0xCF1F, 0xC71E, 0xC71E, 0xC71E,
    0xC71E, 0xC71E, 0xC71E, 0xC71E, 0xC71E, 0xC71E, 0xC6FE, 0xC6FE, 0xC6FE, 0xC6FE, 0xC6FE, 0xC6FE,
    0xC6FE, 0xC6FE, 0xC71E, 0xC71E, 0xC71E, 0xC71E, 0xC71E, 0xC6FE, 0xC6FE, 0xC6FE, 0xC71E, 0xC6FE,
    0xC71E, 0xC71E, 0xC71E, 0xC71E, 0xC71E, 0xC71E, 0xC71E, 0xC71E, 0xC71E, 0xCF1F, 0x9DB8, 0x63AF,
    0x8CD3, 0x9515, 0x9515, 0x8CF5, 0x8D36, 0xBEBD, 0xC71E, 0xC71E, 0xC71E, 0xC6FE, 0x9556, 0x6BAE,
    0x7C0F, 0x8CD3, 0xADF9, 0xC71E, 0xC71E, 0xC6FE, 0xC6FE, 0xC6FE, 0xC6FE, 0xC6FE, 0xC6FF, 0xC6FF,
    0xC6FF, 0xC6FF, 0xC6FF, 0xC6FF, 0xC6FF, 0xC6FE, 0xC71E, 0xC71F, 0xC6FE, 0xC6FE, 0xC6FE, 0xC6FE,
    0x8C2E, 0x7BED, 0x7BAC, 0x738B, 0x6B6B, 0x6B6B, 0x6B4B, 0x6B4B, 0x632B, 0x630A, 0x5AEA, 0x5AC9,
    0x4A88, 0x52A8, 0x5AE9, 0x632A, 0x634B, 0x6B4B, 0x6B6B, 0x6B8C, 0x6B8C, 0x6B8C, 0x6B6C, 0x6B8C,
    0x738C, 0x73CD, 0x8C4F, 0x840E, 0x738C, 0x73AC, 0x73AC, 0x73AD, 0x7BED, 0x842E, 0x94B0, 0xA512,
    0xAD52, 0xAD52, 0xA532, 0x9CD1, 0x94B0, 0x9490, 0x8C4F, 0x840E, 0x7BED, 0x73AD, 0x6B8C, 0x6B4B,
    0x5AEA, 0x52C9, 0x5AC9, 0x632B, 0x7BEE, 0x94B0, 0xA532, 0xB573, 0xB573, 0xAD32, 0xA512, 0xA532,
    0x9CD1, 0x7C0E, 0x8C70, 0x8C90, 0x844F, 0x844F, 0xB5B4, 0xBDF5, 0xBDF5, 0xC5F5, 0xC616, 0xB593,
    0x7BEE, 0x7BCD, 0x7BED, 0x7BEE, 0x840E, 0x840E, 0x842F, 0x8C4F, 0x8C70, 0x9491, 0x9CD1, 0xA512,
    0xA553, 0xAD74, 0xB5B5, 0xC638, 0xC658, 0x9D33, 0x94F2, 0x94D2, 0x9D33, 0xC637, 0xC637, 0xC637,
    0xC637, 0xC637, 0xC637, 0xC637, 0xC637, 0xC637, 0xC616, 0xBDF6, 0xB5D5, 0xB5B6, 0xADB6, 0xADD7,
    0xB618, 0xBE7A, 0xC6DC, 0xCF1E, 0xD75E, 0xD77F, 0xD77F, 0xD77E, 0xD77E, 0xD77E, 0x8D15, 0x8492,
    0x94F4, 0x8CF4, 0x8CD3, 0x9D97, 0xCF1E, 0xCF5E, 0xCF5E, 0xCF5E, 0xCF3E, 0xCF3E, 0xCF3E, 0xCF3F,
    0xCF3F, 0xCF3F, 0xCF3F, 0xCF1F, 0xCF1F, 0xCF1F, 0xC71F, 0xC71E, 0xC71E, 0xC71E, 0xC71E, 0xC71F,
    0xC71F, 0xC71F, 0xCF1F, 0xC71F, 0xC73E, 0xC71E, 0xC71E, 0xC71F, 0xCF3F, 0xC71E, 0xCF3F, 0xB67B,
    0x6BF0, 0x8CB2, 0x94F4, 0x94D3, 0x84B3, 0x8D56, 0xC6DE, 0xCF3F, 0xCF1F, 0xCF1F, 0xC71E, 0xC71E,
    0xC71E, 0xC6FE, 0xC71E, 0xC71E, 0xC71E, 0xC71E, 0xC71E, 0xC6FE, 0xC6FE, 0xC6FE, 0xC6FE, 0xC6FE,
    0xC6FE, 0xC6FE, 0xC6FE, 0xC71E, 0xC71E, 0xC71E, 0xC71E, 0xC71E, 0xC6FE, 0xC71E, 0xC71E, 0xC71E,
    0xC71E, 0xC71E, 0xC71E, 0xC71E, 0xC71E, 0xC71E, 0xC71E, 0xC71E, 0xC71E, 0xCF3E, 0x9D97, 0x63AF,
    0x94F4, 0x9515, 0x9515, 0x8CF5, 0x8D56, 0xBEDD, 0xCF1F, 0xC71E, 0xC71F, 0xC6FE, 0x9536, 0x6BAE,
    0x7C0F, 0x8CD3, 0xAE19, 0xC71E, 0xC71E, 0xC71E, 0xC71E, 0xC71E, 0xC6FE, 0xC6FE, 0xC71E, 0xC71E,
    0xC71E, 0xC71E, 0xC71E, 0xC71E, 0xC71E, 0xC6FE, 0xC71E, 0xC71E, 0xC71E, 0xC71E, 0xC71E, 0xC71E,
    0xA532, 0xA532, 0x9CD0, 0x8C6F, 0x840D, 0x73AC, 0x6B6B, 0x632A, 0x630A, 0x5AEA, 0x5AEA, 0x5AC9,
    0x5288, 0x5AC9, 0x630A, 0x6B4B, 0x6B6B, 0x6B6C, 0x6B6C, 0x738C, 0x738C, 0x738C, 0x738C, 0x738C,
    0x738C, 0x73AD, 0x844F, 0x840E, 0x6B8C, 0x7BCD, 0x840E, 0x9490, 0xA512, 0xAD53, 0xAD73, 0xAD73,
    0xA532, 0x9CD1, 0x9490, 0x8C4F, 0x7C0E, 0x7BCD, 0x73AD, 0x6B8C, 0x634B, 0x5AEA, 0x52C9, 0x5AC9,
    0x632B, 0x7BCD, 0x9490, 0xA532, 0xAD73, 0xAD53, 0xA532, 0xA512, 0xA512, 0xAD53, 0xB594, 0xBDF5,
    0xB594, 0x842F, 0x8C90, 0x9490, 0x844F, 0x8C4F, 0xBDD5, 0xC615, 0xC615, 0xC615, 0xC636, 0xB593,
    0x7BEE, 0x7BCD, 0x7BED, 0x7BEE, 0x840E, 0x842E, 0x842F, 0x8C4F, 0x8C70, 0x94B1, 0x9CD1, 0xA512,
    0xAD53, 0xAD94, 0xB5D6, 0xC638, 0xC658, 0x9D33, 0x94F3, 0x94F3, 0xA554, 0xC657, 0xC657, 0xC637,
    0xC637, 0xC637, 0xC637, 0xC637, 0xBE16, 0xB5D6, 0xADD6, 0xADD7, 0xB618, 0xBE7A, 0xC6BC, 0xCF1D,
    0xD73E, 0xD77F, 0xD77F, 0xD77F, 0xD77E, 0xCF5E, 0xD75E, 0xD77E, 0xD77E, 0xCF5E, 0x84F4, 0x8492,
    0x94F4, 0x94F4, 0x8CD3, 0x9DB8, 0xCF3E, 0xCF5E, 0xCF5E, 0xCF5E, 0xCF3E, 0xCF3E, 0xCF3F, 0xCF3F,
    0xCF3F, 0xCF3F, 0xCF3F, 0xCF3F, 0xCF3F, 0xCF1F, 0xCF1F, 0xCF1F, 0xC71F, 0xC71F, 0xC71F, 0xC71F,
    0xC71F, 0xC71F, 0xC71F, 0xC71E, 0xC73E, 0xC73E, 0xC71E, 0xC71F, 0xCF1F, 0xC71F, 0xCF3F, 0xAE5B,
    0x6BF0, 0x8CB3, 0x94F4, 0x94F4, 0x84B3, 0x9577, 0xC6FE, 0xCF3F, 0xCF1F, 0xCF1F, 0xC71E, 0xC71E,
    0xC71E, 0xC71E, 0xC71E, 0xC71E, 0xC71E, 0xC71E, 0xC71E, 0xC71E, 0xC71E, 0xC71E, 0xC6FE, 0xC6FE,
    0xC6FE, 0xC6FE, 0xC6FE, 0xC71E, 0xC71E, 0xC71E, 0xC6FE, 0xC6FE, 0xC6FE, 0xC6FE, 0xC6FE, 0xC71E,
    0xC71E, 0xC71E, 0xC71E, 0xC71E, 0xC71E, 0xC71E, 0xC71E, 0xC71E, 0xC71F, 0xCF3F, 0x9557, 0x6BCF,
    0x9514, 0x9515, 0x9515, 0x8CF4, 0x9577, 0xBEDD, 0xC71E, 0xC71E, 0xCF1F, 0xC6FE, 0x8D35, 0x6BAE,
    0x7BEF, 0x8CD3, 0xAE19, 0xCF1F, 0xC71E, 0xC71E, 0xC71E, 0xC71E, 0xC6FE, 0xC6FE, 0xC71E, 0xC71E,
    0xC71E, 0xC71E, 0xC71E, 0xC71E, 0xC71E, 0xC71E, 0xC71E, 0xC71E, 0xC71E, 0xC71E, 0xC71E, 0xC71E,
    0x8C4E, 0x946F, 0x94B0, 0x9CD0, 0x9CD1, 0x9CB0, 0x948F, 0x840E, 0x73AC, 0x6B4B, 0x630A, 0x52C9,
    0x5288, 0x5AEA, 0x6B4B, 0x6B6B, 0x6B8C, 0x738C, 0x738C, 0x738C, 0x738C, 0x738C, 0x738C, 0x738C,
    0x6B8C, 0x73AC, 0x8C4F, 0x8C6F, 0x8C6F, 0x9CF1, 0xAD52, 0xAD73, 0xAD73, 0xA552, 0x9D11, 0x94B0,
    0x8C4F, 0x7BEE, 0x7BCD, 0x73CD, 0x738C, 0x6B6C, 0x630B, 0x52C9, 0x5AC9, 0x634B, 0x7BED, 0x9490,
    0xA512, 0xAD53, 0xAD53, 0xA532, 0x9CF1, 0x9CF1, 0xA532, 0xB573, 0xBDD5, 0xC615, 0xC615, 0xC615,
    0xAD73, 0x842F, 0x8C91, 0x94B1, 0x8450, 0x8C70, 0xBDD5, 0xC615, 0xC615, 0xC615, 0xC616, 0xAD73,
    0x7BED, 0x7BCD, 0x7BCD, 0x7BEE, 0x840E, 0x842E, 0x842F, 0x8C4F, 0x8C70, 0x94B1, 0x9CF1, 0xA532,
    0xAD53, 0xAD74, 0xB5D6, 0xC638, 0xC658, 0x9D33, 0x94F3, 0x94F3, 0xA574, 0xCE57, 0xC657, 0xC617,
    0xBE16, 0xBDF6, 0xB5F6, 0xB5F7, 0xB638, 0xBE7A, 0xC6BB, 0xCF1D, 0xD75E, 0xD77F, 0xD77F, 0xD77F,
    0xD77F, 0xD77E, 0xCF5E, 0xCF5E, 0xCF5E, 0xCF5E, 0xCF5E, 0xCF5E, 0xD77F, 0xCF3E, 0x84D4, 0x8CB3,
    0x9514, 0x94F4, 0x8CD4, 0xA5D8, 0xCF3E, 0xCF5E, 0xCF5E, 0xCF3E, 0xCF3E, 0xCF3F, 0xCF3F, 0xCF3F,
    0xCF3F, 0xCF3F, 0xCF3F, 0xCF3F, 0xCF1F, 0xCF1F, 0xCF1F, 0xCF1F, 0xCF1F, 0xC71F, 0xC71F, 0xC71F,
    0xC71F, 0xC71E, 0xC71E, 0xC73E, 0xC71E, 0xC71E, 0xC71E, 0xCF1F, 0xCF3F, 0xCF3F, 0xCF5F, 0xAE3A,
    0x6BF0, 0x8CD3, 0x94D4, 0x94F4, 0x84B3, 0x9D97, 0xC71E, 0xCF3F, 0xCF3F, 0xC71E, 0xC71E, 0xC71E,
    0xC71E, 0xC71E, 0xC71E, 0xC71E, 0xC71E, 0xC71E, 0xC71E, 0xC71E, 0xC71E, 0xC71E, 0xC6FE, 0xC6FE,
    0xC71E, 0xC6FE, 0xC6FE, 0xC71E, 0xC71E, 0xC71E, 0xC6FE, 0xC6FE, 0xC6FE, 0xC6FE, 0xC6FE, 0xC71E,
    0xC71E, 0xC71E, 0xC6FE, 0xC71E, 0xC71E, 0xC71E, 0xC71E, 0xC71E, 0xCF1F, 0xC71E, 0x8D36, 0x6BF0,
    0x9514, 0x9515, 0x9515, 0x8CF4, 0x9578, 0xC6FE, 0xCF1F, 0xC71E, 0xCF1F, 0xC6FE, 0x8D15, 0x6BAE,
    0x7C0F, 0x8CD3, 0xAE19, 0xCF1E, 0xC71E, 0xC71E, 0xC71E, 0xC71E, 0xC71E, 0xC71E, 0xC71E, 0xC71E,
    0xC71E, 0xC71E, 0xC71E, 0xC71E, 0xC71E, 0xC71E, 0xC71F, 0xC71E, 0xC71E, 0xC71E, 0xC71E, 0xC71E,
    0x738B, 0x6B6B, 0x6B4A, 0x738B, 0x7BCD, 0x842D, 0x842E, 0x8C2E, 0x840E, 0x7BEE, 0x6B6C, 0x5AEA,
    0x5AC9, 0x632B, 0x738C, 0x738C, 0x738C, 0x73AC, 0x738C, 0x73AC, 0x73AC, 0x738C, 0x738C, 0x73AD,
    0x7BCD, 0x73AC, 0x8C4F, 0xA532, 0xAD53, 0xAD53, 0xAD52, 0xA511, 0x94D0, 0x8C6F, 0x7C0E, 0x73CD,
    0x738C, 0x6B6C, 0x634B, 0x5B0A, 0x52CA, 0x5ACA, 0x5AEA, 0x6B6C, 0x9490, 0xA532, 0xAD73, 0xAD52,
    0xA532, 0x9CF1, 0x9CF1, 0xA511, 0xAD73, 0xB5B4, 0xBDF5, 0xBDF5, 0xBDD5, 0xBDD5, 0xBDD5, 0xBDF5,
    0xA532, 0x842F, 0x94B1, 0x94B1, 0x8C70, 0x94B1, 0xBDF5, 0xC5F5, 0xC5F5, 0xC5F5, 0xC5F5, 0xA532,
    0x7BED, 0x7BCD, 0x7BCD, 0x7BEE, 0x7C0E, 0x842E, 0x842F, 0x8C4F, 0x8C70, 0x94B1, 0x9CF2, 0xA533,
    0xAD53, 0xAD94, 0xB5D6, 0xC638, 0xBE58, 0x9D33, 0x94F3, 0x94F3, 0xA554, 0xBDF7, 0xB5D6, 0xADD7,
    0xB618, 0xBE59, 0xBEBB, 0xCEFD, 0xD75E, 0xD77F, 0xD79F, 0xD79F, 0xD79F, 0xD77F, 0xCF7E, 0xD77E,
    0xD77E, 0xCF5E, 0xCF5E, 0xCF5E, 0xCF5E, 0xCF5E, 0xCF5E, 0xCF5E, 0xD77F, 0xCF3D, 0x7CD3, 0x8CB3,
    0x9514, 0x94F4, 0x8CD4, 0xA5F9, 0xCF5E, 0xD75E, 0xCF5E, 0xCF3E, 0xCF3E, 0xCF3F, 0xCF3F, 0xCF3F,
    0xCF3F, 0xCF3F, 0xCF3F, 0xCF3F, 0xCF1F, 0xCF1F, 0xCF1F, 0xCF1F, 0xCF1F, 0xCF1E, 0xCF1F, 0xC71F,
    0xC71F, 0xC71E, 0xC71E, 0xC71F, 0xC71F, 0xC71F, 0xC71F, 0xC71F, 0xCF3F, 0xCF3F, 0xCF5F, 0xA5F9,
    0x6BF0, 0x94D3, 0x94D4, 0x94F4, 0x84B3, 0x9DB8, 0xC71E, 0xCF3F, 0xCF3F, 0xC71E, 0xC71E, 0xC71E,
    0xC71E, 0xC71E, 0xC71E, 0xC71F, 0xC71E, 0xC71E, 0xC71E, 0xC71F, 0xC71E, 0xC71E, 0xC71E, 0xC71E,
    0xC71E, 0xC6FE, 0xC6FE, 0xC71E, 0xC6FE, 0xC6FE, 0xC6FE, 0xC71E, 0xC71E, 0xC71E, 0xC71E, 0xC71E,
    0xC71E, 0xC71E, 0xC6FE, 0xC71E, 0xC71E, 0xC71E, 0xC71E, 0xC71E, 0xCF1F, 0xC71E, 0x8CF5, 0x73F0,
    0x9535, 0x9515, 0x9535, 0x8CF5, 0x9DB8, 0xC71E, 0xCF1F, 0xC71E, 0xCF3F, 0xC6FE, 0x8D15, 0x6BAE,
    0x7BEF, 0x94D3, 0xAE3A, 0xCF1E, 0xCF1E, 0xC71E, 0xC71E, 0xC71E, 0xC71E, 0xC71E, 0xC71E, 0xC71E,
    0xC71E, 0xC71E, 0xCF1F, 0xC71E, 0xC71E, 0xC71E, 0xCF1F, 0xC71E, 0xC71E, 0xC71E, 0xCF3F, 0xCF3F,
    0x6B6B, 0x738B, 0x6B4A, 0x6B2A, 0x6B6B, 0x6B4A, 0x6B4A, 0x6B6B, 0x736B, 0x736B, 0x6B4B, 0x5AE9,
    0x632A, 0x6B8C, 0x738C, 0x73AC, 0x73AC, 0x73AC, 0x738C, 0x73AC, 0x73AC, 0x7BED, 0x8C4F, 0x9CD1,
    0x94B1, 0x73AD, 0x844F, 0xA532, 0x9CF1, 0x94B0, 0x8C4F, 0x7BEE, 0x73AD, 0x73AC, 0x6B6C, 0x632B,
    0x5B0A, 0x5AEA, 0x5B0A, 0x5AEA, 0x5AEA, 0x6B4B, 0x738C, 0x842E, 0xAD52, 0xA532, 0xA4F1, 0xA4F1,
    0xA532, 0xAD73, 0xB5B4, 0xBDD4, 0xBDD4, 0xBDD5, 0xBDD5, 0xBDD4, 0xBDD4, 0xBDD4, 0xBDD5, 0xC615,
    0xA532, 0x844F, 0x94B1, 0x94B1, 0x8C70, 0x94D1, 0xBDF5, 0xBDF5, 0xBDF5, 0xC5F5, 0xC636, 0xAD53,
    0x7BCD, 0x7BCD, 0x7BCE, 0x7BEE, 0x7C0E, 0x840E, 0x842F, 0x8C4F, 0x9490, 0x94B1, 0x9CF2, 0xA533,
    0xAD53, 0xAD95, 0xB5D6, 0xC658, 0xBE38, 0x9513, 0x94F3, 0x9514, 0xA5B7, 0xBE7A, 0xBEBB, 0xC6FC,
    0xCF3D, 0xD77E, 0xD79F, 0xD79F, 0xD79F, 0xD79F, 0xD77E, 0xD77E, 0xD77E, 0xD77E, 0xCF5E, 0xCF7E,
    0xD77E, 0xCF5E, 0xCF5E, 0xCF5E, 0xCF5E, 0xCF5E, 0xCF5E, 0xCF5E, 0xD77F, 0xC71D, 0x7CB3, 0x8CD3,
    0x9514, 0x94F4, 0x8CF4, 0xAE19, 0xCF5E, 0xCF5E, 0xCF5E, 0xCF3E, 0xCF3F, 0xCF3F, 0xCF3F, 0xCF3F,
    0xCF3F, 0xCF3F, 0xCF3F, 0xCF3F, 0xCF3F, 0xCF1F, 0xCF1F, 0xCF1F, 0xCF1F, 0xCF1F, 0xCF1F, 0xC71F,
    0xC71F, 0xCF1F, 0xCF1F, 0xCF1F, 0xCF1F, 0xC71E, 0xCF1F, 0xCF3F, 0xCF3F, 0xCF3F, 0xCF5F, 0x9DD8,
    0x6BF0, 0x94F4, 0x94D4, 0x8CF4, 0x84B3, 0x9DB8, 0xCF1F, 0xCF3F, 0xCF1F, 0xCF1F, 0xC71F, 0xC71E,
    0xC71E, 0xC71E, 0xCF1F, 0xC71F, 0xC6FE, 0xC6FE, 0xC6FE, 0xC6FE, 0xC6FE, 0xC6FE, 0xC6FE, 0xC71E,
    0xC71E, 0xC6FE, 0xC6FE, 0xC6FE, 0xC6FE, 0xC6FE, 0xC6FE, 0xC71E, 0xC71E, 0xC71E, 0xC71E, 0xC71E,
    0xC71E, 0xC71E, 0xC6FE, 0xC71E, 0xC71F, 0xC71E, 0xCF1F, 0xC71E, 0xCF3F, 0xC6FE, 0x84D4, 0x7411,
    0x9535, 0x9535, 0x9535, 0x8CF5, 0x9DD9, 0xC71E, 0xCF1E, 0xCF1E, 0xCF3F, 0xC6FE, 0x8D15, 0x73CE,
    0x7C0F, 0x94D3, 0xB63A, 0xCF3F, 0xCF3E, 0xCF1E, 0xC71E, 0xCF1E, 0xC71E, 0xC71E, 0xC71E, 0xC71E,
    0xC71E, 0xCF1E, 0xCF1E, 0xCF1E, 0xCF3F, 0xCF3F, 0xCF3F, 0xCF3F, 0xCF1F, 0xC6FE, 0xBEBD, 0xAE5B,
    0x6B4A, 0x738B, 0x736B, 0x736B, 0x738B, 0x6B6B, 0x6B6B, 0x738B, 0x738B, 0x738B, 0x738C, 0x738C,
    0x738C, 0x73AC, 0x73AC, 0x73AC, 0x73AC, 0x73AC, 0x7BED, 0x842E, 0x946F, 0x9CF1, 0xA512, 0xAD52,
    0x9CF1, 0x73CD, 0x842E, 0x94B0, 0x7BEE, 0x73AD, 0x6B6C, 0x634B, 0x5B0A, 0x5AEA, 0x5AEA, 0x632B,
    0x73AD, 0x8C4F, 0x9CD1, 0x7BED, 0x738C, 0x73AD, 0x738C, 0x73AC, 0x9CD0, 0xA512, 0xAD73, 0xB593,
    0xBDD4, 0xBDD4, 0xBDB4, 0xBDB4, 0xBDB4, 0xBDD5, 0xBDF5, 0xBDF5, 0xC5F5, 0xC5F5, 0xC5F5, 0xC616,
    0xA532, 0x8450, 0x94D2, 0x94D2, 0x8C71, 0x9CF2, 0xC616, 0xC636, 0xC636, 0xCE36, 0xCE57, 0xAD53,
    0x7BED, 0x7BED, 0x7BEE, 0x7BEE, 0x7C0E, 0x842E, 0x842F, 0x8C70, 0x9490, 0x94B1, 0x9CF2, 0xA533,
    0xAD53, 0xAD95, 0xB5D6, 0xC659, 0xBE38, 0x9D13, 0x9D13, 0x9535, 0xBEBB, 0xD79F, 0xD79F, 0xD79F,
    0xD79F, 0xD79E, 0xD79E, 0xD79E, 0xD79E, 0xD77E, 0xD77E, 0xD77E, 0xD77E, 0xD77E, 0xCF5E, 0xCF5E,
    0xCF5E, 0xCF5E, 0xCF5E, 0xCF5E, 0xCF5E, 0xCF5E, 0xCF5E, 0xCF5E, 0xD77F, 0xC6FD, 0x7CB3, 0x94F4,
    0x9514, 0x9514, 0x8CF4, 0xAE3A, 0xCF5F, 0xCF5E, 0xCF5E, 0xCF3E, 0xCF3F, 0xCF3F, 0xCF3F, 0xCF3F,
    0xCF3F, 0xCF3E, 0xCF1E, 0xCF3F, 0xCF3F, 0xCF3F, 0xCF3F, 0xCF1F, 0xCF1F, 0xCF3F, 0xCF1F, 0xCF1F,
    0xCF1F, 0xCF1F, 0xCF3F, 0xCF1F, 0xCF1F, 0xCF1F, 0xCF1F, 0xCF3F, 0xCF3F, 0xCF3F, 0xCF5F, 0x9D98,
    0x6BF0, 0x94F4, 0x94D4, 0x94F4, 0x84B3, 0xA5D9, 0xCF3F, 0xCF3F, 0xCF1E, 0xCF1F, 0xC71F, 0xC71F,
    0xC71E, 0xCF1F, 0xCF1F, 0xCF1F, 0xC71E, 0xC6FE, 0xC6FE, 0xC6FE, 0xC6FE, 0xC6FE, 0xC6FE, 0xCF1F,
    0xC6FE, 0xC6FE, 0xC6FE, 0xC71E, 0xC71E, 0xC71E, 0xC71E, 0xC71E, 0xC71E, 0xC71E, 0xC71E, 0xC71E,
    0xC71E, 0xC71E, 0xC71F, 0xC71E, 0xC71E, 0xC71E, 0xC71E, 0xC71E, 0xCF3F, 0xC6FD, 0x7CB3, 0x7431,
    0x9535, 0x9535, 0x9535, 0x8CF5, 0xA5FA, 0xCF3E, 0xCF3E, 0xCF3E, 0xCF3F, 0xC6FD, 0x8CF4, 0x6BAE,
    0x7BEF, 0x94F4, 0xB65A, 0xCF3F, 0xCF3E, 0xCF3E, 0xCF1E, 0xCF1E, 0xCF1E, 0xCF1E, 0xCF1E, 0xCF3E,
    0xCF3F, 0xCF3F, 0xCF3F, 0xCF3F, 0xC6FE, 0xB6BC, 0xA63A, 0x9598, 0x7CF5, 0x6C52, 0x5B8F, 0x4AED,
    0x6B4B, 0x736B, 0x738B, 0x738B, 0x738B, 0x738B, 0x738B, 0x738B, 0x73AC, 0x73AC, 0x73AC, 0x73AC,
    0x73AC, 0x73AC, 0x73AC, 0x7BED, 0x8C4E, 0x94B0, 0x9CF1, 0xA4F1, 0x9CF1, 0x9CF1, 0x9CD1, 0x9490,
    0x842F, 0x73AD, 0x840E, 0x8C4F, 0x634B, 0x632B, 0x5AE9, 0x5ACA, 0x632B, 0x73AD, 0x8C6F, 0xA512,
    0xAD53, 0xB573, 0xAD32, 0x7C0E, 0x7BEE, 0x842E, 0x7BEE, 0x7BEE, 0xB573, 0xBDD4, 0xBDB4, 0xBDB4,
    0xBDB4, 0xBDD4, 0xBDD4, 0xBDD5, 0xBDD5, 0xBDF5, 0xC5F5, 0xC5F5, 0xC5F5, 0xBDF5, 0xBDF5, 0xC5F5,
    0xA512, 0x8C70, 0x94D2, 0x94D2, 0x8C91, 0xA533, 0xCE56, 0xCE56, 0xCE57, 0xCE57, 0xCE77, 0xAD53,
    0x7BED, 0x7BED, 0x7BEE, 0x7BEE, 0x840E, 0x842E, 0x844F, 0x8C70, 0x9490, 0x9CD1, 0x9D12, 0xA533,
    0xAD74, 0xADB5, 0xB5F7, 0xC679, 0xBE38, 0x9D34, 0x9513, 0x9535, 0xBEDC, 0xDFBF, 0xD79E, 0xD79E,
    0xD79E, 0xD79E, 0xD79E, 0xD79E, 0xD77E, 0xD77E, 0xD77E, 0xD77E, 0xD77E, 0xCF5E, 0xCF5E, 0xCF5E,
    0xCF5E, 0xCF5E, 0xCF5E, 0xCF5E, 0xCF5E, 0xCF5E, 0xCF5E, 0xCF5E, 0xD77F, 0xBEFC, 0x7C92, 0x94F4,
    0x9514, 0x9514, 0x8CF4, 0xB65A, 0xCF5F, 0xCF5E, 0xCF5E, 0xCF5E, 0xCF3E, 0xCF3E, 0xCF3F, 0xCF3F,
    0xCF3E, 0xCF3E, 0xCF3E, 0xCF3E, 0xCF3E, 0xCF1E, 0xCF3F, 0xCF3F, 0xCF3F, 0xCF1F, 0xCF1F, 0xCF1F,
    0xCF1F, 0xCF1F, 0xCF1F, 0xCF1F, 0xCF1F, 0xCF1E, 0xCF3F, 0xCF3F, 0xCF3F, 0xCF3F, 0xCF3F, 0x9577,
    0x6BF0, 0x94F4, 0x94D4, 0x94F4, 0x84D4, 0xA5F9, 0xCF3F, 0xCF1E, 0xCF1E, 0xCF1F, 0xCF1F, 0xCF1F,
    0xC71E, 0xCF1F, 0xCF1F, 0xCF1F, 0xC71E, 0xC71E, 0xC71E, 0xC71E, 0xC71E, 0xC71E, 0xC71E, 0xC71E,
    0xC71E, 0xC6FE, 0xC6FE, 0xC71E, 0xC71E, 0xC71E, 0xC71E, 0xC71E, 0xC71E, 0xC71E, 0xC71E, 0xC71E,
    0xC71E, 0xC71E, 0xC71F, 0xC71F, 0xC71E, 0xCF1F, 0xCF1F, 0xCF1F, 0xCF3F, 0xC6DD, 0x7C73, 0x7C51,
    0x9D55, 0x9535, 0x9536, 0x8D15, 0xAE1A, 0xCF3F, 0xCF3F, 0xCF3F, 0xCF3F, 0xC6FD, 0x8CF4, 0x6B8D,
    0x73EF, 0x9514, 0xB65A, 0xCF3F, 0xCF3E, 0xCF3E, 0xCF3F, 0xCF3F, 0xCF3F, 0xCF5F, 0xCF3F, 0xC6FE,
    0xB69C, 0xA61A, 0x8D77, 0x7CB4, 0x63F1, 0x534E, 0x4AEC, 0x428B, 0x3A6A, 0x3A4A, 0x4249, 0x4249,
    0x738B, 0x73AB, 0x73AC, 0x73AC, 0x73AC, 0x73AC, 0x73AC, 0x73AC, 0x73AC, 0x73AC, 0x73AC, 0x73AC,
    0x7BED, 0x8C2E, 0x94B0, 0xA511, 0xAD32, 0xAD32, 0xA512, 0x9CD1, 0x8C90, 0x842F, 0x7BEE, 0x73AD,
    0x738C, 0x73AD, 0x842F, 0x842E, 0x5AC9, 0x632B, 0x73CD, 0x8C6F, 0xA4F2, 0xAD53, 0xAD53, 0xAD32,
    0xA511, 0xA511, 0xA4F1, 0x7C0E, 0x842F, 0x8C6F, 0x842F, 0x842F, 0xB573, 0xB5B4, 0xB594, 0xB5B4,
    0xBDD4, 0xBDD5, 0xBDD5, 0xBDD5, 0xBDD5, 0xBDF5, 0xBDF5, 0xBDF5, 0xBDD5, 0xBDD5, 0xC5F5, 0xC636,
    0xA532, 0x8C70, 0x9CF2, 0x94D2, 0x8CB1, 0xA554, 0xCE57, 0xCE57, 0xCE57, 0xCE57, 0xCE57, 0xA532,
    0x7BED, 0x7BEE, 0x7BED, 0x7BEE, 0x840E, 0x842E, 0x8C4F, 0x8C70, 0x9490, 0x9CD1, 0x9D12, 0xA533,
    0xAD74, 0xB5B5, 0xB5F7, 0xC69A, 0xBE38, 0x9D34, 0x9D34, 0x9555, 0xBEDB, 0xD79F, 0xD77E, 0xD77E,
    0xD77E, 0xD77E, 0xD79E, 0xD79E, 0xD77E, 0xD77E, 0xD77E, 0xD77E, 0xD77E, 0xCF5E, 0xCF5E, 0xCF5E,
    0xCF5E, 0xCF5E, 0xCF5E, 0xCF5E, 0xCF5E, 0xCF5E, 0xCF5E, 0xCF5E, 0xD77F, 0xBEDC, 0x7C92, 0x9514,
    0x9514, 0x9514, 0x8D15, 0xB67B, 0xCF7E, 0xCF5E, 0xCF5E, 0xCF5E, 0xCF3E, 0xCF3E, 0xCF3E, 0xCF3E,
    0xCF3E, 0xCF3E, 0xCF3E, 0xCF3E, 0xCF3E, 0xCF3E, 0xCF3E, 0xCF3E, 0xCF3F, 0xCF3E, 0xCF3F, 0xCF3F,
    0xCF3F, 0xCF1F, 0xCF1F, 0xCF1F, 0xCF3F, 0xCF3F, 0xCF3F, 0xCF3F, 0xCF3F, 0xCF3F, 0xCF3E, 0x8D35,
    0x6C10, 0x9514, 0x94F4, 0x94F4, 0x84D4, 0xAE1A, 0xCF3F, 0xCF1E, 0xCF1E, 0xCF1F, 0xCF1F, 0xCF1F,
    0xCF1F, 0xCF1F, 0xCF1F, 0xCF3F, 0xC71F, 0xC71E, 0xC71E, 0xC71E, 0xC71E, 0xC71E, 0xC71E, 0xC6FE,
    0xCF1E, 0xC71E, 0xC71E, 0xC71E, 0xC71E, 0xC71E, 0xC71E, 0xC71E, 0xC71E, 0xC71E, 0xC71E, 0xC71E,
    0xC71E, 0xC71E, 0xC71E, 0xC71F, 0xCF1F, 0xCF1F, 0xCF3F, 0xCF1F, 0xCF3F, 0xBEBD, 0x7C52, 0x7C51,
    0x9D56, 0x9535, 0x9556, 0x8D15, 0xAE3A, 0xCF3E, 0xCF3F, 0xCF3E, 0xCF3E, 0xC6DD, 0x8CF4, 0x6B8D,
    0x7C0F, 0x9D34, 0xBE9B, 0xD75F, 0xCF3F, 0xCF1E, 0xBEDD, 0xB67B, 0xA5F9, 0x8D57, 0x7493, 0x63D0,
    0x534E, 0x42CC, 0x426A, 0x3A4A, 0x3A49, 0x4249, 0x424A, 0x424A, 0x424A, 0x4249, 0x4229, 0x4229,
    0x73AC, 0x73AC, 0x73AC, 0x73AC, 0x73AC, 0x73AC, 0x73AC, 0x73AC, 0x7BCC, 0x7BED, 0x842E, 0x948F,
    0xA4F1, 0xAD32, 0xAD52, 0xAD32, 0xA4F1, 0x94B0, 0x8C4F, 0x7BEE, 0x73AD, 0x6B6C, 0x6B4B, 0x630A,
    0x630A, 0x73AC, 0x842F, 0x9490, 0x8C6F, 0xA512, 0xAD53, 0xAD73, 0xAD32, 0xA512, 0xA511, 0xA532,
    0xAD73, 0xBDB4, 0xBDB4, 0x8C4F, 0x844F, 0x8C70, 0x842F, 0x844F, 0xB594, 0xBDD5, 0xBDD5, 0xBDD5,
    0xBDD5, 0xBDD5, 0xB5B4, 0xB594, 0xB594, 0xB5B4, 0xBDD4, 0xBDD5, 0xBDF5, 0xBDF5, 0xC5F5, 0xC616,
    0x9D12, 0x8C70, 0x94F2, 0x94F2, 0x8CB2, 0xA553, 0xC616, 0xC616, 0xC616, 0xC616, 0xC636, 0xA512,
    0x7BCD, 0x7BEE, 0x7BEE, 0x7C0E, 0x840E, 0x842F, 0x8C4F, 0x8C70, 0x94B1, 0x9CD1, 0xA512, 0xA553,
    0xAD74, 0xB5B5, 0xB5F7, 0xC69A, 0xBE59, 0x9D34, 0x9D34, 0x9D76, 0xC6FC, 0xD7BF, 0xD79F, 0xD77E,
    0xD77E, 0xCF5E, 0xCF5E, 0xCF5E, 0xD77E, 0xD77E, 0xD77E, 0xD77E, 0xCF7E, 0xCF5E, 0xCF5E, 0xCF5E,
    0xCF5E, 0xCF5E, 0xCF5E, 0xCF5E, 0xCF5E, 0xCF5E, 0xCF5E, 0xCF5E, 0xD77F, 0xB69B, 0x7C92, 0x9514,
    0x9514, 0x9514, 0x8D15, 0xB67B, 0xCF5E, 0xCF5E, 0xCF5E, 0xCF5E, 0xCF3E, 0xCF3E, 0xCF3E, 0xCF3E,
    0xCF3E, 0xCF3E, 0xCF3F, 0xCF3F, 0xCF3F, 0xCF3F, 0xCF3E, 0xCF1E, 0xCF3E, 0xCF3E, 0xCF1E, 0xCF1E,
    0xCF1E, 0xCF1F, 0xCF3F, 0xCF3F, 0xCF3F, 0xCF3F, 0xCF3F, 0xCF3F, 0xCF3F, 0xCF3F, 0xCF3E, 0x84F5,
    0x7410, 0x9514, 0x94F4, 0x8CF4, 0x84D4, 0xAE3A, 0xCF3F, 0xCF1E, 0xCF1E, 0xCF1F, 0xCF1F, 0xCF1F,
    0xCF3F, 0xCF1F, 0xC71E, 0xCF1F, 0xCF1F, 0xCF1E, 0xC71E, 0xC71E, 0xC71E, 0xC71E, 0xC6FE, 0xC6FE,
    0xC6FE, 0xC6FE, 0xC6FE, 0xC6FE, 0xC6FE, 0xC6FE, 0xC71E, 0xC71E, 0xC71F, 0xC71E, 0xC71F, 0xC71E,
    0xC71E, 0xC71E, 0xC71E, 0xC71F, 0xCF1F, 0xCF3F, 0xCF3F, 0xCF3F, 0xCF3F, 0xBEBC, 0x7431, 0x8472,
    0x9D56, 0x9555, 0x9556, 0x8D16, 0xB65B, 0xCF3E, 0xCF3E, 0xCF3E, 0xCF5F, 0xC71E, 0x8D14, 0x6BCE,
    0x7C0F, 0x8492, 0x9D96, 0x9DD8, 0x84F5, 0x6C52, 0x5BAF, 0x4B0D, 0x42AB, 0x3A6A, 0x3A4A, 0x3A49,
    0x3A49, 0x4249, 0x4249, 0x4229, 0x4229, 0x4229, 0x4229, 0x4229, 0x4229, 0x4229, 0x3A08, 0x3A09,
    0x73AC, 0x73AC, 0x73AC, 0x73AC, 0x73AC, 0x7BAC, 0x7BED, 0x842E, 0x948F, 0x9CD0, 0xA511, 0xA532,
    0xA532, 0x9CF1, 0x94B0, 0x8C4F, 0x840E, 0x73CD, 0x73AC, 0x6B6B, 0x632B, 0x5AC9, 0x52A9, 0x5AC9,
    0x632B, 0x73AD, 0x842F, 0xAD33, 0xB573, 0xAD32, 0xA512, 0xA512, 0xAD52, 0xB593, 0xBDD4, 0xBDD4,
    0xBDD4, 0xBDD4, 0xB594, 0x844F, 0x8450, 0x8C90, 0x844F, 0x8C70, 0xBDB4, 0xBDF5, 0xBDD5, 0xBDD5,
    0xBDD4, 0xBDD4, 0xBDB4, 0xBDD4, 0xBDD5, 0xBDF5, 0xC615, 0xC615, 0xC615, 0xC5F5, 0xC5F5, 0xC615,
    0x9CF1, 0x8C91, 0x9CF3, 0x94F2, 0x8CD2, 0xAD74, 0xC636, 0xC616, 0xC616, 0xBDF6, 0xBDF6, 0x94B1,
    0x7BCD, 0x7BED, 0x7BED, 0x7BEE, 0x840E, 0x842F, 0x8C4F, 0x8C70, 0x94B0, 0x9CF2, 0xA512, 0xA553,
    0xAD74, 0xB5D6, 0xC658, 0xCEBA, 0xBE58, 0x9D14, 0x8CB2, 0x94F4, 0xB639, 0xC6DC, 0xBEBB, 0xC6DC,
    0xCF1D, 0xCF3E, 0xD77E, 0xCF3E, 0xCF5E, 0xD77F, 0xD77E, 0xD77E, 0xCF5E, 0xCF5E, 0xCF5E, 0xCF5E,
    0xCF5E, 0xCF5E, 0xCF5E, 0xCF5E, 0xCF5E, 0xCF5E, 0xCF5E, 0xCF5E, 0xD77F, 0xAE5A, 0x7C72, 0x9535,
    0x9514, 0x9514, 0x8D35, 0xBE9C, 0xD75F, 0xCF5E, 0xCF5E, 0xCF3E, 0xCF3E, 0xCF3F, 0xCF3F, 0xCF3F,
    0xCF3F, 0xCF3E, 0xCF3E, 0xCF3E, 0xCF3E, 0xCF3E, 0xCF3E, 0xCF3E, 0xCF3E, 0xCF3E, 0xCF3E, 0xCF3E,
    0xCF3E, 0xCF1E, 0xCF1E, 0xCF1E, 0xCF3E, 0xCF3E, 0xCF3F, 0xCF3F, 0xCF3E, 0xCF3F, 0xCF3E, 0x84D4,
    0x7411, 0x9514, 0x8CD4, 0x8CF4, 0x8CD4, 0xB65B, 0xCF3E, 0xCF1E, 0xCF1F, 0xCF1F, 0xCF1F, 0xCF1F,
    0xCF1F, 0xCF3F, 0xC71E, 0xCF1F, 0xCF1F, 0xCF1F, 0xC71E, 0xC71E, 0xC71E, 0xC71E, 0xC71E, 0xC71E,
    0xC71E, 0xCF1E, 0xC71E, 0xC71E, 0xC71E, 0xC71E, 0xC71E, 0xC71F, 0xC71F, 0xCF1F, 0xCF1F, 0xC71F,
    0xCF1F, 0xCF1F, 0xCF3F, 0xCF1F, 0xCF3F, 0xCF3F, 0xCF3F, 0xCF3F, 0xCF3F, 0xBE9C, 0x7431, 0x8492,
    0x9D56, 0x9D56, 0x9D56, 0x9556, 0xBE9C, 0xD75F, 0xCF3E, 0xC71E, 0xBEBC, 0xADF9, 0x6BF0, 0x52CB,
    0x4AAA, 0x4269, 0x426A, 0x3A6A, 0x3A29, 0x3A29, 0x3A29, 0x4229, 0x4229, 0x4249, 0x4249, 0x4229,
    0x4229, 0x3A29, 0x3A09, 0x3A09, 0x4229, 0x3A29, 0x3A29, 0x3209, 0x31E8, 0x426A, 0x4229, 0x29A7,
    0x7BAC, 0x7BAC, 0x73AC, 0x7BCD, 0x840D, 0x8C6F, 0x9CD0, 0xA511, 0xA532, 0xA532, 0xA4F1, 0x94B0,
    0x8C4F, 0x840E, 0x7BCD, 0x73AC, 0x6B6C, 0x634B, 0x630A, 0x630A, 0x5AEA, 0x52A9, 0x5B0A, 0x6B4B,
    0x738C, 0x73AD, 0x840E, 0xA532, 0xAD73, 0xAD73, 0xB5B4, 0xBDD5, 0xC5F5, 0xC5F5, 0xBDD5, 0xBDD4,
    0xBDB4, 0xBDD5, 0xB594, 0x844F, 0x8450, 0x8C90, 0x8450, 0x8C90, 0xB5B4, 0xBDD4, 0xB5B4, 0xBDD4,
    0xBDF5, 0xBDF5, 0xC5F5, 0xC5F5, 0xC5F5, 0xC615, 0xC616, 0xC616, 0xC616, 0xC616, 0xC616, 0xC616,
    0x9CF1, 0x8C91, 0x9CF3, 0x94F3, 0x94D2, 0xAD94, 0xC636, 0xBDF6, 0xB5D6, 0xB5F6, 0xB618, 0x94F2,
    0x7BCD, 0x7BED, 0x7BED, 0x7BEE, 0x840E, 0x842F, 0x8C4F, 0x8C70, 0x94B0, 0x9CF1, 0xA533, 0xAD74,
    0xB595, 0x9D13, 0x7C0F, 0x632C, 0x4A69, 0x4207, 0x39E7, 0x4228, 0x52AB, 0x6B8E, 0x636E, 0x73F0,
    0x84B3, 0x8CF5, 0xA5B8, 0xBE7B, 0xC6DC, 0xCF3E, 0xD77F, 0xD75E, 0xCF5E, 0xCF5E, 0xCF5E, 0xCF5E,
    0xCF3E, 0xCF3E, 0xCF5E, 0xCF5E, 0xCF5E, 0xCF5E, 0xCF5E, 0xCF5E, 0xD77F, 0xAE3A, 0x7C92, 0x9D35,
    0x9514, 0x9514, 0x9535, 0xBEBC, 0xD75F, 0xCF5E, 0xCF5E, 0xCF3E, 0xCF3E, 0xCF3E, 0xCF3E, 0xCF3E,
    0xCF3E, 0xCF3E, 0xCF3E, 0xCF3E, 0xCF3E, 0xCF3E, 0xCF3E, 0xCF3E, 0xCF3E, 0xCF3E, 0xCF3E, 0xCF3E,
    0xCF3E, 0xCF3E, 0xCF3E, 0xCF3E, 0xCF3E, 0xCF3E, 0xCF3E, 0xCF3E, 0xCF3F, 0xCF3F, 0xCF1E, 0x7CB3,
    0x7C31, 0x9514, 0x94F4, 0x8CD4, 0x8CF4, 0xB67B, 0xCF3E, 0xCF3E, 0xCF3F, 0xCF1F, 0xCF1F, 0xC71E,
    0xC71E, 0xCF1F, 0xCF1F, 0xCF1F, 0xCF1F, 0xCF1F, 0xCF1F, 0xCF1F, 0xC71E, 0xC71E, 0xC71E, 0xC71E,
    0xC71E, 0xC71E, 0xC71E, 0xC71E, 0xC71E, 0xC71E, 0xC71F, 0xC71F, 0xCF1F, 0xCF1F, 0xCF1F, 0xCF1F,
    0xC71F, 0xCF1F, 0xCF1F, 0xCF1F, 0xCF1F, 0xCF3F, 0xCF3F, 0xCF3F, 0xCF3F, 0xBE9B, 0x7451, 0x8CD3,
    0xA576, 0x9D76, 0x9515, 0x84B3, 0x9D98, 0x9D98, 0x7CB4, 0x63F0, 0x532D, 0x428A, 0x3A29, 0x3A09,
    0x3A08, 0x3A08, 0x3A08, 0x3A29, 0x4229, 0x4229, 0x4229, 0x4209, 0x3A08, 0x4229, 0x4229, 0x3A08,
    0x3A09, 0x39E9, 0x31C9, 0x29C9, 0x29CA, 0x21AA, 0x21AB, 0x21AC, 0x218B, 0x29A9, 0x39E9, 0x2166,
    0x7BCC, 0x840D, 0x8C6F, 0x9CD0, 0x9CD0, 0x9CD0, 0x9CF1, 0x9CF1, 0x94B0, 0x8C6F, 0x842E, 0x7BED,
    0x73AD, 0x6B8C, 0x632B, 0x630A, 0x630A, 0x6B4B, 0x7BCD, 0x8C8F, 0x8C6F, 0x6B6C, 0x738C, 0x6B8C,
    0x6B4B, 0x73AD, 0x842F, 0xAD53, 0xC616, 0xC615, 0xBDF5, 0xBDF5, 0xBDD5, 0xBDD5, 0xBDD5, 0xBDD5,
    0xBDD5, 0xBDF5, 0xB594, 0x844F, 0x8C70, 0x8C91, 0x8450, 0x94B1, 0xBDD5, 0xBDF5, 0xBDF5, 0xBDF5,
    0xBDF5, 0xC5F6, 0xC5F5, 0xC615, 0xC616, 0xC616, 0xC636, 0xC636, 0xC616, 0xC616, 0xCE36, 0xCE36,
    0x94D2, 0x8CB1, 0x94F3, 0x94F3, 0x94F3, 0xA596, 0xBE38, 0xBE59, 0xC6BA, 0xD71D, 0xDF9F, 0xA5D7,
    0x73CD, 0x7BED, 0x7BEE, 0x7BEE, 0x840E, 0x844F, 0x8C4F, 0x8C70, 0x94B0, 0x94D1, 0x94D1, 0x7BCE,
    0x5AEA, 0x4207, 0x3185, 0x2965, 0x39C7, 0x39C7, 0x31A6, 0x39A6, 0x39E7, 0x4228, 0x4A69, 0x52AA,
    0x5AEB, 0x634D, 0x73CF, 0x8472, 0x9536, 0xA5B8, 0xBE7B, 0xD75E, 0xD77E, 0xD75E, 0xCF5E, 0xCF5E,
    0xCF5E, 0xCF3E, 0xCF5E, 0xCF5E, 0xCF5E, 0xCF5E, 0xCF5E, 0xCF5E, 0xD77F, 0xA619, 0x7C72, 0x9D35,
    0x9514, 0x9514, 0x9536, 0xBEBC, 0xD75F, 0xCF5E, 0xCF5E, 0xCF3E, 0xCF3E, 0xCF3E, 0xCF3E, 0xCF3E,
    0xCF3E, 0xCF3E, 0xCF3E, 0xCF3F, 0xCF3E, 0xCF3E, 0xCF3E, 0xCF3E, 0xCF3E, 0xCF3E, 0xCF3E, 0xCF3E,
    0xCF3E, 0xCF3E, 0xCF3E, 0xCF3E, 0xCF3E, 0xCF3E, 0xCF3E, 0xCF3E, 0xCF3F, 0xCF5F, 0xC71D, 0x7472,
    0x7C51, 0x9514, 0x94D4, 0x8CD4, 0x8CF5, 0xB69C, 0xCF3F, 0xCF1E, 0xCF3F, 0xCF3F, 0xCF1F, 0xCF1F,
    0xCF1F, 0xCF1F, 0xCF1F, 0xCF1F, 0xC71E, 0xC71E, 0xCF1F, 0xC71F, 0xC71E, 0xC71E, 0xCF1E, 0xCF1E,
    0xCF1E, 0xC71E, 0xCF1F, 0xCF1E, 0xC71F, 0xCF1F, 0xC71F, 0xC71F, 0xCF1F, 0xCF1F, 0xCF1F, 0xCF1F,
    0xCF3F, 0xCF3F, 0xCF3F, 0xCF3E, 0xCF3E, 0xCF3F, 0xD75F, 0xD75F, 0xCF5F, 0xB65A, 0x6BD0, 0x6BCF,
    0x6BCF, 0x5B6D, 0x52EB, 0x428A, 0x428A, 0x426A, 0x3A29, 0x3A08, 0x3A08, 0x3A08, 0x3A09, 0x3A08,
    0x3A08, 0x3A08, 0x3A08, 0x3A08, 0x3A08, 0x3A08, 0x3A08, 0x39E9, 0x31E9, 0x31E9, 0x29C9, 0x21A9,
    0x21AA, 0x198C, 0x198D, 0x118E, 0x11CF, 0x2A51, 0x3AB2, 0x42F3, 0x2A50, 0x1949, 0x2987, 0x2146,
    0x9CD0, 0xA511, 0xAD52, 0xA532, 0x9CD1, 0x9490, 0x8C4F, 0x840E, 0x7BED, 0x73AD, 0x6B8C, 0x6B4B,
    0x632A, 0x632A, 0x6B4B, 0x73CD, 0x8C6F, 0x9CF1, 0xA512, 0xA532, 0x948F, 0x7BCD, 0x840E, 0x7BEE,
    0x73AD, 0x7BCD, 0x842F, 0xA553, 0xBDD5, 0xB5B4, 0xB594, 0xAD94, 0xAD93, 0xAD93, 0xAD93, 0xB593,
    0xAD93, 0xB594, 0xAD53, 0x844F, 0x8C91, 0x8C91, 0x8470, 0x9CF2, 0xBDF5, 0xBDF5, 0xBDF5, 0xBDD4,
    0xB5D4, 0xBDD5, 0xBDD5, 0xBDD4, 0xBDF5, 0xC615, 0xC615, 0xC615, 0xC5F5, 0xBDF5, 0xBDF6, 0xBDD5,
    0x8C91, 0x8CB2, 0x9D13, 0x94F3, 0x9D55, 0xC6DC, 0xD75E, 0xD77E, 0xDF9F, 0xDFBF, 0xDFDF, 0xADF8,
    0x73EE, 0x7BEE, 0x7BEE, 0x83EE, 0x840E, 0x840E, 0x840E, 0x7BEE, 0x73AD, 0x6B4B, 0x52A9, 0x39C6,
    0x39A6, 0x39A6, 0x39C6, 0x39C7, 0x4207, 0x4228, 0x4207, 0x39C6, 0x39C6, 0x41E7, 0x4207, 0x4A48,
    0x52AA, 0x62EB, 0x630B, 0x6B4C, 0x73AE, 0x7BF0, 0x8472, 0x9D56, 0xC69B, 0xC6FD, 0xCF3D, 0xD75E,
    0xD77F, 0xCF5E, 0xCF5E, 0xCF5E, 0xCF5E, 0xCF5E, 0xCF5E, 0xCF5E, 0xD77F, 0x9DD8, 0x7C92, 0x9D35,
    0x9534, 0x8D14, 0x9556, 0xC6DC, 0xD75E, 0xCF5E, 0xCF5E, 0xCF3E, 0xCF3E, 0xCF3E, 0xCF3E, 0xCF3E,
    0xCF3E, 0xCF3E, 0xCF3E, 0xCF3E, 0xCF3E, 0xCF3E, 0xCF3E, 0xCF3E, 0xCF3E, 0xCF3E, 0xCF3E, 0xCF3E,
    0xCF3E, 0xCF3E, 0xCF3E, 0xCF3E, 0xCF3E, 0xCF3E, 0xCF3E, 0xCF3E, 0xCF3E, 0xCF5F, 0xC6FD, 0x7452,
    0x7C52, 0x94F4, 0x94F4, 0x8CD4, 0x8D15, 0xBEBC, 0xCF3F, 0xCF1E, 0xCF3F, 0xCF1F, 0xCF1F, 0xCF3F,
    0xCF1F, 0xCF1F, 0xCF1F, 0xCF1F, 0xC71E, 0xC71E, 0xCF1F, 0xC71E, 0xCF1F, 0xCF1F, 0xCF1F, 0xCF1F,
    0xC71E, 0xC71F, 0xC71E, 0xCF1E, 0xCF1F, 0xCF1F, 0xCF1F, 0xCF1F, 0xCF1F, 0xCF3F, 0xCF3F, 0xCF3F,
    0xCF3F, 0xCF3E, 0xCF5F, 0xC73E, 0xBEDD, 0xB67C, 0x9DF9, 0x8536, 0x7473, 0x5B4E, 0x424A, 0x3A28,
    0x3A08, 0x3A08, 0x3A08, 0x3A08, 0x3A08, 0x3A28, 0x4228, 0x3A08, 0x3A08, 0x3A08, 0x3A08, 0x39E8,
    0x39E8, 0x39E8, 0x31E8, 0x31C8, 0x29C9, 0x21A9, 0x218A, 0x198B, 0x118C, 0x118D, 0x11AF, 0x11B1,
    0x11D2, 0x09F3, 0x0A13, 0x09F3, 0x1213, 0x3B15, 0x4B35, 0x3B15, 0x2232, 0x196A, 0x2167, 0x2126,
    0xAD52, 0xA512, 0x9CD1, 0x8C6F, 0x840E, 0x73CD, 0x73AC, 0x6B6B, 0x632B, 0x630A, 0x630A, 0x6B6C,
    0x840E, 0x9490, 0x9CF1, 0xA512, 0xA511, 0x9CF1, 0x9CF1, 0xA512, 0x8C6F, 0x7BEE, 0x844F, 0x842F,
    0x7BED, 0x7BED, 0x842F, 0xAD53, 0xBDF5, 0xBDD5, 0xB5B4, 0xB5B4, 0xAD94, 0xB594, 0xB5B4, 0xB5B4,
    0xAD93, 0xB5B4, 0xAD53, 0x8450, 0x8C91, 0x8CB1, 0x8491, 0x9D13, 0xC615, 0xC615, 0xBDF5, 0xBDF5,
    0xBDF5, 0xBDD5, 0xBDD4, 0xB5D4, 0xB5D4, 0xBDD5, 0xB5B5, 0xAD94, 0xA574, 0xAD95, 0xB5F7, 0xB617,
    0x8CD2, 0x8CD3, 0x9D34, 0x94F3, 0x9D96, 0xCF5D, 0xDFBF, 0xD79E, 0xD79E, 0xD79E, 0xDFBF, 0xA5D7,
    0x7C2F, 0x7BEE, 0x7BEE, 0x83EE, 0x7BCD, 0x738C, 0x630A, 0x4A48, 0x39C5, 0x39C5, 0x39A5, 0x39A6,
    0x41E7, 0x39C6, 0x39C6, 0x39C7, 0x39C6, 0x39C6, 0x41E7, 0x41E7, 0x39C7, 0x39C7, 0x4207, 0x4207,
    0x4A48, 0x52A9, 0x5AEA, 0x62EA, 0x6B2B, 0x6B2B, 0x6B4C, 0x6B6D, 0x7C11, 0x9515, 0x9D76, 0x9D97,
    0xC6DC, 0xD77F, 0xCF5E, 0xD75E, 0xD77E, 0xCF5E, 0xCF5E, 0xCF5E, 0xD77F, 0x9DB7, 0x8492, 0x9D35,
    0x9514, 0x9514, 0x9556, 0xC6FD, 0xD75E, 0xCF5E, 0xCF5E, 0xCF3E, 0xCF3E, 0xCF3E, 0xCF3E, 0xCF3E,
    0xCF3E, 0xCF3E, 0xCF3E, 0xCF3E, 0xCF3E, 0xCF3E, 0xCF3E, 0xCF3E, 0xCF3E, 0xCF3E, 0xCF3E, 0xCF3E,
    0xCF3E, 0xCF3E, 0xCF3E, 0xCF3E, 0xCF3E, 0xCF3E, 0xCF3E, 0xCF3E, 0xCF3F, 0xCF5F, 0xC6DD, 0x6C31,
    0x8472, 0x94F4, 0x94F4, 0x8CD4, 0x8D15, 0xBEBC, 0xCF3F, 0xCF3F, 0xCF3F, 0xCF1E, 0xCF1E, 0xCF1E,
    0xCF1F, 0xCF1F, 0xCF1F, 0xCF1F, 0xCF1F, 0xCF1F, 0xC71E, 0xC71E, 0xCF1F, 0xCF1F, 0xCF1F, 0xCF1F,
    0xC71E, 0xCF1F, 0xCF1F, 0xCF3F, 0xCF1F, 0xCF1F, 0xCF3F, 0xCF3F, 0xCF1E, 0xCF3F, 0xCF3F, 0xCF3E,
    0xD75F, 0xB6BC, 0x8536, 0x7473, 0x5BD0, 0x4B0D, 0x42AB, 0x3A6A, 0x3A29, 0x3A29, 0x4229, 0x4229,
    0x3A08, 0x3A08, 0x3A08, 0x3A08, 0x3A08, 0x39E8, 0x39E8, 0x39E8, 0x31E8, 0x31C8, 0x29A8, 0x21A9,
    0x2189, 0x196A, 0x196B, 0x116C, 0x118E, 0x11AF, 0x19F0, 0x11F2, 0x09F3, 0x09F3, 0x0A14, 0x0A14,
    0x09F4, 0x09F4, 0x09F4, 0x09F4, 0x09F4, 0x1A34, 0x1A34, 0x1A34, 0x11F3, 0x114A, 0x2146, 0x2126,
    0x9490, 0x842E, 0x7BCD, 0x6B8C, 0x6B4B, 0x632B, 0x5B0A, 0x5AC9, 0x630A, 0x7BCD, 0x9490, 0xA512,
    0xAD52, 0xAD32, 0xA512, 0xA512, 0xAD53, 0xAD73, 0xB594, 0xBDD5, 0x9CF1, 0x7C0E, 0x8C70, 0x842F,
    0x7BEE, 0x7BEE, 0x842E, 0xA553, 0xBDD5, 0xB5B4, 0xB5B4, 0xB594, 0xB594, 0xBDD4, 0xC5F5, 0xC5F5,
    0xBDD5, 0xBDF5, 0xAD73, 0x8450, 0x94B1, 0x8CB2, 0x8CB2, 0xA553, 0xC616, 0xC5F5, 0xBDF5, 0xBDF6,
    0xC616, 0xBDF5, 0xB5B5, 0xAD94, 0xAD95, 0xAD95, 0xADD6, 0xB618, 0xBE7A, 0xCEFC, 0xD75D, 0xDF7E,
    0x9D96, 0x8CD3, 0x9D34, 0x9513, 0x9D96, 0xCF3E, 0xDF9E, 0xD79E, 0xD79E, 0xD79E, 0xDFBF, 0x9DB6,
    0x7C0F, 0x840E, 0x840E, 0x83EE, 0x7BAD, 0x6B2B, 0x5A89, 0x5268, 0x4A47, 0x41E6, 0x3185, 0x3185,
    0x3185, 0x39C6, 0x39C7, 0x39C7, 0x39C6, 0x39C6, 0x39C6, 0x39C6, 0x39C7, 0x39C6, 0x39C6, 0x41E7,
    0x4207, 0x4A48, 0x5A89, 0x62CA, 0x5AA9, 0x62CA, 0x62EA, 0x6B0B, 0x6B2B, 0x736D, 0x738E, 0x6B8E,
    0x7411, 0xBE9B, 0xD77F, 0xD77F, 0xD77F, 0xD77E, 0xCF5E, 0xCF5E, 0xD77F, 0x9596, 0x84B2, 0x9D35,
    0x9514, 0x8D14, 0x9D77, 0xC6FD, 0xD77F, 0xCF5E, 0xCF5E, 0xCF3F, 0xCF3E, 0xCF3E, 0xCF3E, 0xCF3E,
    0xCF3E, 0xCF3E, 0xCF3E, 0xCF3E, 0xCF3E, 0xCF3E, 0xCF3E, 0xCF3E, 0xCF3E, 0xCF3E, 0xCF3E, 0xCF3E,
    0xCF3E, 0xCF3E, 0xCF3E, 0xCF3E, 0xCF3E, 0xCF3E, 0xCF3E, 0xCF3F, 0xCF3F, 0xD75F, 0xBEDC, 0x6BF0,
    0x8472, 0x94F4, 0x94F4, 0x8CD4, 0x9536, 0xBEDD, 0xCF3E, 0xCF3E, 0xCF3E, 0xCF3E, 0xCF1E, 0xCF1E,
    0xCF1F, 0xCF1F, 0xCF1F, 0xCF1F, 0xCF1F, 0xCF1F, 0xCF1F, 0xCF1F, 0xCF1F, 0xCF1F, 0xC71E, 0xCF1F,
    0xCF3F, 0xCF1F, 0xCF3F, 0xCF3F, 0xCF3F, 0xCF3F, 0xCF3E, 0xCF3E, 0xCF3E, 0xCF3E, 0xCF3E, 0xCF3E,
    0xD75F, 0xB69B, 0x4B0D, 0x4249, 0x4249, 0x4249, 0x4249, 0x4249, 0x4229, 0x4229, 0x3A08, 0x3A08,
    0x3A08, 0x39E8, 0x39E8, 0x39C8, 0x31C8, 0x3A29, 0x31E8, 0x2168, 0x196A, 0x196B, 0x198D, 0x19AF,
    0x21D0, 0x2211, 0x2A52, 0x3293, 0x42D3, 0x5334, 0x5376, 0x1A34, 0x09F4, 0x09F4, 0x09F4, 0x09F4,
    0x09F4, 0x0A14, 0x0A14, 0x09F4, 0x09F5, 0x0A14, 0x1214, 0x1214, 0x11F2, 0x194A, 0x2126, 0x2126,
    0x738C, 0x6B6B, 0x632A, 0x5AEA, 0x52C9, 0x4A88, 0x5AEA, 0x6B6B, 0x842E, 0xA512, 0xA512, 0xA512,
    0xA512, 0xAD32, 0xAD73, 0xB5B4, 0xB5B4, 0xB594, 0xB5B4, 0xBDB4, 0x9CD1, 0x842F, 0x8C70, 0x8450,
    0x7C0E, 0x840E, 0x844F, 0xA553, 0xBDD5, 0xB5D4, 0xB5D4, 0xBDD5, 0xBDD5, 0xBDF5, 0xC5F5, 0xC5F5,
    0xC5F5, 0xC5F5, 0xAD73, 0x8C70, 0x94B2, 0x8CB2, 0x8CB2, 0xAD74, 0xC616, 0xBDD5, 0xB5D5, 0xB5B4,
    0xAD94, 0xAD95, 0xADB5, 0xB5F7, 0xBE59, 0xC6BB, 0xCF1C, 0xD75E, 0xDF7F, 0xDF9F, 0xDF9F, 0xDF9E,
    0x9D96, 0x8CF3, 0x9D54, 0x9534, 0x9DB7, 0xCF5E, 0xDF9F, 0xD79E, 0xD79E, 0xD79E, 0xD79E, 0x9D55,
    0x7BEE, 0x840E, 0x83EE, 0x738C, 0x6B2A, 0x6B4B, 0x736C, 0x5289, 0x5289, 0x4A27, 0x39A5, 0x3165,
    0x3165, 0x3185, 0x39A6, 0x39C6, 0x41E7, 0x41E7, 0x41C7, 0x39C6, 0x39C6, 0x41C7, 0x41C6, 0x41E7,
    0x4A08, 0x5228, 0x5269, 0x62A9, 0x62A9, 0x5A89, 0x62A9, 0x62CA, 0x62EA, 0x62CA, 0x6B0B, 0x6B2C,
    0x52AA, 0x6BD0, 0xBE7B, 0xCF3E, 0xD75E, 0xD77F, 0xD77E, 0xD75E, 0xD77F, 0x9556, 0x84B2, 0x9D35,
    0x9514, 0x8D14, 0x9D97, 0xC71D, 0xD75E, 0xCF5E, 0xCF5E, 0xCF5E, 0xCF3E, 0xCF3E, 0xCF3E, 0xCF3E,
    0xCF3E, 0xCF3E, 0xCF3E, 0xCF3E, 0xCF3E, 0xCF3E, 0xCF3E, 0xCF3E, 0xCF3E, 0xCF3E, 0xCF3E, 0xCF3E,
    0xCF3E, 0xCF3E, 0xCF3E, 0xCF3E, 0xCF3E, 0xCF3E, 0xCF3E, 0xCF3E, 0xCF3F, 0xD75F, 0xBEBB, 0x63F0,
    0x8C93, 0x94F4, 0x94F4, 0x8CD3, 0x9556, 0xC6DD, 0xCF3F, 0xCF1E, 0xCF3E, 0xCF3E, 0xCF3E, 0xCF3F,
    0xCF1F, 0xCF3E, 0xCF3F, 0xCF1F, 0xC71F, 0xCF3F, 0xCF3F, 0xCF3F, 0xCF1E, 0xCF1E, 0xCF1F, 0xCF1F,
    0xCF1E, 0xCF3E, 0xCF3F, 0xCF3F, 0xCF3F, 0xCF3E, 0xCF3E, 0xCF3E, 0xCF3E, 0xCF3E, 0xCF3E, 0xCF3E,
    0xD75F, 0xB69C, 0x5B4E, 0x4249, 0x424A, 0x4229, 0x4229, 0x4209, 0x3A09, 0x39E9, 0x31C8, 0x31C9,
    0x29A9, 0x2189, 0x2189, 0x218A, 0x1969, 0x29A8, 0x31C8, 0x1969, 0x3230, 0x3A92, 0x42D3, 0x4B35,
    0x5B55, 0x5B55, 0x5355, 0x5355, 0x4B35, 0x4B15, 0x3AB4, 0x11F4, 0x1214, 0x1A75, 0x1A35, 0x1214,
    0x1214, 0x1A34, 0x1A33, 0x11F2, 0x11D1, 0x11B0, 0x19AF, 0x21EE, 0x19AC, 0x1928, 0x1926, 0x1926,
    0x630A, 0x6B4B, 0x73AC, 0x842F, 0x7BED, 0x634B, 0x6B6C, 0x6B4B, 0x7BCD, 0x9CF1, 0xA511, 0xAD73,
    0xB5B4, 0xB5D4, 0xB5D4, 0xBDD5, 0xB5B4, 0xAD73, 0xB594, 0xB5B4, 0x94B0, 0x842F, 0x8C90, 0x8470,
    0x7C0E, 0x840E, 0x844F, 0xAD73, 0xC616, 0xC636, 0xC636, 0xC636, 0xC616, 0xC615, 0xC616, 0xC615,
    0xC5F5, 0xC616, 0xAD73, 0x8C71, 0x94D2, 0x94D2, 0x94F3, 0xA554, 0xB5D5, 0xB5B5, 0xB5D6, 0xB5F7,
    0xB639, 0xC69A, 0xCEFC, 0xD73D, 0xD75E, 0xDF7F, 0xDF7F, 0xD77F, 0xD77E, 0xD79E, 0xDF9F, 0xD77E,
    0x9576, 0x94F4, 0x9D55, 0x9534, 0xA5D8, 0xCF5E, 0xDF9F, 0xD79E, 0xD79E, 0xD79E, 0xD77E, 0x9555,
    0x7BEE, 0x840E, 0x738C, 0x738C, 0x736C, 0x6B4B, 0x62EA, 0x5289, 0x5A89, 0x4A07, 0x41C6, 0x3165,
    0x2924, 0x2924, 0x3165, 0x3985, 0x39A5, 0x39C6, 0x41E7, 0x41C7, 0x41C6, 0x4A07, 0x5248, 0x5A69,
    0x62AA, 0x62CA, 0x6ACA, 0x730B, 0x732B, 0x732B, 0x732B, 0x732B, 0x730B, 0x6AEA, 0x62A9, 0x62CA,
    0x62CA, 0x5AAB, 0x636E, 0x8D15, 0xBEBC, 0xCF5E, 0xD77F, 0xD75E, 0xD77F, 0x8D35, 0x8CD3, 0x9D35,
    0x9534, 0x8D14, 0x9DB7, 0xCF1E, 0xD75E, 0xCF5E, 0xCF5E, 0xCF5E, 0xCF5E, 0xCF3E, 0xCF3E, 0xCF3E,
    0xCF3E, 0xCF3E, 0xCF3E, 0xCF3E, 0xCF3E, 0xCF3E, 0xCF3E, 0xCF3F, 0xCF3E, 0xCF3E, 0xCF3E, 0xCF3E,
    0xCF3E, 0xCF3E, 0xCF3E, 0xCF3E, 0xCF3E, 0xCF3E, 0xCF3E, 0xCF3E, 0xCF3F, 0xD75F, 0xB67B, 0x63CF,
    0x8CB3, 0x94F4, 0x94F4, 0x8CD3, 0x9577, 0xC6FD, 0xCF3F, 0xCF1E, 0xCF3E, 0xCF3E, 0xCF3E, 0xCF3E,
    0xCF3E, 0xCF3F, 0xCF3F, 0xCF3F, 0xCF1F, 0xCF3F, 0xCF3F, 0xCF3F, 0xCF1F, 0xCF1F, 0xCF3F, 0xCF3E,
    0xCF1E, 0xCF3E, 0xCF3E, 0xCF3E, 0xCF3E, 0xCF3E, 0xCF3E, 0xCF1E, 0xCF3E, 0xCF3E, 0xCF3E, 0xCF3E,
    0xD77F, 0xC6FD, 0x5B4E, 0x3A09, 0x3A0A, 0x31E9, 0x29C9, 0x21AA, 0x218A, 0x196B, 0x196B, 0x116C,
    0x116C, 0x2A0E, 0x4290, 0x42D1, 0x2A0E, 0x2148, 0x31A8, 0x2169, 0x4AF2, 0x5B75, 0x5335, 0x42F5,
    0x3AF5, 0x32B5, 0x2A74, 0x1A13, 0x11F3, 0x09D2, 0x09B2, 0x11D2, 0x2253, 0x32B4, 0x3272, 0x19CF,
    0x19AE, 0x2A2F, 0x2A0E, 0x192A, 0x1108, 0x1107, 0x1927, 0x2167, 0x2147, 0x1926, 0x1905, 0x1905,
    0x844E, 0x94D0, 0xA512, 0xAD52, 0x948F, 0x7BCD, 0x7C0E, 0x73AC, 0x842E, 0xB593, 0xB593, 0xBDB4,
    0xBDB4, 0xB5B4, 0xB5B4, 0xBDF5, 0xBDF5, 0xAD94, 0xB594, 0xB5B4, 0x94B0, 0x8450, 0x8C91, 0x8470,
    0x842F, 0x7C0E, 0x7C0E, 0xA533, 0xBE15, 0xBDF5, 0xBDF5, 0xBDF5, 0xB5D5, 0xBDF5, 0xBDF5, 0xBDF5,
    0xBDF5, 0xC5F5, 0xA553, 0x8C91, 0x94D2, 0x94D3, 0x9514, 0xA5B6, 0xB638, 0xBE9A, 0xCEFC, 0xD73D,
    0xD75E, 0xD77E, 0xD77F, 0xD77F, 0xD75F, 0xD75E, 0xD75F, 0xD77E, 0xD77E, 0xD77E, 0xDF9F, 0xD75E,
    0x9555, 0x9514, 0x9D55, 0x9534, 0xA5F8, 0xCF5E, 0xDF9F, 0xD79E, 0xD79E, 0xD79E, 0xD75E, 0x9514,
    0x7BEE, 0x7BED, 0x736C, 0x6B2B, 0x5ACA, 0x5A89, 0x5268, 0x5248, 0x4207, 0x41C6, 0x39A5, 0x3965,
    0x3985, 0x3985, 0x39A6, 0x49E7, 0x4A07, 0x4A07, 0x4A07, 0x4A07, 0x5228, 0x6289, 0x6AEA, 0x7B2B,
    0x838D, 0x8BAD, 0x8BAD, 0x8BAD, 0x8BCD, 0x93EE, 0x9C0E, 0x9C2F, 0x9C2F, 0x93EE, 0x7B6C, 0x62CA,
    0x5A89, 0x5269, 0x528A, 0x52CB, 0x8493, 0xB65A, 0xCF1D, 0xD77E, 0xD75E, 0x8D15, 0x8CD3, 0x9D55,
    0x9534, 0x8D15, 0xA5D8, 0xCF3E, 0xD75F, 0xCF5E, 0xCF5E, 0xCF5E, 0xCF3E, 0xCF3E, 0xCF3E, 0xCF3E,
    0xCF3E, 0xCF3F, 0xCF3E, 0xCF3E, 0xCF3E, 0xCF3E, 0xCF3E, 0xCF3E, 0xCF3E, 0xCF3E, 0xCF3E, 0xCF3E,
    0xCF3E, 0xCF3E, 0xCF3E, 0xCF3E, 0xCF3E, 0xCF3E, 0xCF3E, 0xCF3F, 0xCF3F, 0xD75F, 0xAE5A, 0x63CF,
    0x8CD3, 0x94F4, 0x94F4, 0x84B3, 0x9D97, 0xC71D, 0xCF3E, 0xCF3E, 0xCF3E, 0xCF3E, 0xCF3E, 0xCF1E,
    0xCF1E, 0xCF1E, 0xCF1E, 0xCF1E, 0xCF1F, 0xCF1F, 0xCF1F, 0xCF3F, 0xCF3F, 0xCF3F, 0xCF3E, 0xCF3E,
    0xCF3E, 0xCF1E, 0xCF3E, 0xCF3E, 0xCF3E, 0xCF3E, 0xCF5E, 0xD75E, 0xCF5F, 0xCF5E, 0xC71E, 0xBEBD,
    0xAE5B, 0x8517, 0x2A2D, 0x196B, 0x118C, 0x118C, 0x118D, 0x118E, 0x11AF, 0x19D0, 0x19D0, 0x2211,
    0x19D0, 0x3A92, 0x42F3, 0x3AB2, 0x220F, 0x1948, 0x2987, 0x1969, 0x19F0, 0x1A33, 0x1A33, 0x1A13,
    0x1A13, 0x2A74, 0x3294, 0x2232, 0x19F0, 0x21F0, 0x21CF, 0x196C, 0x196B, 0x322E, 0x3A2D, 0x1949,
    0x1928, 0x29CA, 0x29A9, 0x2148, 0x1906, 0x1906, 0x1906, 0x18E6, 0x1906, 0x1926, 0x1905, 0x2105,
    0xA532, 0xA512, 0xA511, 0xA512, 0x9490, 0x7C0E, 0x844F, 0x7BEE, 0x8C90, 0xB5B4, 0xB593, 0xB5B4,
    0xB5B4, 0xB5B4, 0xB5D4, 0xBDD4, 0xB5B4, 0xAD73, 0xB593, 0xB5B4, 0x94B0, 0x8450, 0x8C91, 0x8470,
    0x8C70, 0x844F, 0x7BEE, 0xA533, 0xBDD5, 0xBDD5, 0xB5D5, 0xB5D5, 0xB5D5, 0xB5D5, 0xB5D5, 0xB5B4,
    0xAD94, 0xB5B5, 0x94F2, 0x8C91, 0x94F3, 0x8CD3, 0x9D76, 0xC6DB, 0xD77E, 0xDF7E, 0xDF7E, 0xDF7E,
    0xD77E, 0xD75E, 0xD75E, 0xD75F, 0xD75E, 0xD75E, 0xD77F, 0xD77F, 0xD77E, 0xD77E, 0xDF9F, 0xCF5D,
    0x9535, 0x9514, 0x9D55, 0x9534, 0xADF8, 0xCF7E, 0xDF9F, 0xD79E, 0xD77E, 0xDF9F, 0xCF5D, 0x9514,
    0x7BEE, 0x736B, 0x62C9, 0x5268, 0x5248, 0x5268, 0x4A07, 0x4A07, 0x39A6, 0x41A6, 0x5207, 0x5A28,
    0x5A27, 0x5A48, 0x5A48, 0x6289, 0x6289, 0x6289, 0x6AA9, 0x6AA9, 0x72CA, 0x834C, 0x8BAD, 0x93EE,
    0xA44F, 0xA470, 0xA44F, 0xA44F, 0xA470, 0xA470, 0xAC90, 0xACB1, 0xB4D1, 0xB4D2, 0xACD2, 0x9C50,
    0x7B6C, 0x5A89, 0x4A28, 0x5A8A, 0x52AA, 0x6BAF, 0xADF8, 0xCF1D, 0xCF1D, 0x8CF4, 0x94F3, 0x9D55,
    0x9535, 0x9515, 0xA5F9, 0xCF3E, 0xD77F, 0xCF5E, 0xCF5E, 0xCF5E, 0xCF3E, 0xCF3E, 0xCF3E, 0xCF3E,
    0xCF3E, 0xCF3E, 0xCF3E, 0xCF3E, 0xCF3E, 0xCF3E, 0xCF3E, 0xCF3E, 0xCF3E, 0xCF3E, 0xCF3E, 0xCF3E,
    0xCF3E, 0xCF3E, 0xCF3E, 0xCF3E, 0xCF3E, 0xCF3E, 0xCF3E, 0xCF3F, 0xCF3F, 0xD75F, 0xAE19, 0x63CF,
    0x94F4, 0x94F4, 0x94F4, 0x84B3, 0x9D97, 0xCF1E, 0xCF3E, 0xCF3E, 0xCF3E, 0xCF3E, 0xCF3E, 0xCF3E,
    0xCF3E, 0xCF3E, 0xCF3E, 0xCF1E, 0xCF3E, 0xCF3E, 0xCF3E, 0xCF1E, 0xCF3E, 0xCF3F, 0xCF3F, 0xCF3E,
    0xCF3E, 0xCF3E, 0xCF3E, 0xCF3E, 0xCF3E, 0xC6FD, 0xAE5B, 0x95DA, 0x8517, 0x6455, 0x4B93, 0x3AF1,
    0x2A70, 0x19EF, 0x19EF, 0x2A30, 0x2A30, 0x19F0, 0x1A11, 0x2211, 0x21F1, 0x21F1, 0x2A31, 0x2A32,
    0x19F2, 0x19F2, 0x19F2, 0x11D2, 0x11D1, 0x1969, 0x2146, 0x1948, 0x19AE, 0x19D0, 0x19F0, 0x19CF,
    0x2A0E, 0x5311, 0x5B31, 0x6372, 0x428E, 0x31CB, 0x29AA, 0x1927, 0x2148, 0x29A9, 0x31EA, 0x31CA,
    0x2188, 0x3A2B, 0x4A8D, 0x3A2B, 0x1927, 0x1906, 0x1906, 0x1926, 0x1926, 0x1926, 0x18E5, 0x1905,
    0xA532, 0xAD53, 0xB594, 0xB5B4, 0x9CF1, 0x840E, 0x844F, 0x7C0E, 0x94D1, 0xBDF5, 0xBDD4, 0xB5D4,
    0xB5B4, 0xB594, 0xB594, 0xB594, 0xB594, 0xB5B4, 0xBDD4, 0xBDD5, 0x94B1, 0x8470, 0x8CB1, 0x8C91,
    0x94B1, 0x8C90, 0x73EE, 0xA554, 0xBE16, 0xBDD5, 0xB5D5, 0xB5B5, 0xB5B5, 0xADB5, 0xADB5, 0xADD6,
    0xB617, 0xC69A, 0xADF7, 0x8CB2, 0x94F3, 0x8CD3, 0x9D76, 0xC6FC, 0xDF7E, 0xD77E, 0xD77E, 0xD77E,
    0xD75E, 0xD75E, 0xD75E, 0xD75E, 0xD75E, 0xD75E, 0xD75E, 0xD75E, 0xD77E, 0xD77E, 0xD77E, 0xCF3D,
    0x8D34, 0x9514, 0x9D35, 0x9534, 0xAE19, 0xD77E, 0xDF9E, 0xDF9E, 0xDF9E, 0xD79E, 0xCF3D, 0x9534,
    0x73AD, 0x62E9, 0x5268, 0x5268, 0x4A47, 0x4A27, 0x4A07, 0x41E6, 0x49E6, 0x6AA9, 0x7B0A, 0x7AEA,
    0x7AEA, 0x832B, 0x834B, 0x7B0A, 0x7B0A, 0x7B2B, 0x7B2B, 0x8B8D, 0x93AD, 0x9BCE, 0xA42F, 0xAC70,
    0xAC91, 0xB4B1, 0xB4B1, 0xB4B1, 0xB4B1, 0xB4D1, 0xB4D1, 0xB4D1, 0xB4D2, 0xB4F2, 0xBD13, 0xBD33,
    0xB513, 0x942F, 0x62A9, 0x5248, 0x4A48, 0x528A, 0x73F0, 0xADF8, 0xBEBB, 0x84D4, 0x94F4, 0x9D55,
    0x9535, 0x8D15, 0xA5F9, 0xCF5E, 0xD75E, 0xCF5E, 0xCF5E, 0xCF5E, 0xCF5E, 0xCF3E, 0xCF3E, 0xCF3E,
    0xCF3E, 0xCF3E, 0xCF3E, 0xCF3E, 0xCF3E, 0xCF3E, 0xCF3E, 0xCF3E, 0xCF3E, 0xCF3E, 0xCF3E, 0xCF3E,
    0xCF3E, 0xCF3E, 0xCF3E, 0xCF3E, 0xCF3E, 0xCF3E, 0xCF3E, 0xCF3E, 0xCF3F, 0xD77F, 0xA5D8, 0x63CF,
    0x94F4, 0x94D4, 0x94F4, 0x84B3, 0xA5B8, 0xCF1E, 0xCF3E, 0xCF3E, 0xCF3E, 0xCF3E, 0xCF3E, 0xCF3E,
    0xCF3E, 0xCF3E, 0xCF1E, 0xCF3E, 0xCF3E, 0xCF3E, 0xCF3E, 0xCF1E, 0xCF3E, 0xCF3E, 0xCF3E, 0xCF3E,
    0xCF3E, 0xCF3E, 0xCF3E, 0xCF3E, 0xD75E, 0xBEBC, 0x4B71, 0x2A4E, 0x222E, 0x222F, 0x2A70, 0x3A91,
    0x3AB1, 0x4AF2, 0x52F2, 0x5332, 0x42B2, 0x21F0, 0x2211, 0x2211, 0x2211, 0x2211, 0x2212, 0x1A12,
    0x11F2, 0x11F2, 0x11F2, 0x11F2, 0x19D0, 0x1949, 0x2146, 0x1926, 0x1107, 0x1107, 0x218A, 0x1969,
    0x3A0B, 0x73D2, 0x73B2, 0x7C14, 0x5B0F, 0x31CA, 0x3A2B, 0x3A0B, 0x2989, 0x424B, 0x426C, 0x31EA,
    0x2149, 0x31CB, 0x31CB, 0x29AA, 0x2149, 0x1949, 0x1949, 0x2149, 0x2148, 0x2127, 0x18E5, 0x10E5,
    0xB594, 0xB5B4, 0xB5B4, 0xB5B4, 0x9CD1, 0x842F, 0x8450, 0x840F, 0x94D1, 0xB5D5, 0xB594, 0xB594,
    0xB5B4, 0xB5D4, 0xBDF5, 0xBE15, 0xC615, 0xC615, 0xC616, 0xC616, 0x94D1, 0x8C70, 0x8CB1, 0x8C91,
    0x94F2, 0x94D1, 0x73EE, 0x9D33, 0xB5F6, 0xADB5, 0xADB5, 0xB5D6, 0xB617, 0xBE79, 0xCEDB, 0xCF1C,
    0xD73D, 0xDF7E, 0xC6BB, 0x8CD3, 0x94F3, 0x8CD3, 0x9D76, 0xC6FC, 0xD77E, 0xD77E, 0xD77E, 0xD75E,
    0xD75E, 0xD75E, 0xD75E, 0xD75E, 0xD75E, 0xD75E, 0xD75E, 0xCF5E, 0xD75E, 0xD75E, 0xD77E, 0xCF1C,
    0x8D14, 0x9514, 0x9D34, 0x9534, 0xAE19, 0xD77E, 0xDFBF, 0xDF9E, 0xD77E, 0xD75E, 0xC6BB, 0x8450,
    0x630A, 0x5AA9, 0x4A47, 0x4A27, 0x41E7, 0x41E6, 0x4A07, 0x6288, 0x832B, 0x8B6B, 0x8B6B, 0x938C,
    0x9BAC, 0x9BCD, 0x9BED, 0x9BCD, 0x93AD, 0x93AD, 0x9BEE, 0xA42F, 0xA42F, 0xA42F, 0xAC70, 0xB4B1,
    0xB4D1, 0xBCD2, 0xBCF2, 0xBCF2, 0xB4D2, 0xBCF2, 0xBCF2, 0xBCF2, 0xBD12, 0xBCF2, 0xBD13, 0xBD33,
    0xBD33, 0xBD34, 0xACB1, 0x7B6C, 0x4A07, 0x4A28, 0x4A69, 0x7BF0, 0x94F4, 0x94F4, 0x9514, 0x9D35,
    0x9535, 0x9535, 0xAE3A, 0xCF5E, 0xD75E, 0xCF5E, 0xCF5E, 0xCF5E, 0xCF5E, 0xCF3E, 0xCF3E, 0xCF3E,
    0xCF3E, 0xCF3E, 0xCF3E, 0xCF3E, 0xCF3E, 0xCF3E, 0xCF3E, 0xCF3E, 0xCF3E, 0xCF3E, 0xCF3E, 0xCF3E,
    0xCF3E, 0xCF3E, 0xCF3E, 0xCF3E, 0xCF3E, 0xCF3E, 0xCF3F, 0xCF3E, 0xCF3E, 0xD77F, 0x9DB7, 0x63CF,
    0x94F4, 0x94D4, 0x8CF3, 0x84B3, 0xA5D8, 0xCF3E, 0xCF3E, 0xCF3E, 0xCF3E, 0xCF3E, 0xCF3E, 0xCF3E,
    0xCF3E, 0xCF3E, 0xCF3E, 0xCF3E, 0xCF3E, 0xCF3E, 0xCF3E, 0xCF3F, 0xCF1E, 0xCF3E, 0xCF3E, 0xCF3E,
    0xCF3E, 0xCF3E, 0xCF3E, 0xCF3E, 0xD75E, 0xC6FD, 0x5392, 0x42F1, 0x5333, 0x5333, 0x5313, 0x4AF3,
    0x42D2, 0x3AB3, 0x3273, 0x2A32, 0x19F1, 0x2212, 0x3273, 0x2A52, 0x2A31, 0x2A31, 0x2A31, 0x21F0,
    0x198E, 0x196C, 0x194B, 0x218C, 0x216A, 0x1907, 0x1926, 0x1906, 0x1906, 0x2167, 0x29A9, 0x320A,
    0x52CE, 0x8455, 0x7C35, 0x8476, 0x6371, 0x31CA, 0x31CA, 0x2989, 0x2169, 0x29AA, 0x31EB, 0x29EB,
    0x2169, 0x3A4D, 0x4AAE, 0x3A2C, 0x2169, 0x1949, 0x1948, 0x1948, 0x2127, 0x1926, 0x18E5, 0x18E5,
    0xAD73, 0xAD93, 0xB593, 0xB594, 0x94B0, 0x842F, 0x8450, 0x842F, 0x94D1, 0xB594, 0xAD94, 0xB5B4,
    0xB5D5, 0xBDD5, 0xBDF5, 0xBDF5, 0xBDF5, 0xBDF5, 0xC615, 0xBDF5, 0x94D1, 0x8C91, 0x94B2, 0x8C91,
    0x94F2, 0x8CB1, 0x740F, 0x9D54, 0xB618, 0xBE59, 0xC6BA, 0xCF1C, 0xD75D, 0xDF7E, 0xDF7E, 0xDF7E,
    0xDF7E, 0xDF9F, 0xBE7A, 0x8CD3, 0x94F3, 0x8CD3, 0x9D96, 0xCF1D, 0xD77E, 0xD75E, 0xD75E, 0xD75E,
    0xD75E, 0xD75E, 0xD75E, 0xD75E, 0xD75E, 0xD75E, 0xD75E, 0xCF5E, 0xD75E, 0xD75E, 0xD77E, 0xC6FC,
    0x8D14, 0x9514, 0x9D34, 0x9534, 0xAE39, 0xD77E, 0xDF9F, 0xD77E, 0xD75E, 0xD75D, 0xA5D7, 0x73CE,
    0x5AEA, 0x4A27, 0x41E6, 0x41E6, 0x4207, 0x4A07, 0x72EA, 0x938C, 0x938C, 0x936B, 0x9BAC, 0xA3CC,
    0xA3ED, 0xA40D, 0xA40D, 0xA40D, 0xA3ED, 0xA40E, 0xAC4F, 0xAC70, 0xAC70, 0xAC70, 0xB491, 0xBCD1,
    0xBCF2, 0xBCF2, 0xBD12, 0xBD12, 0xBCF2, 0xBCF2, 0xBD12, 0xBD12, 0xBD12, 0xBD13, 0xBD13, 0xBD33,
    0xBD13, 0xBD33, 0xBD34, 0xBD53, 0x8BCE, 0x49E7, 0x39C6, 0x4A48, 0x738E, 0x8451, 0x9D34, 0x9D35,
    0x9535, 0x9535, 0xB65A, 0xD75E, 0xD75E, 0xCF5E, 0xCF5E, 0xCF3E, 0xCF3E, 0xCF3E, 0xCF3E, 0xCF3E,
    0xCF3E, 0xCF3E, 0xCF3E, 0xCF3E, 0xCF3E, 0xCF3E, 0xCF3E, 0xCF3E, 0xCF3E, 0xCF3E, 0xCF3E, 0xCF3E,
    0xCF3E, 0xCF3E, 0xCF3E, 0xCF3E, 0xCF3E, 0xCF3E, 0xCF3E, 0xCF3E, 0xCF3E, 0xD75E, 0x9576, 0x6BCF,
    0x94F4, 0x8CD4, 0x8CF3, 0x84B3, 0xAE19, 0xCF3E, 0xCF3E, 0xCF3E, 0xCF3E, 0xCF3E, 0xCF3E, 0xCF3E,
    0xCF3E, 0xCF3E, 0xCF3E, 0xCF3E, 0xCF3E, 0xCF3E, 0xCF3E, 0xCF3E, 0xCF3E, 0xCF3E, 0xCF3E, 0xCF3E,
    0xCF3E, 0xCF3E, 0xCF3E, 0xCF3E, 0xD75F, 0xC71D, 0x5BF3, 0x3291, 0x3AD2, 0x3292, 0x2A32, 0x2232,
    0x2232, 0x2232, 0x1A11, 0x11D0, 0x19AF, 0x19AE, 0x2A0E, 0x324F, 0x21AC, 0x218B, 0x3A2C, 0x29CA,
    0x1927, 0x1906, 0x2147, 0x2968, 0x2988, 0x1926, 0x1905, 0x1906, 0x2147, 0x3A0A, 0x39EA, 0x31EA,
    0x426D, 0x73F4, 0x6BD4, 0x7415, 0x5B51, 0x31EB, 0x3A4C, 0x31CB, 0x29AA, 0x3A4D, 0x426D, 0x320C,
    0x1949, 0x29AA, 0x31CB, 0x29AA, 0x1928, 0x1907, 0x1906, 0x1906, 0x1906, 0x1905, 0x18E5, 0x18E5,
    0xB5B4, 0xB5B4, 0xB5B4, 0xB5B4, 0x94B0, 0x844F, 0x8C70, 0x8450, 0x9D33, 0xBDF5, 0xBDD5, 0xBDD5,
    0xB5D5, 0xB5B5, 0xB5B5, 0xB5D5, 0xB5B5, 0xB5B5, 0xBDD5, 0xB5B5, 0x8CB1, 0x8C91, 0x8CB2, 0x8CB2,
    0xA575, 0x9513, 0x742F, 0xB638, 0xD73D, 0xDF5E, 0xDF7E, 0xDF7E, 0xDF7E, 0xDF7E, 0xD75E, 0xDF7E,
    0xD77E, 0xDF7E, 0xB659, 0x84D3, 0x94F3, 0x8CD3, 0x9D97, 0xCF1D, 0xD77E, 0xD75E, 0xD75E, 0xD75E,
    0xD75E, 0xD75E, 0xD75E, 0xD73E, 0xD75E, 0xD75E, 0xD75E, 0xCF5E, 0xD75E, 0xD75E, 0xD77E, 0xBEDB,
    0x8CF4, 0x9514, 0x9534, 0x9534, 0xB65A, 0xD79E, 0xDF7E, 0xDF9E, 0xD77E, 0xB67A, 0x9D55, 0x6B8D,
    0x5289, 0x41E7, 0x41C6, 0x39A5, 0x4A07, 0x7B2B, 0x938C, 0x938C, 0x9B8C, 0x9BAC, 0xA3CD, 0xA3CD,
    0xA3ED, 0xA3ED, 0xAC0E, 0xAC2E, 0xA40E, 0xAC4F, 0xB470, 0xB490, 0xB491, 0xB490, 0xB4B1, 0xBCD1,
    0xBCF2, 0xBCF2, 0xBCF2, 0xBD12, 0xBD12, 0xBD12, 0xBD12, 0xBD12, 0xBD12, 0xBD13, 0xBD33, 0xBD33,
    0xBD33, 0xBD33, 0xBD33, 0xBD33, 0xBD74, 0x942F, 0x5228, 0x41E7, 0x630B, 0x632C, 0x8471, 0x9D35,
    0x9535, 0x9535, 0xB67A, 0xD77F, 0xD75E, 0xD75E, 0xCF5E, 0xCF3E, 0xCF3E, 0xCF3E, 0xCF3E, 0xCF3E,
    0xCF3E, 0xCF3E, 0xCF3E, 0xCF3E, 0xCF3E, 0xCF3E, 0xCF3E, 0xCF3E, 0xCF3E, 0xCF3E, 0xCF3E, 0xCF3E,
    0xCF3E, 0xCF3E, 0xCF3E, 0xCF3E, 0xCF3E, 0xCF3E, 0xCF3E, 0xCF3E, 0xCF3E, 0xCF5E, 0x9555, 0x6BF0,
    0x94F4, 0x94D4, 0x8CD3, 0x84B3, 0xAE3A, 0xCF3E, 0xCF3E, 0xCF3E, 0xCF3E, 0xCF3E, 0xCF3E, 0xCF3E,
    0xCF3E, 0xCF3E, 0xCF3E, 0xCF3E, 0xCF3E, 0xCF3E, 0xCF3E, 0xCF3E, 0xCF3E, 0xCF3E, 0xCF3E, 0xCF3E,
    0xCF3E, 0xCF3E, 0xCF3E, 0xCF3E, 0xD75E, 0xCF3E, 0x6C55, 0x21EE, 0x2210, 0x21F0, 0x21EF, 0x3A70,
    0x42B0, 0x52F1, 0x3A4E, 0x29CC, 0x218A, 0x1928, 0x2189, 0x31EA, 0x2968, 0x2148, 0x31CA, 0x31C9,
    0x2968, 0x2988, 0x39EA, 0x31EA, 0x31C9, 0x2147, 0x18E5, 0x18E5, 0x1906, 0x2988, 0x31C9, 0x31EA,
    0x426D, 0x7C36, 0x7C37, 0x7C58, 0x6393, 0x31CB, 0x31CA, 0x2169, 0x1928, 0x29AA, 0x320B, 0x31EB,
    0x2169, 0x3A0C, 0x4A8D, 0x424C, 0x2148, 0x1906, 0x1907, 0x1927, 0x1927, 0x2126, 0x18E5, 0x18E4,
    0xB5B4, 0xB5B4, 0xB5B4, 0xBDD5, 0x94B1, 0x8450, 0x8C71, 0x8470, 0xA553, 0xBE16, 0xBDF5, 0xBDD5,
    0xB5D5, 0xB5D5, 0xBDD5, 0xB5D5, 0xB5B5, 0xB5B5, 0xB5B5, 0xADB4, 0x8C91, 0x8C91, 0x8CB2, 0x8CD3,
    0xC69A, 0xBE79, 0x7450, 0xB659, 0xDF7E, 0xDF7E, 0xD75D, 0xD75E, 0xD75E, 0xD75E, 0xD77E, 0xD75E,
    0xD75E, 0xDF7E, 0xB639, 0x8CD3, 0x94F3, 0x8CF3, 0x9DB7, 0xCF1D, 0xD75E, 0xD75E, 0xD75E, 0xCF5E,
    0xCF5E, 0xD73E, 0xD75E, 0xD75E, 0xD75E, 0xD75E, 0xD75E, 0xCF5E, 0xD75E, 0xD75E, 0xD77E, 0xBEBB,
    0x8CF4, 0x9514, 0x9534, 0x9535, 0xB67A, 0xD77E, 0xDF7E, 0xDF7E, 0xC6DC, 0xAE39, 0x8CD3, 0x4A69,
    0x39A6, 0x3185, 0x3185, 0x49C6, 0x7B2B, 0x93AC, 0x936B, 0x9B8C, 0x9BAC, 0x9BAC, 0xA3CC, 0xA3ED,
    0xABED, 0xAC0E, 0xAC2E, 0xAC4F, 0xAC4F, 0xB470, 0xB4B1, 0xB4B1, 0xB491, 0xB4B1, 0xBCD1, 0xBCD2,
    0xBCF2, 0xBCF2, 0xBD12, 0xBD12, 0xBD12, 0xBCF2, 0xBD12, 0xBD13, 0xBD12, 0xBD13, 0xBD33, 0xBD33,
    0xBD33, 0xBD33, 0xBD33, 0xBD33, 0xBD33, 0xBD54, 0x9C50, 0x5228, 0x41C7, 0x4A28, 0x5ACA, 0x8430,
    0x9514, 0x9535, 0xB67B, 0xD77F, 0xD75E, 0xD75E, 0xD75E, 0xCF5E, 0xCF3E, 0xCF5E, 0xCF3E, 0xCF3E,
    0xCF3E, 0xCF3E, 0xCF3E, 0xCF3E, 0xCF3E, 0xCF3E, 0xCF3E, 0xCF3E, 0xCF3E, 0xCF3E, 0xCF3E, 0xCF3E,
    0xCF3E, 0xCF3E, 0xCF3E, 0xCF3E, 0xCF3E, 0xCF3E, 0xCF3E, 0xCF3E, 0xCF5E, 0xCF5E, 0x8D15, 0x6BF0,
    0x9514, 0x94D4, 0x8CF4, 0x84B3, 0xB63A, 0xD75E, 0xCF3E, 0xCF3E, 0xCF3E, 0xCF3E, 0xCF3E, 0xCF3E,
    0xCF3E, 0xCF3E, 0xCF3E, 0xCF3E, 0xCF3E, 0xCF3E, 0xCF3E, 0xCF3E, 0xCF3E, 0xCF3E, 0xCF3E, 0xCF3E,
    0xCF3E, 0xCF3E, 0xCF3E, 0xD73E, 0xD73E, 0xD77E, 0x7CD5, 0x19AA, 0x198A, 0x1128, 0x2189, 0x632F,
    0x6B70, 0x7390, 0x4A8C, 0x2989, 0x31C9, 0x2147, 0x2989, 0x3A2B, 0x31CA, 0x2168, 0x31EA, 0x31EA,
    0x2989, 0x2168, 0x2168, 0x2147, 0x1927, 0x1926, 0x10E5, 0x10E4, 0x1926, 0x29A9, 0x29A9, 0x29A9,
    0x31EC, 0x6395, 0x63D6, 0x6BF7, 0x6395, 0x3A4D, 0x426D, 0x31EB, 0x1907, 0x29AA, 0x3A2C, 0x31EB,
    0x2149, 0x298A, 0x31CB, 0x29CB, 0x2169, 0x1948, 0x1949, 0x1949, 0x1948, 0x2147, 0x18E5, 0x18E4,
    0xB5B4, 0xB594, 0xB5B4, 0xB5B4, 0x8CB1, 0x8470, 0x8C91, 0x8471, 0xA554, 0xBDF6, 0xBDD5, 0xB5D5,
    0xB5B5, 0xADB5, 0xAD95, 0xADB5, 0xADD6, 0xB617, 0xC679, 0xCEBA, 0x9533, 0x8C91, 0x8CB2, 0x8CF3,
    0xC6BB, 0xC69A, 0x7451, 0xB639, 0xDF5E, 0xD75E, 0xD75D, 0xD75D, 0xD75E, 0xD75E, 0xD75E, 0xD75E,
    0xD75E, 0xDF7E, 0xAE18, 0x8CB3, 0x94F3, 0x8CF4, 0xA5D7, 0xCF1D, 0xD75E, 0xD75E, 0xCF5E, 0xCF5E,
    0xCF3E, 0xD73E, 0xD73E, 0xD73E, 0xD75E, 0xD75E, 0xCF5E, 0xCF5E, 0xD75E, 0xD75E, 0xDF7E, 0xB69A,
    0x8CD3, 0x9D14, 0x9D34, 0x9535, 0xBE9B, 0xDF9E, 0xDF7E, 0xD77E, 0xBEBB, 0xB618, 0x52AA, 0x3185,
    0x2965, 0x3145, 0x3985, 0x72EA, 0x8B8C, 0x938C, 0x9BAC, 0x9BAC, 0xA3CC, 0xA3AC, 0xA3CC, 0xA3CD,
    0xABED, 0xAC0E, 0xAC0E, 0xAC2F, 0xB44F, 0xB490, 0xB4B1, 0xB4B1, 0xB4B1, 0xBCD1, 0xBCD1, 0xBCD1,
    0xB4D1, 0xBCF2, 0xBCF2, 0xBCF2, 0xBD12, 0xBD12, 0xBD12, 0xBD12, 0xBD12, 0xBCF2, 0xBD12, 0xBD33,
    0xBD33, 0xBD13, 0xBD33, 0xBD33, 0xBD34, 0xBD54, 0xBD54, 0x940F, 0x41C6, 0x41E7, 0x4A28, 0x528A,
    0x73AE, 0x9515, 0xBEBC, 0xD75F, 0xD75E, 0xD75E, 0xD75E, 0xCF5E, 0xCF5E, 0xCF5E, 0xCF5E, 0xCF3E,
    0xCF3E, 0xCF3E, 0xCF3E, 0xCF3E, 0xCF3E, 0xCF3E, 0xCF3E, 0xCF3E, 0xCF3E, 0xCF3E, 0xCF3E, 0xCF3E,
    0xCF3E, 0xCF3E, 0xCF3E, 0xCF3E, 0xCF3E, 0xCF3E, 0xCF3E, 0xCF3E, 0xCF3E, 0xCF3E, 0x84F4, 0x7410,
    0x9514, 0x94F4, 0x8CD3, 0x84D4, 0xB67B, 0xD75E, 0xCF3E, 0xCF3E, 0xCF3E, 0xCF3E, 0xCF3E, 0xCF3E,
    0xCF3E, 0xCF3E, 0xCF3E, 0xCF3E, 0xCF3F, 0xCF3E, 0xCF3E, 0xCF3E, 0xCF3E, 0xCF3E, 0xCF3E, 0xCF3E,
    0xCF3E, 0xCF3E, 0xD73E, 0xCF5E, 0xD73E, 0xD77F, 0x8D56, 0x1989, 0x2168, 0x2988, 0x320B, 0x6B91,
    0x7BF2, 0x7BF3, 0x5B0F, 0x31EA, 0x31EA, 0x2148, 0x2168, 0x31CA, 0x31CA, 0x2189, 0x320B, 0x3A2B,
    0x31CA, 0x1948, 0x1906, 0x1906, 0x1906, 0x1906, 0x10E5, 0x18E5, 0x1906, 0x2988, 0x31EA, 0x3A0C,
    0x3A2D, 0x6395, 0x6BF7, 0x6BF7, 0x6395, 0x320D, 0x29CB, 0x2169, 0x1928, 0x218A, 0x3A0C, 0x3A2C,
    0x29AA, 0x31EC, 0x428E, 0x3A2C, 0x2169, 0x1948, 0x1928, 0x1928, 0x1927, 0x1927, 0x1905, 0x18E5,
    0xBDD5, 0xBDD5, 0xBDF5, 0xB5D4, 0x94B1, 0x8470, 0x8C71, 0x8C91, 0xA554, 0xBDF6, 0xB5D5, 0xB5D5,
    0xB5D5, 0xB5F7, 0xBE58, 0xC6BA, 0xD71C, 0xD73D, 0xDF7E, 0xDF5D, 0x9D75, 0x8C92, 0x8CB2, 0x8D13,
    0xC6BB, 0xC69A, 0x7451, 0xB639, 0xDF5E, 0xDF7E, 0xD75D, 0xD75E, 0xD75E, 0xD75E, 0xD75E, 0xD75E,
    0xDF5E, 0xDF7E, 0xA5F8, 0x8CB3, 0x94F4, 0x8CF4, 0xA5D8, 0xCF1D, 0xD75E, 0xD75E, 0xCF5E, 0xCF5E,
    0xCF5E, 0xD73E, 0xD73E, 0xD73E, 0xD73E, 0xD75E, 0xD75E, 0xCF5E, 0xD75E, 0xD75E, 0xDF7E, 0xB67A,
    0x8CD3, 0x9D34, 0x9534, 0x9555, 0xBEBB, 0xDF9E, 0xDF9E, 0xCF1C, 0xBE7A, 0x636E, 0x3186, 0x3186,
    0x2104, 0x3144, 0x6AA9, 0x8B6B, 0x936B, 0x9B8C, 0x9BAC, 0x9BCC, 0xA3CC, 0xA3CC, 0xA3CD, 0xA3ED,
    0xA3ED, 0xAC2E, 0xAC2E, 0xAC4F, 0xAC70, 0xB491, 0xB4B1, 0xB4B1, 0xB4B1, 0xBCD1, 0xBCD1, 0xBCD1,
    0xBCD1, 0xBCD2, 0xBCF2, 0xBCF2, 0xBCF2, 0xBCF2, 0xBCF2, 0xBCF2, 0xBD12, 0xBCF2, 0xBCF2, 0xBD12,
    0xBD13, 0xBD13, 0xBD13, 0xBD13, 0xBD33, 0xBD54, 0xBD74, 0xBD54, 0x8BCE, 0x3985, 0x3186, 0x4A28,
    0x5269, 0x634D, 0xADD8, 0xD77F, 0xCF5E, 0xD75E, 0xD75E, 0xCF5E, 0xCF5E, 0xCF5E, 0xCF5E, 0xCF5E,
    0xCF5E, 0xCF5E, 0xCF5E, 0xCF3E, 0xCF3E, 0xCF5E, 0xCF5E, 0xCF3E, 0xCF3E, 0xCF3E, 0xCF3E, 0xCF3E,
    0xCF3E, 0xCF3E, 0xCF3E, 0xCF3E, 0xCF3E, 0xCF3E, 0xCF3E, 0xCF3E, 0xD75E, 0xCF3E, 0x84B4, 0x7C31,
    0x9514, 0x94F4, 0x8CD3, 0x8CF4, 0xBE7B, 0xD75E, 0xCF3E, 0xCF3E, 0xCF3E, 0xCF3E, 0xCF3E, 0xCF3E,
    0xCF3E, 0xCF3E, 0xCF3E, 0xCF3E, 0xCF3E, 0xCF3E, 0xCF3E, 0xCF3E, 0xCF3E, 0xCF3E, 0xCF3E, 0xCF3E,
    0xCF3E, 0xCF3E, 0xD73E, 0xCF5E, 0xD73E, 0xD77F, 0x9DB8, 0x322B, 0x3A2B, 0x3A2B, 0x3A0C, 0x5B52,
    0x6393, 0x6373, 0x4A8F, 0x218B, 0x29AB, 0x2169, 0x29AA, 0x426D, 0x3A2C, 0x2169, 0x29CA, 0x29CA,
    0x2989, 0x1927, 0x1927, 0x1927, 0x1927, 0x1927, 0x18E5, 0x18E5, 0x1906, 0x2989, 0x29A9, 0x29CA,
    0x29EC, 0x4AF4, 0x5B77, 0x5B77, 0x5355, 0x426F, 0x426E, 0x31EB, 0x1949, 0x29AA, 0x3A2C, 0x320C,
    0x218A, 0x2189, 0x29CA, 0x31CA, 0x2148, 0x18E6, 0x1906, 0x1906, 0x1906, 0x1926, 0x1905, 0x10E5,
    0xB5B4, 0xB5B4, 0xB5B4, 0xB5B4, 0x94D1, 0x8C91, 0x8C91, 0x8CB2, 0xA574, 0xADF6, 0xB637, 0xC699,
    0xCEFB, 0xD73C, 0xDF5D, 0xDF7D, 0xDF7E, 0xDF7E, 0xDF7E, 0xD73D, 0x9534, 0x8CB2, 0x8CB2, 0x9514,
    0xC6DB, 0xC6BA, 0x7C71, 0xAE18, 0xDF5E, 0xD75D, 0xD75D, 0xD75E, 0xD75E, 0xD75E, 0xD75E, 0xD75E,
    0xD75E, 0xD75E, 0xA5D7, 0x8CD3, 0x94F4, 0x8CF4, 0xA5F8, 0xCF1D, 0xD75E, 0xD75E, 0xCF3E, 0xCF5E,
    0xCF5E, 0xCF5E, 0xD73E, 0xD73E, 0xD73E, 0xD73E, 0xCF5E, 0xCF5E, 0xD75E, 0xD75E, 0xDF7E, 0xAE59,
    0x84D3, 0x9D34, 0x9534, 0x9556, 0xBEBB, 0xDF9F, 0xD75E, 0xCF1C, 0x73CF, 0x2986, 0x39A6, 0x2945,
    0x18E3, 0x5228, 0x8B8C, 0x936B, 0x936B, 0x9BAC, 0xA3CC, 0xA3CD, 0xA3ED, 0xA3ED, 0xAC0D, 0xA40D,
    0xAC0E, 0xAC4E, 0xAC4F, 0xAC6F, 0xB470, 0xB491, 0xB490, 0xB491, 0xB4B1, 0xB4B1, 0xBCD1, 0xBCD1,
    0xB4D1, 0xB4D1, 0xBCF2, 0xBCF2, 0xBCF2, 0xBCF2, 0xBCF2, 0xBCF2, 0xBCF2, 0xBD12, 0xBD12, 0xBCF2,
    0xBD12, 0xBD13, 0xBD13, 0xBD33, 0xBD34, 0xBD54, 0xBD54, 0xBD75, 0xB513, 0x732B, 0x2904, 0x3186,
    0x4A49, 0x528A, 0x6B8E, 0xBE9B, 0xD75E, 0xD73E, 0xD75E, 0xD75E, 0xD75E, 0xCF5E, 0xCF5E, 0xCF5E,
    0xCF5E, 0xCF5E, 0xCF5E, 0xCF5E, 0xCF5E, 0xCF5E, 0xCF5E, 0xCF3E, 0xCF3E, 0xCF3E, 0xCF3E, 0xCF3E,
    0xCF3E, 0xCF3E, 0xCF3E, 0xCF3E, 0xCF5E, 0xCF5E, 0xCF3E, 0xCF3E, 0xD75E, 0xCF3D, 0x7C93, 0x7C51,
    0x9514, 0x94F4, 0x8CD4, 0x8D15, 0xBE9B, 0xD75E, 0xCF3E, 0xCF3E, 0xCF3E, 0xCF3E, 0xCF3E, 0xCF3E,
    0xCF3E, 0xCF3E, 0xCF3E, 0xCF3E, 0xCF3E, 0xCF3E, 0xCF3E, 0xCF3E, 0xCF3E, 0xCF3E, 0xCF3E, 0xCF3E,
    0xCF3E, 0xCF3E, 0xD73E, 0xCF5E, 0xD75E, 0xDF7F, 0xAE3A, 0x3A6B, 0x29A9, 0x31CA, 0x31CB, 0x4291,
    0x5314, 0x5335, 0x4291, 0x218C, 0x218B, 0x1969, 0x2169, 0x31CB, 0x31EB, 0x2169, 0x29CA, 0x3A2C,
    0x31EB, 0x2148, 0x2148, 0x2148, 0x2148, 0x2147, 0x18E5, 0x10C4, 0x18E5, 0x29A9, 0x31EA, 0x3A2C,
    0x320D, 0x4AF3, 0x5B77, 0x5377, 0x5335, 0x3A0E, 0x31EB, 0x2168, 0x10E7, 0x2189, 0x426C, 0x428D,
    0x29CA, 0x31CB, 0x428D, 0x3A4C, 0x2169, 0x1906, 0x1927, 0x1907, 0x1927, 0x2127, 0x1906, 0x10C4,
    0xB594, 0xB594, 0xADB4, 0xAD74, 0x8C91, 0x8C91, 0x8C92, 0x9534, 0xC699, 0xD71B, 0xD75D, 0xDF7D,
    0xDF7E, 0xDF5D, 0xD75E, 0xD75E, 0xD75E, 0xD75E, 0xDF5E, 0xD73D, 0x9534, 0x84B2, 0x8CB2, 0x9534,
    0xC6DB, 0xC6BA, 0x7C71, 0xAE18, 0xD75E, 0xDF7E, 0xD75D, 0xD75D, 0xD75E, 0xD75E, 0xD75E, 0xD75E,
    0xD75E, 0xD77E, 0x9DB6, 0x8CD3, 0x94F4, 0x8CF4, 0xAE18, 0xCF3D, 0xD75E, 0xD73E, 0xCF3E, 0xCF5E,
    0xCF5E, 0xCF5E, 0xD75E, 0xD73E, 0xD75E, 0xD75E, 0xD75D, 0xCF5E, 0xD75E, 0xD75E, 0xDF7E, 0xAE38,
    0x8CF3, 0x9D34, 0x9534, 0x9D56, 0xC6DB, 0xD77E, 0xE7BF, 0x9535, 0x2986, 0x39C7, 0x2945, 0x2104,
    0x41C6, 0x836B, 0x938B, 0x938B, 0x938B, 0x9BAC, 0x9BCC, 0xA3CD, 0xA3ED, 0xA40D, 0xAC0E, 0xA40E,
    0xAC2E, 0xAC4F, 0xAC4F, 0xB470, 0xB490, 0xB490, 0xB490, 0xBCB1, 0xB4B1, 0xB4D1, 0xBCD2, 0xB4B1,
    0xBCD1, 0xBCD1, 0xB4D1, 0xBCF2, 0xBCF2, 0xBCF2, 0xBCF2, 0xBCF2, 0xBCF2, 0xBCF2, 0xBD12, 0xBCF2,
    0xBCF2, 0xBCF2, 0xBD13, 0xBD33, 0xBD34, 0xBD54, 0xBD74, 0xBD75, 0xBD54, 0xACF2, 0x5A69, 0x2924,
    0x39C7, 0x5269, 0x5ACB, 0x7410, 0xCEFC, 0xDF7F, 0xD75E, 0xD75E, 0xD75E, 0xD75E, 0xD75E, 0xD75E,
    0xCF5E, 0xCF5E, 0xCF5E, 0xCF5E, 0xCF5E, 0xCF5E, 0xCF5E, 0xCF5E, 0xCF3E, 0xCF3E, 0xCF3E, 0xCF5E,
    0xCF5E, 0xCF3E, 0xCF5E, 0xCF5E, 0xCF5E, 0xCF5E, 0xCF5E, 0xCF3E, 0xD75E, 0xCF1D, 0x7C72, 0x7C71,
    0x9514, 0x94F4, 0x8CD3, 0x8D15, 0xC6BC, 0xD75E, 0xD75E, 0xD75E, 0xCF5E, 0xCF3E, 0xCF3E, 0xCF3E,
    0xCF3E, 0xCF3E, 0xCF3E, 0xCF3E, 0xCF3E, 0xCF3E, 0xCF3E, 0xCF3E, 0xCF3E, 0xD73E, 0xCF3E, 0xCF3E,
    0xD73E, 0xD73E, 0xD73E, 0xD75E, 0xD75E, 0xDF7F, 0xBE9B, 0x42AD, 0x31CA, 0x31EA, 0x31CB, 0x4290,
    0x5B34, 0x6355, 0x52F2, 0x3A2E, 0x426E, 0x29AA, 0x2148, 0x31EB, 0x320B, 0x2169, 0x2989, 0x31CA,
    0x2989, 0x1948, 0x1927, 0x1927, 0x1907, 0x1926, 0x18E5, 0x10C4, 0x18E5, 0x2968, 0x29A9, 0x31CA,
    0x29AA, 0x5312, 0x7418, 0x7C38, 0x8457, 0x52AF, 0x422B, 0x2969, 0x10C6, 0x2168, 0x320B, 0x31EB,
    0x298A, 0x216A, 0x31EC, 0x3A2C, 0x31EB, 0x2149, 0x2149, 0x1948, 0x2148, 0x2148, 0x1906, 0x10E5,
    0xADB5, 0xB5D6, 0xBE37, 0xC658, 0x94F3, 0x8491, 0x8492, 0x9D55, 0xCF1C, 0xDF9D, 0xDF7D, 0xDF5E,
    0xD75D, 0xD75D, 0xD75D, 0xD75D, 0xD75D, 0xD75D, 0xDF5E, 0xD71C, 0x9514, 0x8CB2, 0x8CB2, 0x9534,
    0xCEFC, 0xC6DB, 0x7C71, 0xADF7, 0xD75E, 0xDF5E, 0xD75D, 0xD75D, 0xD75D, 0xD75E, 0xD75E, 0xD75D,
    0xD75E, 0xD75D, 0x9DB6, 0x8CD3, 0x94F4, 0x8D14, 0xAE18, 0xD73D, 0xD73E, 0xD73E, 0xCF3E, 0xCF3E,
    0xCF5E, 0xCF5E, 0xCF5E, 0xD75E, 0xD75E, 0xD75E, 0xD75E, 0xD75E, 0xD75E, 0xD75E, 0xDF7E, 0xA618,
    0x8CF3, 0x9D34, 0x9514, 0x9D76, 0xC6DC, 0xDF9E, 0xDF5D, 0x4AAB, 0x3186, 0x3165, 0x2104, 0x3985,
    0x7B2B, 0x938B, 0x938B, 0x938B, 0x938B, 0x9BAC, 0x9BCC, 0xA3CC, 0xA3ED, 0xAC2E, 0xAC2E, 0xAC2E,
    0xAC2E, 0xAC4F, 0xAC4F, 0xB470, 0xB490, 0xB490, 0xB490, 0xB490, 0xB4B1, 0xB4B1, 0xBCD1, 0xBCD1,
    0xBCD1, 0xBCD1, 0xB4D1, 0xBCD2, 0xBCF2, 0xBCF2, 0xBCF2, 0xBCF2, 0xBCD2, 0xBCD2, 0xBCF2, 0xBCF2,
    0xBCF2, 0xBCF2, 0xBD12, 0xBD13, 0xBD33, 0xBD54, 0xBD74, 0xBD75, 0xBD74, 0xBD54, 0x9C50, 0x49E7,
    0x2925, 0x41E7, 0x5AAA, 0x5B0C, 0x9514, 0xD73D, 0xD77E, 0xD75E, 0xD75E, 0xD75E, 0xD73E, 0xD75E,
    0xD75E, 0xD75E, 0xCF3E, 0xCF3E, 0xCF5E, 0xCF5E, 0xCF5E, 0xCF5E, 0xCF5E, 0xCF3E, 0xCF5E, 0xCF5E,
    0xCF5E, 0xCF3E, 0xCF5E, 0xCF5E, 0xCF5E, 0xCF5E, 0xCF5E, 0xD73E, 0xD75E, 0xC6FD, 0x7C52, 0x8492,
    0x9514, 0x94F4, 0x8CD3, 0x9535, 0xC6DC, 0xD75E, 0xD75E, 0xD73E, 0xD75E, 0xCF5E, 0xCF3E, 0xCF3E,
    0xCF5E, 0xCF5E, 0xCF3E, 0xCF3E, 0xCF3E, 0xD73E, 0xD73E, 0xD73E, 0xCF3E, 0xD73E, 0xD73E, 0xD73E,
    0xD73E, 0xD75E, 0xD75E, 0xD75E, 0xD75E, 0xD77F, 0xC6DC, 0x4AED, 0x31CA, 0x39EB, 0x31EB, 0x5AD0,
    0x7353, 0x7B54, 0x6B11, 0x422C, 0x39EB, 0x2168, 0x1928, 0x31CA, 0x31EB, 0x2169, 0x31EB, 0x426D,
    0x3A2B, 0x2147, 0x10E6, 0x18E6, 0x1906, 0x1906, 0x18E5, 0x10C4, 0x10E5, 0x2988, 0x3A0B, 0x422C,
    0x3A0C, 0x6B93, 0x94B7, 0x9497, 0x8C96, 0x4A8E, 0x31CB, 0x31CB, 0x2169, 0x216A, 0x426E, 0x428E,
    0x320C, 0x29AB, 0x426D, 0x3A2C, 0x29CA, 0x1928, 0x1927, 0x1927, 0x1907, 0x1926, 0x1906, 0x18E5,
    0xC6BA, 0xD71B, 0xDF5D, 0xDF7D, 0x9D75, 0x8491, 0x8492, 0x9D75, 0xCEFC, 0xD75D, 0xD75D, 0xD75E,
    0xD75D, 0xD75D, 0xD75D, 0xD75E, 0xD75D, 0xD75D, 0xDF7E, 0xCF1C, 0x9514, 0x8CB2, 0x8CB2, 0x9535,
    0xCEFC, 0xCEDB, 0x7C71, 0xA5D7, 0xD75D, 0xD75E, 0xD75D, 0xD75D, 0xD75D, 0xD75D, 0xD75D, 0xD75D,
    0xD75E, 0xD75D, 0x9D96, 0x8CD3, 0x94F3, 0x8D14, 0xAE39, 0xD73D, 0xD75E, 0xD73D, 0xD73D, 0xCF3D,
    0xCF3D, 0xD75E, 0xD75E, 0xD75E, 0xCF5D, 0xD75D, 0xD75E, 0xD75E, 0xD75E, 0xD75E, 0xDF7E, 0xA5F8,
    0x8CF3, 0x9534, 0x9534, 0x9D76, 0xC6FC, 0xE7BF, 0x8CD3, 0x31A6, 0x3186, 0x2945, 0x3165, 0x6AEA,
    0x8B8C, 0x93CC, 0x9BCC, 0x938B, 0x9B8B, 0x9BAC, 0x9BCC, 0x9BCC, 0xA3ED, 0xAC2E, 0xAC2E, 0xAC2E,
    0xAC4F, 0xAC4F, 0xAC4F, 0xB470, 0xB470, 0xB470, 0xB470, 0xB470, 0xB4B1, 0xB4B1, 0xBCD1, 0xBCD1,
    0xBCD1, 0xBCD1, 0xBCB1, 0xBCD1, 0xBCF2, 0xBCF2, 0xBCF2, 0xBCF2, 0xBCD2, 0xBCF2, 0xBCF2, 0xBCD2,
    0xBCF2, 0xBCF2, 0xBCF2, 0xBD13, 0xBD33, 0xBD54, 0xBD74, 0xBD75, 0xBD75, 0xBD75, 0xBD13, 0x836D,
    0x3145, 0x3186, 0x4A49, 0x5AEB, 0x6BAF, 0xB619, 0xD73D, 0xD75E, 0xD75E, 0xD75E, 0xD73E, 0xD75E,
    0xD75E, 0xD75E, 0xD73E, 0xD73E, 0xD75E, 0xD75E, 0xD75E, 0xD75E, 0xCF5E, 0xCF5E, 0xCF5E, 0xCF5E,
    0xCF5E, 0xCF5E, 0xCF5E, 0xCF5E, 0xCF3E, 0xCF3E, 0xCF5E, 0xD75E, 0xD75E, 0xC6FC, 0x7451, 0x8492,
    0x9514, 0x94F4, 0x8CD3, 0x9556, 0xC6FD, 0xD75E, 0xD73E, 0xD73E, 0xD75E, 0xD75E, 0xD75E, 0xCF3E,
    0xCF3E, 0xCF3E, 0xCF3E, 0xD73E, 0xD73E, 0xD73E, 0xD73E, 0xD73E, 0xD73E, 0xD73E, 0xD73E, 0xD75E,
    0xD75E, 0xD75E, 0xD75E, 0xD75E, 0xD75E, 0xD77F, 0xC71D, 0x5B6F, 0x31CA, 0x31CA, 0x31A9, 0x524C,
    0x7B30, 0x8331, 0x7330, 0x420A, 0x31CA, 0x2147, 0x1906, 0x31C9, 0x31CA, 0x1948, 0x2169, 0x31CA,
    0x29A9, 0x2127, 0x1927, 0x1907, 0x1907, 0x1926, 0x18E5, 0x10C4, 0x10E5, 0x2147, 0x2989, 0x31CA,
    0x422C, 0x6B71, 0x9476, 0x9455, 0x9476, 0x5B10, 0x424D, 0x426D, 0x298A, 0x2169, 0x31EB, 0x29AA,
    0x2169, 0x1928, 0x1948, 0x29A9, 0x2168, 0x10E6, 0x10E6, 0x10E5, 0x10E5, 0x1906, 0x1906, 0x18E5,
    0xDF7D, 0xDF7E, 0xDF7E, 0xD75D, 0x9D55, 0x8491, 0x84B2, 0x9D76, 0xCF1C, 0xD75D, 0xD75D, 0xD75D,
    0xD75D, 0xD75D, 0xD75D, 0xD75D, 0xD75D, 0xD75D, 0xDF5E, 0xCEFC, 0x9514, 0x8CD3, 0x8CB2, 0x9555,
    0xCEFC, 0xCEFB, 0x7C71, 0xA5B7, 0xD75D, 0xDF5E, 0xD75D, 0xD75D, 0xD75D, 0xD75D, 0xD75E, 0xD75D,
    0xDF5E, 0xD73D, 0x9D75, 0x8CF3, 0x9514, 0x8D14, 0xB639, 0xD75D, 0xD75D, 0xD75D, 0xD73D, 0xD73D,
    0xD73D, 0xD73D, 0xD73D, 0xD73D, 0xD75E, 0xD75D, 0xD75D, 0xD75D, 0xD75D, 0xD75E, 0xDF7E, 0xA5D7,
    0x8CD3, 0x9534, 0x9534, 0x9D96, 0xCF1C, 0xCEDB, 0x4249, 0x3186, 0x31A6, 0x2945, 0x5A68, 0x8BAC,
    0x93AC, 0x9BED, 0x9BCC, 0x9B8C, 0x938B, 0x938B, 0x9BAC, 0x9BCC, 0xA3CD, 0xAC2E, 0xAC2E, 0xAC2E,
    0xAC4F, 0xAC4F, 0xB490, 0xB470, 0xB470, 0xB470, 0xAC4F, 0xB490, 0xB491, 0xBCD1, 0xBCD1, 0xBCD1,
    0xBCD1, 0xBCD1, 0xBCB1, 0xBCD1, 0xBCF2, 0xBCF2, 0xBCF2, 0xBCF2, 0xBCF2, 0xBCD2, 0xBCD2, 0xBCF2,
    0xBCF2, 0xBD12, 0xBCF2, 0xBD12, 0xBD13, 0xBD33, 0xBD54, 0xBD75, 0xBD75, 0xC595, 0xBD54, 0xACB1,
    0x5228, 0x3165, 0x4228, 0x528A, 0x5AEC, 0x8492, 0xCF1D, 0xDF5E, 0xD75E, 0xD75E, 0xD73E, 0xD75E,
    0xD73E, 0xD73E, 0xD75E, 0xD75E, 0xD75E, 0xD75E, 0xD75E, 0xD75E, 0xD75E, 0xD75E, 0xD73E, 0xD75E,
    0xD75E, 0xD75E, 0xD73E, 0xD75E, 0xD75E, 0xD75E, 0xD75E, 0xD73E, 0xD75E, 0xC6DC, 0x7431, 0x84B3,
    0x94F4, 0x94F4, 0x8CD3, 0x9576, 0xCEFD, 0xD75E, 0xD73E, 0xD73E, 0xD75E, 0xD75E, 0xD75E, 0xD75E,
    0xD75E, 0xD73E, 0xD73E, 0xD75E, 0xD75E, 0xD75E, 0xD75E, 0xD75E, 0xD75E, 0xCF5E, 0xD75E, 0xD75E,
    0xD75E, 0xD75E, 0xD75E, 0xD75E, 0xD75E, 0xD75E, 0xCF3E, 0x63F1, 0x31CA, 0x31EA, 0x31C9, 0x4A6C,
    0x7BB1, 0x83D1, 0x7B91, 0x39EA, 0x29A9, 0x2147, 0x18E6, 0x29A9, 0x3A0B, 0x2989, 0x2989, 0x3A2B,
    0x31CA, 0x1928, 0x1927, 0x1907, 0x1927, 0x1927, 0x18E5, 0x10C4, 0x10E5, 0x2168, 0x31CA, 0x424B,
    0x5ACD, 0x734F, 0x9433, 0x9413, 0x9414, 0x528E, 0x31CA, 0x2989, 0x1907, 0x1106, 0x1947, 0x1907,
    0x10E6, 0x1107, 0x2148, 0x31C9, 0x2148, 0x1927, 0x2147, 0x2168, 0x29A9, 0x31EA, 0x2147, 0x10E5,
    0xDF5D, 0xDF5D, 0xDF7D, 0xD73C, 0x9554, 0x8C92, 0x8CB2, 0x9D96, 0xCF1C, 0xD75D, 0xD75D, 0xD75D,
    0xD75D, 0xD73D, 0xD75D, 0xD75D, 0xD75E, 0xD75D, 0xDF7E, 0xCEFB, 0x8D13, 0x8CD3, 0x8CD2, 0x9D75,
    0xCF1C, 0xCEFB, 0x7C91, 0xA5B6, 0xD75D, 0xDF5E, 0xD75D, 0xD75E, 0xD75D, 0xD75D, 0xD75E, 0xD75E,
    0xDF5E, 0xCF3C, 0x9575, 0x94F3, 0x9514, 0x9514, 0xB659, 0xD75D, 0xD75D, 0xD75D, 0xD75D, 0xD73D,
    0xD73D, 0xD73D, 0xD73D, 0xD75D, 0xD75D, 0xD75E, 0xD75E, 0xD75E, 0xD75E, 0xD75E, 0xDF7E, 0x9DB6,
    0x8CF3, 0x9D35, 0x9D35, 0x9D96, 0xD73D, 0x8CD3, 0x3186, 0x39A6, 0x2944, 0x41A6, 0x7B4B, 0x93CC,
    0x9C0D, 0x9C0D, 0x9BAC, 0x9BAC, 0x936B, 0x938B, 0xA3CD, 0xA3ED, 0xA3ED, 0xA40D, 0xAC2E, 0xAC2E,
    0xAC2E, 0xAC4F, 0xB46F, 0xB470, 0xAC70, 0xB470, 0xAC4F, 0xB470, 0xB490, 0xB4B1, 0xB4B1, 0xBCD1,
    0xBCD1, 0xBCD1, 0xBCB1, 0xBCD1, 0xBCD1, 0xBCF2, 0xBCF2, 0xBCF2, 0xBCD2, 0xBCD1, 0xB4D1, 0xBCD2,
    0xBCF2, 0xBCF2, 0xBD12, 0xBD12, 0xBD12, 0xBD13, 0xBD33, 0xBD54, 0xBD34, 0xC575, 0xC575, 0xBD33,
    0x8BAD, 0x3145, 0x41C7, 0x41E7, 0x62EB, 0x73AE, 0xB639, 0xDF5E, 0xD75E, 0xD75E, 0xD75E, 0xD73E,
    0xD75E, 0xD75E, 0xD75E, 0xD75E, 0xD75E, 0xD75E, 0xD75E, 0xD75E, 0xD75E, 0xD75E, 0xD75E, 0xD75E,
    0xD75E, 0xD75E, 0xD75E, 0xD75E, 0xD75E, 0xD75E, 0xD75E, 0xD75E, 0xD77F, 0xBEBB, 0x7430, 0x8CB3,
    0x94F4, 0x94F4, 0x8CD3, 0x9D97, 0xCF1D, 0xD75F, 0xD75E, 0xD75E, 0xD75E, 0xD75E, 0xD75E, 0xD75E,
    0xD75E, 0xD75E, 0xD75E, 0xD75E, 0xD75E, 0xD75E, 0xD75E, 0xD75E, 0xD75E, 0xD75E, 0xD75E, 0xD75E,
    0xD75E, 0xD75E, 0xD75E, 0xD75E, 0xD75E, 0xD75E, 0xD75E, 0x7C73, 0x29A9, 0x31C9, 0x31C9, 0x424C,
    0x73B2, 0x7BF3, 0x7BD3, 0x426D, 0x31EB, 0x2168, 0x1907, 0x29A9, 0x31EA, 0x2189, 0x2169, 0x31EB,
    0x3A0B, 0x2169, 0x10E7, 0x10E7, 0x10E7, 0x1907, 0x1906, 0x18E4, 0x10C5, 0x2147, 0x39EA, 0x420B,
    0x4A4B, 0x6AEE, 0x93F3, 0x9413, 0x9415, 0x62F0, 0x422B, 0x31C9, 0x1906, 0x1927, 0x2168, 0x2989,
    0x29AA, 0x2169, 0x320B, 0x426D, 0x3A0C, 0x320B, 0x3A0C, 0x3A0B, 0x3A2C, 0x39EB, 0x2147, 0x10E5,
    0xD75D, 0xDF5D, 0xDF7E, 0xCF3C, 0x9534, 0x8CB2, 0x8CB2, 0xA5B6, 0xCF3C, 0xD75D, 0xD75D, 0xD75D,
    0xD75D, 0xD73D, 0xD73D, 0xD75D, 0xD75D, 0xD75D, 0xDF7E, 0xC6DB, 0x8CF3, 0x8CD3, 0x8CB2, 0x9D76,
    0xD71D, 0xCF1C, 0x7C91, 0x9D96, 0xD73D, 0xDF7E, 0xD75E, 0xD75E, 0xD75D, 0xD75D, 0xD75E, 0xD75E,
    0xDF7E, 0xCF1C, 0x9555, 0x94F3, 0x9514, 0x9534, 0xB67A, 0xD75D, 0xD75D, 0xD75D, 0xD73D, 0xD73D,
    0xD73D, 0xD73D, 0xD73D, 0xD73D, 0xD75D, 0xD75D, 0xD75D, 0xD75E, 0xD75D, 0xDF5E, 0xD75E, 0x9D96,
    0x8D14, 0x9D55, 0x9534, 0xA5B6, 0xC69A, 0x52AB, 0x3186, 0x3185, 0x2944, 0x62A9, 0x8BAC, 0x93EC,
    0x9C2D, 0x9C0D, 0x9BAC, 0x9B8B, 0x9BAC, 0x9BAC, 0xA3ED, 0xA40D, 0xA3ED, 0xA40D, 0xAC4E, 0xAC2E,
    0xAC2E, 0xAC2E, 0xAC4F, 0xB470, 0xB490, 0xB470, 0xB470, 0xB470, 0xB470, 0xB470, 0xB491, 0xBCB1,
    0xBCB1, 0xBCD1, 0xBCD2, 0xBCF2, 0xBCD2, 0xBCD2, 0xBCF2, 0xBCF2, 0xBCD1, 0xBCF2, 0xBCF2, 0xB4D1,
    0xBCF2, 0xBCF2, 0xBD12, 0xBD13, 0xBCF2, 0xBD12, 0xBD13, 0xBD33, 0xBD33, 0xBD54, 0xBD95, 0xBD54,
    0xA491, 0x5228, 0x39A6, 0x4208, 0x5269, 0x6B2C, 0x8451, 0xCEDC, 0xD73D, 0xD75E, 0xD75E, 0xD75E,
    0xD75E, 0xD75E, 0xD75E, 0xD75E, 0xD75E, 0xD75E, 0xD75E, 0xD75E, 0xD75E, 0xD75E, 0xD75E, 0xD75E,
    0xD75E, 0xD75E, 0xD75E, 0xD75E, 0xD75E, 0xD73E, 0xD75E, 0xD75E, 0xDF7F, 0xBE9A, 0x6C10, 0x8CD3,
    0x94F4, 0x94F4, 0x8CD3, 0x9D97, 0xCF1D, 0xD75E, 0xD75E, 0xD75E, 0xD75E, 0xD75E, 0xD75E, 0xD75E,
    0xD75E, 0xD75E, 0xD75E, 0xD75E, 0xD75E, 0xD75E, 0xD75E, 0xD75E, 0xD75E, 0xD75E, 0xD75E, 0xD75E,
    0xD75E, 0xD75E, 0xD75E, 0xD75E, 0xD75E, 0xD75E, 0xD77E, 0x8CF5, 0x31EA, 0x31EA, 0x31CA, 0x3A2C,
    0x6373, 0x6374, 0x6373, 0x320D, 0x2989, 0x2189, 0x10E6, 0x2168, 0x3A2B, 0x29AA, 0x2169, 0x3A0C,
    0x320B, 0x2189, 0x1929, 0x2149, 0x218A, 0x29AA, 0x2147, 0x10E4, 0x10C4, 0x2988, 0x4A8D, 0x422B,
    0x39EA, 0x4A6D, 0x7394, 0x6B75, 0x6376, 0x4291, 0x29CA, 0x3A0B, 0x2169, 0x2169, 0x3A4C, 0x4A8E,
    0x426D, 0x218A, 0x31EB, 0x320B, 0x29CA, 0x2169, 0x2149, 0x1948, 0x1927, 0x1927, 0x2127, 0x18E5,
    0xD75D, 0xD75D, 0xDF7D, 0xCF1C, 0x9514, 0x8CB2, 0x8CB2, 0xA5D7, 0xD73D, 0xD75D, 0xD75D, 0xD75D,
    0xD73D, 0xD73D, 0xD75D, 0xD75D, 0xD75D, 0xD75D, 0xDF7E, 0xC6BA, 0x8CF3, 0x8CD3, 0x8CB2, 0x9D96,
    0xD73D, 0xD71C, 0x7CB2, 0x9D76, 0xD73D, 0xDF7E, 0xD75D, 0xD75D, 0xD75D, 0xD75D, 0xD75D, 0xD75E,
    0xDF7E, 0xCF1C, 0x9554, 0x94F3, 0x9514, 0x9535, 0xBE9A, 0xD75E, 0xD75D, 0xD75D, 0xD73D, 0xD73D,
    0xD73D, 0xD75D, 0xD73D, 0xD73D, 0xD75D, 0xD75D, 0xD75D, 0xD75D, 0xD75D, 0xDF5E, 0xD75D, 0x9D76,
    0x8D14, 0x9D34, 0x9534, 0xADF8, 0x8CB2, 0x31A6, 0x39C6, 0x3165, 0x41C6, 0x836B, 0x93CC, 0x9C0D,
    0x9C2D, 0x93CC, 0x938B, 0x9BAC, 0x9B8C, 0x9BAC, 0xA3ED, 0xA3ED, 0xA3ED, 0xA40D, 0xAC2E, 0xAC2E,
    0xA40E, 0xA40E, 0xAC4F, 0xAC70, 0xB490, 0xB470, 0xB470, 0xB470, 0xB450, 0xB470, 0xB490, 0xBCB1,
    0xB491, 0xBCD1, 0xBCD1, 0xBCD1, 0xBCD2, 0xBCF2, 0xBCF2, 0xBCF2, 0xBCF2, 0xB4D1, 0xBCF2, 0xBCF2,
    0xBCF2, 0xBCF2, 0xBCF2, 0xBD12, 0xBD12, 0xBD13, 0xBD13, 0xBD33, 0xBD54, 0xBD33, 0xBD74, 0xBD74,
    0xB4F2, 0x7B4C, 0x39A6, 0x5249, 0x4A28, 0x6B2C, 0x738E, 0xADD7, 0xE79F, 0xD73D, 0xD75E, 0xD75E,
    0xD75E, 0xD73E, 0xD75E, 0xD75E, 0xD75E, 0xD75E, 0xD75E, 0xD75E, 0xD75E, 0xD75E, 0xD75E, 0xD75E,
    0xD75E, 0xD75E, 0xD75E, 0xD75E, 0xD75E, 0xD75E, 0xD75E, 0xD75E, 0xDF7F, 0xB67A, 0x6C10, 0x94D3,
    0x94F4, 0x94F4, 0x8CD3, 0x9DB7, 0xCF3D, 0xD77E, 0xD75E, 0xD75E, 0xD75E, 0xD75E, 0xD75E, 0xD75E,
    0xD75E, 0xD75E, 0xD75E, 0xD75E, 0xD75E, 0xD75E, 0xD75E, 0xD75E, 0xD75E, 0xD75E, 0xD75E, 0xD75E,
    0xD75E, 0xD73E, 0xD75E, 0xD75E, 0xD75E, 0xD75E, 0xD77E, 0x9556, 0x29C9, 0x2148, 0x1107, 0x218A,
    0x5313, 0x5314, 0x5334, 0x3A2E, 0x31CA, 0x29A9, 0x2148, 0x29A9, 0x31EB, 0x31EB, 0x2169, 0x31EB,
    0x3A2C, 0x320C, 0x31EC, 0x31EC, 0x31CB, 0x31CB, 0x2148, 0x18C4, 0x10C4, 0x2127, 0x31CA, 0x31EB,
    0x320B, 0x3A2E, 0x5356, 0x5336, 0x5B58, 0x42B3, 0x31EC, 0x31CB, 0x2149, 0x1928, 0x29A9, 0x31EB,
    0x31EB, 0x2169, 0x320B, 0x424C, 0x31EB, 0x1948, 0x1948, 0x1948, 0x2148, 0x2147, 0x2147, 0x18E5,
    0xD75D, 0xD75D, 0xDF7E, 0xCEFB, 0x8CF3, 0x8CB2, 0x8CD2, 0xADF7, 0xD73D, 0xD75D, 0xD75D, 0xD75D,
    0xD75D, 0xD75D, 0xD75D, 0xD75D, 0xD75D, 0xD75D, 0xDF7E, 0xBE9A, 0x8CF3, 0x94D3, 0x8CD3, 0x9D96,
    0xD73D, 0xD73C, 0x84B2, 0x9D75, 0xD73D, 0xDF5E, 0xD75D, 0xD75E, 0xD75D, 0xD75D, 0xD75D, 0xD75E,
    0xDF7E, 0xCEFC, 0x9534, 0x9514, 0x9514, 0x9555, 0xBE9B, 0xD75E, 0xD75D, 0xD75D, 0xD75D, 0xD75D,
    0xD75D, 0xD75D, 0xD75D, 0xD75D, 0xD75D, 0xD75D, 0xD75D, 0xD75D, 0xD75D, 0xDF7E, 0xD75D, 0x9575,
    0x9514, 0x9D34, 0x9534, 0xA5B6, 0x73EF, 0x39A6, 0x39A6, 0x3144, 0x5A68, 0x8B8C, 0x93CC, 0x9C0D,
    0x93CC, 0x936B, 0x936B, 0x9B8B, 0x9BAC, 0x9BCC, 0x9BCC, 0xA3ED, 0xA3ED, 0xA40D, 0xAC2E, 0xAC2E,
    0xAC2E, 0xA40E, 0xAC2E, 0xAC4F, 0xB470, 0xB490, 0xB4B1, 0xB4B1, 0xB491, 0xB470, 0xAC70, 0xB490,
    0xB4B1, 0xBCD1, 0xBCD1, 0xBCD2, 0xBCD2, 0xC4F2, 0xBCF2, 0xBCF2, 0xBCF2, 0xBCF2, 0xBCF2, 0xBCF2,
    0xBCD2, 0xBCF2, 0xBCF2, 0xBCF2, 0xBCF2, 0xBD12, 0xBD33, 0xBD13, 0xBD33, 0xBD13, 0xBD54, 0xBD74,
    0xB513, 0x940F, 0x5208, 0x5269, 0x5248, 0x5ACA, 0x73AD, 0x7C30, 0xCEDC, 0xDF5E, 0xD75E, 0xD75E,
    0xD75E, 0xD73E, 0xD73E, 0xD75E, 0xD75E, 0xD75E, 0xD75E, 0xD75E, 0xD75E, 0xD75E, 0xD75E, 0xD75E,
    0xD75E, 0xD75E, 0xD75E, 0xD75E, 0xD75E, 0xD75E, 0xD75E, 0xD75E, 0xDF7F, 0xB639, 0x6C10, 0x94F3,
    0x94F4, 0x94F4, 0x8CD3, 0xA5D8, 0xD73E, 0xDF5E, 0xD75E, 0xD75E, 0xD75E, 0xD75E, 0xD75E, 0xD75E,
    0xD75E, 0xD75E, 0xD75E, 0xD75E, 0xD75E, 0xD75E, 0xD75E, 0xD75E, 0xD73E, 0xD75E, 0xD75E, 0xD73E,
    0xD73E, 0xD75E, 0xD75E, 0xDF5E, 0xDF5E, 0xDF5E, 0xDF7E, 0xA5D8, 0x31E9, 0x2148, 0x1928, 0x218B,
    0x42D3, 0x42D5, 0x4AD4, 0x320E, 0x320C, 0x3A0C, 0x426D, 0x3A2C, 0x424D, 0x3A2C, 0x298A, 0x31EB,
    0x31EB, 0x29AA, 0x1928, 0x1907, 0x1106, 0x1106, 0x1906, 0x10C4, 0x10A4, 0x2127, 0x29CA, 0x31CA,
    0x29CB, 0x29CD, 0x42D5, 0x42D6, 0x42D6, 0x3A73, 0x320D, 0x3A2C, 0x29AA, 0x1928, 0x3A0B, 0x424C,
    0x3A0B, 0x2169, 0x31CA, 0x31CA, 0x2988, 0x1927, 0x1906, 0x1906, 0x1906, 0x1906, 0x1926, 0x18E5,
    0xD75D, 0xD75D, 0xDF7E, 0xCEFB, 0x8CF3, 0x8CB2, 0x8CD2, 0xADF8, 0xD73D, 0xD75D, 0xD75D, 0xD75D,
    0xD75D, 0xD75D, 0xD73D, 0xD73D, 0xD75D, 0xD75D, 0xDF7E, 0xBE79, 0x8CD3, 0x94F3, 0x8CD3, 0xA5B7,
    0xD73D, 0xDF5C, 0x84D3, 0x9555, 0xD73D, 0xDF5D, 0xD75D, 0xD75E, 0xD75D, 0xD75E, 0xD75D, 0xD75E,
    0xDF7E, 0xC6DB, 0x9534, 0x9514, 0x9514, 0x9555, 0xC6BB, 0xD75D, 0xD75D, 0xD75D, 0xD73D, 0xD73D,
    0xD73D, 0xD75D, 0xD75D, 0xD75D, 0xD75D, 0xD75D, 0xD75D, 0xD75D, 0xD75D, 0xDF5D, 0xD73D, 0x9554,
    0x9514, 0x9D34, 0x9534, 0xA5B6, 0x632C, 0x3185, 0x3985, 0x41A6, 0x732A, 0x8B8B, 0x93AB, 0x93CC,
    0x93AC, 0x936B, 0x936B, 0x936B, 0x9BAC, 0x9BCC, 0x9BCC, 0xA3ED, 0xA40D, 0xA40D, 0xAC2E, 0xAC2E,
    0xAC2E, 0xAC2E, 0xAC4F, 0xB470, 0xB490, 0xB4B1, 0xB4B1, 0xBCB1, 0xBCB1, 0xBCB1, 0xBCB1, 0xBCD1,
    0xBCD2, 0xBCD2, 0xBCD2, 0xBCD2, 0xBCD2, 0xC4F2, 0xC512, 0xC512, 0xC512, 0xBCF2, 0xBCF2, 0xBCF2,
    0xBCD2, 0xBCD1, 0xBCF2, 0xBCF2, 0xBCF2, 0xBCF2, 0xBD12, 0xBD13, 0xBD13, 0xBD13, 0xBD33, 0xBD54,
    0xBD34, 0xA491, 0x6ACA, 0x5A69, 0x5269, 0x5289, 0x738D, 0x7BAE, 0xB5F8, 0xDF5E, 0xD75D, 0xD75E,
    0xD75E, 0xD73E, 0xD73E, 0xD75E, 0xD75E, 0xD75E, 0xD75E, 0xD75E, 0xD75E, 0xD75E, 0xD75E, 0xD75E,
    0xD75E, 0xD75E, 0xD75E, 0xD75E, 0xD75E, 0xD75E, 0xD75E, 0xD75E, 0xDF7F, 0xAE18, 0x6C10, 0x94F4,
    0x94F4, 0x94F4, 0x8CD3, 0xADF8, 0xD75E, 0xDF5E, 0xD75E, 0xD75E, 0xD75E, 0xD75E, 0xD75E, 0xD75E,
    0xD75E, 0xD75E, 0xD75E, 0xD75E, 0xD75E, 0xD75E, 0xD75E, 0xD75E, 0xD75E, 0xDF5E, 0xDF7E, 0xDF7E,
    0xDF7E, 0xDF5E, 0xD75E, 0xD73E, 0xCF1D, 0xC6DC, 0xC6DB, 0x8CF4, 0x29A9, 0x31CA, 0x31EB, 0x29CC,
    0x4292, 0x42D4, 0x4AD4, 0x3A0F, 0x31CB, 0x29AA, 0x2149, 0x2168, 0x31CA, 0x29A9, 0x2168, 0x3A2B,
    0x426C, 0x31CA, 0x1907, 0x1927, 0x1927, 0x1927, 0x1906, 0x10C4, 0x10C4, 0x1906, 0x31CA, 0x31EA,
    0x3A2C, 0x320E, 0x3AB5, 0x3AB7, 0x3A97, 0x3A73, 0x29CC, 0x29AA, 0x2169, 0x1928, 0x2989, 0x31EA,
    0x31EA, 0x2148, 0x3A0B, 0x426D, 0x3A0B, 0x1927, 0x1906, 0x1926, 0x1927, 0x1927, 0x2127, 0x18E5,
    0xD75D, 0xDF5D, 0xDF7D, 0xC6DB, 0x8CF3, 0x8CB2, 0x8CD3, 0xAE38, 0xD75D, 0xD75D, 0xD75D, 0xD75D,
    0xD75D, 0xD75D, 0xD75D, 0xD75D, 0xD75D, 0xD75D, 0xDF7D, 0xB659, 0x84D2, 0x8CD3, 0x8CD2, 0xA5D7,
    0xD75D, 0xDF5D, 0x8CF3, 0x9534, 0xD73D, 0xDF7D, 0xD75D, 0xD75D, 0xD75D, 0xD75D, 0xD75D, 0xD75E,
    0xDF7E, 0xC6DB, 0x8D14, 0x9514, 0x9513, 0x9575, 0xC6BB, 0xDF5D, 0xD75D, 0xD75D, 0xD75D, 0xD75D,
    0xD75D, 0xD73D, 0xD73D, 0xD73D, 0xD75D, 0xD75D, 0xD75D, 0xD75D, 0xD73D, 0xDF7E, 0xCF1C, 0x9534,
    0x9514, 0x9D34, 0x9D34, 0xADB6, 0x52AA, 0x39A6, 0x39A5, 0x62A9, 0x836B, 0x836B, 0x8B8B, 0x93CC,
    0x93AC, 0x9BAC, 0x936B, 0x936B, 0x9BAC, 0x9BCC, 0x9BCC, 0xA3ED, 0xA40D, 0xA40D, 0xAC0E, 0xAC0E,
    0xAC2E, 0xAC4F, 0xAC4F, 0xB470, 0xB490, 0xBC91, 0xBCB1, 0xBCB1, 0xBCB1, 0xBCB1, 0xBCB1, 0xBCB1,
    0xBCB1, 0xBCB1, 0xC4D2, 0xBCD2, 0xBCD2, 0xBCF2, 0xC4F2, 0xC512, 0xC512, 0xC512, 0xBCF2, 0xBCF2,
    0xBD12, 0xBCF2, 0xBCF2, 0xBCF2, 0xBCF2, 0xBCF2, 0xBD13, 0xBD12, 0xBD13, 0xBD13, 0xBD33, 0xBD54,
    0xBD54, 0xB4F2, 0x7B4C, 0x5A89, 0x62CA, 0x5269, 0x6B2C, 0x7BAD, 0x9D35, 0xE79E, 0xDF5E, 0xDF5E,
    0xD75E, 0xD75E, 0xD75E, 0xD75E, 0xD75E, 0xD75E, 0xD75E, 0xDF5E, 0xDF5E, 0xD75E, 0xDF5E, 0xDF5E,
    0xDF5E, 0xDF5E, 0xD75E, 0xD75E, 0xDF5E, 0xDF5E, 0xDF5E, 0xDF5E, 0xDF7E, 0xA5D8, 0x7410, 0x94F4,
    0x94F4, 0x94F4, 0x84B3, 0xAE18, 0xD75E, 0xD75E, 0xD75E, 0xD75E, 0xD75E, 0xD75E, 0xD75E, 0xD75E,
    0xD75E, 0xD75E, 0xDF7E, 0xDF7E, 0xDF7E, 0xDF7E, 0xDF7E, 0xD75E, 0xD73D, 0xCEFC, 0xBE9B, 0xB659,
    0xADF8, 0x9D96, 0x8D14, 0x84B3, 0x7C51, 0x7410, 0x6BEF, 0x52EC, 0x29A8, 0x31CA, 0x31CA, 0x29CB,
    0x52F2, 0x6395, 0x73D5, 0x5B11, 0x39EB, 0x31CA, 0x1907, 0x2148, 0x31EA, 0x29A9, 0x1927, 0x2989,
    0x31CA, 0x2989, 0x1928, 0x1928, 0x1928, 0x1927, 0x1926, 0x10E4, 0x10C4, 0x1906, 0x2988, 0x2989,
    0x2989, 0x29AB, 0x5315, 0x5B77, 0x63B8, 0x6395, 0x422D, 0x424C, 0x31CA, 0x1928, 0x31CA, 0x424C,
    0x3A0B, 0x2149, 0x29AA, 0x320C, 0x31CB, 0x2169, 0x2149, 0x2149, 0x2148, 0x2149, 0x2148, 0x18E5,
    0xD75D, 0xDF7D, 0xDF9D, 0xC6BA, 0x8CF3, 0x8CD2, 0x8CD3, 0xB638, 0xD75D, 0xDF5D, 0xD75D, 0xD75D,
    0xD75D, 0xD75D, 0xD75D, 0xD75D, 0xD75D, 0xD75D, 0xDF7D, 0xB659, 0x8CD3, 0x8CD3, 0x8CD3, 0xADF7,
    0xDF5D, 0xDF7D, 0x9534, 0x9534, 0xD73D, 0xDF7D, 0xD75D, 0xD75D, 0xD75D, 0xD75D, 0xD75D, 0xD75D,
    0xDF7E, 0xC6BA, 0x8CF3, 0x9514, 0x94F3, 0x9D76, 0xC6DB, 0xDF5D, 0xD75D, 0xD75D, 0xD75D, 0xD75D,
    0xD75D, 0xD75D, 0xD75D, 0xD75D, 0xD75D, 0xD75D, 0xD75D, 0xD75D, 0xD73D, 0xDF7E, 0xCF1C, 0x8D14,
    0x9514, 0x9514, 0x9D55, 0x9514, 0x39E7, 0x39A6, 0x41E6, 0x732B, 0x838B, 0x834A, 0x8B8B, 0x93AB,
    0x93AC, 0x938B, 0x938B, 0x938B, 0x9B8C, 0x9BAC, 0x9BCC, 0xA3ED, 0xA3ED, 0xA40D, 0xA40E, 0xAC0E,
    0xAC4E, 0xAC2F, 0xB44F, 0xB470, 0xB490, 0xB470, 0xBC91, 0xBCB1, 0xBC91, 0xB491, 0xB491, 0xBCB1,
    0xBCB1, 0xBCB1, 0xBCD2, 0xC4F2, 0xBCD2, 0xBCF2, 0xC4F2, 0xC4F2, 0xBCF2, 0xC512, 0xBD12, 0xBCF2,
    0xBCF2, 0xBCF2, 0xBCF2, 0xBCF2, 0xBCF2, 0xBCF2, 0xBCF2, 0xBD13, 0xBD13, 0xB513, 0xBD33, 0xBD54,
    0xBD54, 0xB513, 0x93EF, 0x62AA, 0x62CA, 0x5A89, 0x62CA, 0x738D, 0x94B2, 0xDF5D, 0xDF7E, 0xDF5E,
    0xDF5E, 0xD75E, 0xD75E, 0xD75E, 0xD75E, 0xD75E, 0xDF5E, 0xDF5E, 0xDF5E, 0xDF5E, 0xDF5E, 0xDF5E,
    0xDF5E, 0xDF5E, 0xDF5E, 0xD75E, 0xD75E, 0xDF5E, 0xDF5E, 0xDF7E, 0xDF7E, 0xA5B7, 0x7410, 0x94F4,
    0x8CF3, 0x8CF4, 0x8CD4, 0xB659, 0xD77E, 0xDF7E, 0xDF7E, 0xDF7E, 0xDF7E, 0xDF7E, 0xDF7E, 0xDF5E,
    0xD75E, 0xCF3D, 0xC6FC, 0xBE9B, 0xB639, 0xA5D7, 0x9555, 0x8CD4, 0x7C51, 0x6BF0, 0x63AE, 0x5B8E,
    0x5B6D, 0x5B4D, 0x636D, 0x638D, 0x6BAE, 0x73CE, 0x842F, 0x6BAE, 0x31C8, 0x31C9, 0x39EA, 0x31CA,
    0x6351, 0x8434, 0x8434, 0x6350, 0x31A9, 0x29A9, 0x1927, 0x1927, 0x39EB, 0x31EB, 0x2128, 0x31AA,
    0x3A0B, 0x29A9, 0x1907, 0x1106, 0x1906, 0x10E6, 0x1906, 0x10E4, 0x10C4, 0x1906, 0x31C9, 0x31C9,
    0x3A0B, 0x320C, 0x6BB5, 0x7C38, 0x7C37, 0x73D5, 0x3A0D, 0x31CA, 0x2989, 0x1927, 0x2989, 0x320B,
    0x3A2C, 0x2989, 0x31EB, 0x426E, 0x3A2C, 0x2169, 0x2148, 0x2148, 0x1948, 0x1927, 0x1927, 0x1905,
    0xDF5D, 0xDF7D, 0xDF9D, 0xC6BA, 0x8CD3, 0x8CD2, 0x8CF3, 0xB639, 0xD75D, 0xDF5D, 0xD75D, 0xD75C,
    0xD75C, 0xD75D, 0xD75D, 0xD75D, 0xD75D, 0xD75D, 0xDF7D, 0xAE38, 0x8CD3, 0x8CD3, 0x8CD3, 0xADF8,
    0xDF7D, 0xE79D, 0x9554, 0x8D14, 0xD71C, 0xDF7D, 0xDF7D, 0xDF5D, 0xD75D, 0xD75D, 0xD75D, 0xD75D,
    0xDF7D, 0xBE9A, 0x8CF3, 0x9514, 0x94F3, 0x9D96, 0xCEFC, 0xDF5D, 0xD75D, 0xD75D, 0xD73D, 0xD75D,
    0xDF5D, 0xDF7E, 0xDF7D, 0xDF7D, 0xD75D, 0xD73D, 0xD73D, 0xD75D, 0xD73D, 0xDF7E, 0xCEFB, 0x8D13,
    0x9514, 0x9514, 0xA575, 0x7C10, 0x3185, 0x39A6, 0x5248, 0x838C, 0x8B8B, 0x834A, 0x8B6B, 0x936B,
    0x938B, 0x938B, 0x938B, 0x938B, 0x938B, 0x9BAC, 0x9BCC, 0x9BCC, 0xA3EC, 0xAC2E, 0xAC2E, 0xAC4E,
    0xAC2E, 0xAC2E, 0xAC4F, 0xB46F, 0xB470, 0xB470, 0xBC90, 0xBC91, 0xBCB1, 0xBC91, 0xBC91, 0xBC91,
    0xBC91, 0xBCB1, 0xBCB1, 0xBCD2, 0xBCD2, 0xBCF2, 0xBCF2, 0xC4F2, 0xBCF2, 0xBCF2, 0xC512, 0xBD12,
    0xBCF2, 0xBD12, 0xBD12, 0xBCF2, 0xBCF2, 0xBCF2, 0xBCF2, 0xBD12, 0xBD13, 0xB513, 0xB513, 0xBD34,
    0xC575, 0xBD33, 0x9C50, 0x732B, 0x62AA, 0x62CA, 0x5A89, 0x736D, 0x7C0F, 0xD71C, 0xDF9E, 0xDF5E,
    0xDF5E, 0xD75E, 0xDF5E, 0xDF5E, 0xDF5E, 0xD75E, 0xDF5E, 0xDF5E, 0xDF5E, 0xDF5E, 0xDF5E, 0xDF5E,
    0xDF5E, 0xDF5E, 0xDF5E, 0xDF5E, 0xDF5E, 0xDF5E, 0xDF5E, 0xDF7E, 0xDF7E, 0x9D76, 0x7410, 0x9514,
    0x94F4, 0x94F4, 0x8CF4, 0xBE7A, 0xDF7E, 0xD73E, 0xCF1D, 0xC6BB, 0xBE7A, 0xAE18, 0x9D97, 0x9535,
    0x84B3, 0x7451, 0x6BEF, 0x638E, 0x5B6D, 0x5B4D, 0x5B4D, 0x636D, 0x638D, 0x6BAE, 0x73EE, 0x8430,
    0x8450, 0x8C71, 0x94B2, 0x9CD2, 0x9CF3, 0x9D13, 0xA554, 0x94D2, 0x3A29, 0x31A9, 0x31C9, 0x29CA,
    0x5B0F, 0x8414, 0x7BF3, 0x7392, 0x424C, 0x31EA, 0x2147, 0x1927, 0x31AA, 0x31CB, 0x2148, 0x2969,
    0x31EA, 0x31CA, 0x1927, 0x1907, 0x1907, 0x1907, 0x1926, 0x18E5, 0x10C4, 0x1905, 0x2988, 0x2988,
    0x31AA, 0x31CB, 0x6B94, 0x7C58, 0x7C58, 0x7C37, 0x4A8E, 0x3A2C, 0x31CA, 0x1907, 0x2989, 0x3A0B,
    0x31EB, 0x2149, 0x2989, 0x29CA, 0x29CA, 0x2147, 0x1906, 0x1906, 0x1906, 0x18E5, 0x1906, 0x1905,
    0xDF5D, 0xDF5D, 0xE79D, 0xBE9A, 0x8CD3, 0x8CD2, 0x8CF3, 0xB659, 0xD75D, 0xD75D, 0xD75D, 0xD75D,
    0xD75C, 0xD75D, 0xD75D, 0xD75D, 0xD75D, 0xD75D, 0xDF7D, 0xADF7, 0x8CB2, 0x94D3, 0x8CD3, 0xB638,
    0xE77D, 0xE79D, 0x9D75, 0x8CF3, 0xD71C, 0xE79D, 0xE79D, 0xE77E, 0xDF5D, 0xDF5D, 0xD75C, 0xD75D,
    0xDF7D, 0xBE79, 0x8CF3, 0x9514, 0x94F3, 0x9D96, 0xCEFC, 0xDF5D, 0xD75D, 0xD75D, 0xD73D, 0xD73D,
    0xDF5D, 0xE79D, 0xE77D, 0xE79D, 0xE77D, 0xDF5D, 0xDF5D, 0xD73D, 0xD75D, 0xDF7D, 0xC6DB, 0x8CF3,
    0x9514, 0x9514, 0xA575, 0x634D, 0x3185, 0x41C6, 0x62A9, 0x8BAC, 0x8B8B, 0x8B8B, 0x8B4A, 0x8B4A,
    0x936B, 0x936B, 0x938B, 0x936B, 0x938B, 0x9BAC, 0x9BAC, 0xA3CD, 0xA3ED, 0xA40D, 0xAC2E, 0xAC2E,
    0xAC2E, 0xAC2E, 0xAC4F, 0xB46F, 0xB46F, 0xB46F, 0xB470, 0xB490, 0xBCB1, 0xBC91, 0xB470, 0xBC91,
    0xBCB1, 0xBCB1, 0xBCB1, 0xBCB1, 0xBCD2, 0xBCD2, 0xBCD1, 0xBCD2, 0xC4F2, 0xC512, 0xC512, 0xC513,
    0xC512, 0xBCF2, 0xBD12, 0xBCF2, 0xBCF1, 0xBCF2, 0xBCF2, 0xBD12, 0xBD13, 0xBD13, 0xB513, 0xB533,
    0xBD74, 0xBD54, 0xA491, 0x838D, 0x62CA, 0x62CB, 0x5AAA, 0x734C, 0x6B6D, 0xB618, 0xE7BF, 0xDF5E,
    0xDF5E, 0xDF5E, 0xDF5E, 0xDF5E, 0xD75E, 0xDF5E, 0xDF5E, 0xD75E, 0xD75E, 0xD75E, 0xDF5E, 0xDF5E,
    0xDF7E, 0xDF7E, 0xDF7E, 0xDF7E, 0xDF9E, 0xDF9F, 0xDF9F, 0xDF9E, 0xDF7E, 0x9535, 0x6BCF, 0x8492,
    0x7C51, 0x7C30, 0x6BCF, 0x7C92, 0x84D3, 0x7C71, 0x6C10, 0x63CF, 0x5B8E, 0x5B6D, 0x5B4D, 0x5B4D,
    0x636D, 0x6BAD, 0x73CE, 0x7C0F, 0x8430, 0x8470, 0x8CB1, 0x94D2, 0x9CF3, 0x9D13, 0xA534, 0xA554,
    0xA574, 0xA595, 0xADB6, 0xADD7, 0xB618, 0xBE59, 0xC69A, 0xBE79, 0x5B4E, 0x31C9, 0x31EA, 0x31C9,
    0x52EE, 0x7BF3, 0x7BD3, 0x6B71, 0x31EA, 0x31C9, 0x2168, 0x2148, 0x3A0B, 0x3A2C, 0x2189, 0x29A9,
    0x3A0B, 0x29CA, 0x1948, 0x1948, 0x1948, 0x2148, 0x2148, 0x18E5, 0x10C4, 0x18E5, 0x31A9, 0x39EA,
    0x3A2B, 0x320B, 0x6BB4, 0x8457, 0x7C36, 0x7C16, 0x3A2D, 0x2989, 0x2168, 0x10E6, 0x2127, 0x3A0A,
    0x3A0B, 0x2989, 0x29AA, 0x424C, 0x3A0B, 0x2148, 0x1906, 0x1927, 0x1927, 0x1927, 0x2127, 0x1905,
    0xDF5D, 0xDF5D, 0xDF7D, 0xBE79, 0x8CB2, 0x8CB2, 0x8CF3, 0xBE79, 0xDF5D, 0xDF5D, 0xD75D, 0xD75D,
    0xD75C, 0xD75C, 0xD75D, 0xD75D, 0xD75D, 0xD75D, 0xDF7D, 0xADD7, 0x8CB2, 0x8CD2, 0x8CF3, 0xB638,
    0xE77D, 0xEF9E, 0x9D95, 0x84D3, 0xD71C, 0xEF9D, 0xE79D, 0xEF9D, 0xE79E, 0xE77D, 0xDF5D, 0xDF5D,
    0xDF7D, 0xBE59, 0x8CF3, 0x9514, 0x9514, 0xA5B6, 0xCEFC, 0xDF5D, 0xD75D, 0xD73D, 0xD73D, 0xD73D,
    0xDF5D, 0xE77D, 0xE77D, 0xEF9D, 0xEF9D, 0xE79D, 0xE77D, 0xE77D, 0xE77D, 0xE79E, 0xC6DA, 0x8CF3,
    0x9514, 0x9514, 0x9D54, 0x528A, 0x3185, 0x41E6, 0x6AE9, 0x8BAC, 0x838B, 0x8BAB, 0x8B4A, 0x8B2A,
    0x8B4A, 0x936B, 0x936B, 0x936B, 0x936B, 0x9BAB, 0x9BAC, 0x9BCC, 0xA3EC, 0xA3ED, 0xA40D, 0xAC2E,
    0xAC2E, 0xAC2E, 0xAC2E, 0xB44F, 0xB46F, 0xB44F, 0xB46F, 0xB470, 0xBC91, 0xBC91, 0xB470, 0xBC90,
    0xBC90, 0xBC91, 0xBCB1, 0xBCB1, 0xBCD1, 0xBCD1, 0xBCB1, 0xBCB1, 0xBCD2, 0xC4F2, 0xC4F2, 0xC513,
    0xC533, 0xBD12, 0xBD12, 0xBCF2, 0xBCF1, 0xBCF2, 0xB4F2, 0xBD12, 0xBD13, 0xBD13, 0xB513, 0xB513,
    0xBD54, 0xBD74, 0xACD2, 0x8BEE, 0x6B0B, 0x62EA, 0x62EB, 0x6B2C, 0x6B6D, 0xA555, 0xE7BF, 0xDF5E,
    0xDF7E, 0xDF5E, 0xDF5E, 0xDF5E, 0xDF5E, 0xDF7E, 0xDF7E, 0xDF7E, 0xDF7E, 0xDF9E, 0xDF9E, 0xDF9E,
    0xDF7E, 0xD75E, 0xCF3D, 0xC6FC, 0xBE9A, 0xAE18, 0xA5B7, 0x9555, 0x8CD3, 0x6BCF, 0x5B4D, 0x5AEC,
    0x5B0C, 0x5B2C, 0x634C, 0x634C, 0x636D, 0x6B8D, 0x73CE, 0x7C0F, 0x8450, 0x8C91, 0x94D2, 0x9CF3,
    0x9D13, 0xA534, 0xA554, 0xA575, 0xA595, 0xAD96, 0xADB6, 0xB5F7, 0xBE38, 0xBE59, 0xC69A, 0xC6BA,
    0xCEFB, 0xD71C, 0xD71D, 0xD73D, 0xDF5E, 0xDF5E, 0xE77E, 0xDF5D, 0x6BF0, 0x29A9, 0x31EA, 0x31C9,
    0x52AE, 0x7BF4, 0x7BD4, 0x6B92, 0x3A0B, 0x31C9, 0x2168, 0x2148, 0x31CA, 0x31EA, 0x2168, 0x2188,
    0x3A0B, 0x29AA, 0x1928, 0x1928, 0x1927, 0x1927, 0x1907, 0x18E5, 0x10C4, 0x18E5, 0x2168, 0x2989,
    0x29A9, 0x31CA, 0x5B32, 0x73D6, 0x6BD6, 0x73D6, 0x428E, 0x3A0B, 0x29A9, 0x10E6, 0x2127, 0x31CA,
    0x31CA, 0x2169, 0x2169, 0x31EB, 0x3A0B, 0x2989, 0x2149, 0x2169, 0x2169, 0x2169, 0x2168, 0x1926,
    0xDF5D, 0xDF5D, 0xDF7D, 0xB638, 0x8CB2, 0x8CB2, 0x8D13, 0xBE7A, 0xDF7D, 0xDF5D, 0xD75D, 0xD75D,
    0xD75D, 0xD75D, 0xD75D, 0xD75D, 0xD75D, 0xDF5D, 0xDF5D, 0xA5D6, 0x8CB2, 0x8CD2, 0x8CF3, 0xB659,
    0xE79D, 0xE7BE, 0xA596, 0x84D2, 0xD71C, 0xE79D, 0xE77D, 0xE79D, 0xE79D, 0xE79D, 0xE77D, 0xDF5D,
    0xDF7D, 0xB658, 0x8CF3, 0x9514, 0x9514, 0xA5B7, 0xCF1C, 0xDF7D, 0xD75D, 0xD73C, 0xD73D, 0xD75D,
    0xE79E, 0xE79D, 0xE77C, 0xE77D, 0xE79D, 0xEF9D, 0xEF9D, 0xEF9D, 0xEF9D, 0xEFBE, 0xC6BA, 0x8CF3,
    0x9514, 0x9D14, 0x94D2, 0x39E7, 0x3185, 0x4A06, 0x72E9, 0x836B, 0x836B, 0x8BAC, 0x8B6B, 0x8B2A,
    0x8B4A, 0x8B4A, 0x936B, 0x936B, 0x936B, 0x9B8B, 0x9B8B, 0x9BAC, 0xA3CC, 0xA3ED, 0xA3ED, 0xA40D,
    0xAC0E, 0xAC0E, 0xAC0E, 0xAC2E, 0xB42F, 0xB42F, 0xB44F, 0xB44F, 0xB470, 0xB470, 0xB46F, 0xB44F,
    0xB44F, 0xBC4F, 0xBC90, 0xBC91, 0xBC90, 0xBC90, 0xB470, 0xBC70, 0xBC91, 0xBCB1, 0xBCD2, 0xC4F2,
    0xC512, 0xC533, 0xBD13, 0xBCF2, 0xBCF2, 0xBCF2, 0xBCF2, 0xBCF2, 0xBD12, 0xBD33, 0xBD13, 0xBD13,
    0xBD33, 0xBD54, 0xB4F3, 0x940F, 0x734C, 0x62EA, 0x62CB, 0x6B2C, 0x6B4C, 0xA555, 0xE7BF, 0xDF7E,
    0xE77E, 0xE79E, 0xE79E, 0xE79E, 0xDF9E, 0xDF7E, 0xD75D, 0xCF1C, 0xC6BB, 0xB659, 0xADF8, 0x9D76,
    0x8CF4, 0x7C92, 0x6C10, 0x63CF, 0x5B8D, 0x5B4D, 0x5B4C, 0x634C, 0x634D, 0x634C, 0x5B4C, 0x5B0B,
    0x5B2C, 0x636D, 0x6B8D, 0x94B1, 0x9D13, 0x9D13, 0xA554, 0xA575, 0xADB6, 0xADD7, 0xB5F7, 0xB618,
    0xBE59, 0xBE79, 0xC69A, 0xCEDB, 0xCEFC, 0xD71C, 0xD73D, 0xDF5D, 0xDF5E, 0xDF5E, 0xDF5D, 0xE79E,
    0xEF9E, 0xE77E, 0xDF3D, 0xDF5D, 0xDF3D, 0xD73D, 0xDF3D, 0xDF7D, 0x7C72, 0x29C9, 0x31C9, 0x29A9,
    0x4A8D, 0x73D4, 0x73D4, 0x6BB3, 0x3A2B, 0x31C9, 0x29A9, 0x1927, 0x31C9, 0x3A2B, 0x2969, 0x2148,
    0x31CA, 0x2989, 0x1927, 0x1906, 0x10E6, 0x1906, 0x1906, 0x1905, 0x10C4, 0x18E5, 0x2988, 0x31EA,
    0x3A0A, 0x31EB, 0x52F1, 0x6BB6, 0x6396, 0x6B96, 0x3A2E, 0x31CA, 0x31CA, 0x2148, 0x2168, 0x424C,
    0x4A6D, 0x31CA, 0x31CA, 0x426C, 0x424C, 0x2989, 0x1948, 0x2148, 0x1927, 0x1927, 0x2147, 0x1926,
    0xDF5D, 0xDF5D, 0xDF7D, 0xB618, 0x8CB2, 0x8CD2, 0x9534, 0xBE9A, 0xDF5D, 0xDF5D, 0xDF5D, 0xDF5C,
    0xD75D, 0xDF5D, 0xDF5D, 0xDF5D, 0xDF5D, 0xDF5D, 0xDF5D, 0xA5B6, 0x8CB2, 0x8CD2, 0x94F3, 0xBE59,
    0xE79D, 0xE79D, 0xA5B5, 0x84B2, 0xD71C, 0xE79D, 0xE77D, 0xE79D, 0xE77D, 0xE79D, 0xDF7D, 0xDF7D,
    0xE79D, 0xB618, 0x8CF3, 0x9514, 0x9514, 0xA5D7, 0xD73C, 0xDF5D, 0xD75C, 0xD75C, 0xD73C, 0xDF5C,
    0xEFBE, 0xEFBE, 0xEF9D, 0xE77D, 0xE77D, 0xE79D, 0xEFBE, 0xEFBE, 0xEF9D, 0xEFBE, 0xC6BA, 0x8CF3,
    0x9514, 0x9D55, 0x8430, 0x3185, 0x3185, 0x4A07, 0x6AC9, 0x7B2A, 0x7B4A, 0x8B8B, 0x8B6B, 0x8B4A,
    0x8B4A, 0x936B, 0x936B, 0x938B, 0x9B8B, 0x9B8B, 0x9B8B, 0x9BAC, 0x9BCC, 0x9BCC, 0xA3CD, 0xA3ED,
    0xA3CD, 0xA3CD, 0xA3CD, 0xABEE, 0xABED, 0xABEE, 0xB42F, 0xB44F, 0xB42F, 0xB42F, 0xB42F, 0xB44F,
    0xB40E, 0xB40E, 0xBC4F, 0xBC90, 0xB470, 0xB450, 0xB450, 0xB44F, 0xB450, 0xB491, 0xBC91, 0xBCB1,
    0xBCB1, 0xBCF2, 0xBCF2, 0xBCF2, 0xBCF2, 0xBCF2, 0xBCF2, 0xBCF2, 0xBD12, 0xBD33, 0xB533, 0xB513,
    0xBD33, 0xBD54, 0xB513, 0x9C4F, 0x7B8C, 0x6AEB, 0x630B, 0x630B, 0x6B2C, 0x8C92, 0xDF5D, 0xCF1C,
    0xCEDB, 0xC6BA, 0xB659, 0xA5D7, 0x9555, 0x8CF4, 0x7C92, 0x6C10, 0x63CF, 0x638E, 0x636D, 0x636D,
    0x63AD, 0x6BAE, 0x73EF, 0x7C30, 0x8471, 0x8C92, 0x94B2, 0x9D13, 0x94D2, 0x6B8D, 0x6BAE, 0x6BCE,
    0x6B8E, 0x6B8E, 0x73EF, 0xB5D7, 0xBE59, 0xC679, 0xCEBA, 0xCEFB, 0xD71C, 0xD73C, 0xD73D, 0xDF5D,
    0xDF5E, 0xDF5E, 0xDF7E, 0xDF5E, 0xDF5E, 0xD75E, 0xD75D, 0xD73D, 0xD73D, 0xDF3D, 0xE77D, 0xF7BE,
    0xFFDE, 0xF7BE, 0xF79E, 0xEFBE, 0xEF9E, 0xE77D, 0xE77D, 0xEFBE, 0x8CF3, 0x31E9, 0x3A0A, 0x31E9,
    0x4A8D, 0x7BD4, 0x7BD5, 0x73D3, 0x422C, 0x29A8, 0x2168, 0x1907, 0x2968, 0x31CA, 0x2969, 0x1927,
    0x31EA, 0x424C, 0x2989, 0x1927, 0x1927, 0x1927, 0x2147, 0x1906, 0x10C4, 0x10E4, 0x2147, 0x29A9,
    0x31CA, 0x31CB, 0x5311, 0x7418, 0x73F8, 0x7418, 0x52D0, 0x3A2C, 0x39EB, 0x2128, 0x2148, 0x31CA,
    0x31CA, 0x2989, 0x2169, 0x31CA, 0x31EA, 0x2147, 0x1906, 0x18E6, 0x18E5, 0x18E5, 0x1926, 0x2126,
    0xDF5D, 0xDF7D, 0xDF7D, 0xAE17, 0x8CB2, 0x8CD2, 0x9D54, 0xCEFB, 0xE79D, 0xDF9D, 0xDF7D, 0xDF7D,
    0xDF7D, 0xDF7D, 0xDF7D, 0xDF7D, 0xDF5D, 0xDF5D, 0xDF5C, 0xA5B6, 0x8CD3, 0x94F3, 0x9514, 0xC699,
    0xE79D, 0xE79D, 0xA5B6, 0x7C71, 0xCEFB, 0xE79D, 0xE77D, 0xE77D, 0xE77C, 0xE77D, 0xDF7D, 0xE77D,
    0xE79D, 0xAE17, 0x8CF3, 0x9D14, 0x9514, 0xADF7, 0xDF3C, 0xE77D, 0xE77D, 0xE79D, 0xE77C, 0xE77C,
    0xEFBD, 0xEFBE, 0xEFBD, 0xEF9D, 0xE77D, 0xE77D, 0xE79D, 0xE79D, 0xE79D, 0xEFBD, 0xC699, 0x8CF3,
    0x9514, 0x9D75, 0x6B8D, 0x2124, 0x3185, 0x4A07, 0x6AA8, 0x7309, 0x7B2A, 0x834A, 0x834A, 0x8B8B,
    0x93AB, 0x938B, 0x938B, 0x9B8B, 0x9BAC, 0x9BAC, 0x9BAC, 0x9BAC, 0x9BAC, 0x9BAC, 0x9BAC, 0xA3AD,
    0xA3CD, 0xA3AD, 0xA38C, 0xA38C, 0x9B8C, 0xA3AD, 0xABEE, 0xB42E, 0xAC0E, 0xB42E, 0xAC2E, 0xB42E,
    0xABEE, 0xB40E, 0xB42E, 0xB44F, 0xB42F, 0xAC0F, 0xAC0F, 0xAC0F, 0xAC50, 0xAC50, 0xAC50, 0xAC50,
    0xAC71, 0xAC91, 0xB4B1, 0xBCD2, 0xBCF2, 0xBCF2, 0xBCF2, 0xBCF2, 0xBCF2, 0xBD13, 0xBD13, 0xB512,
    0xB513, 0xBD54, 0xB533, 0x9C70, 0x838D, 0x6B0B, 0x62EB, 0x630C, 0x630C, 0x7BCE, 0x94F3, 0x7C51,
    0x6BEF, 0x63CE, 0x63AE, 0x63AE, 0x6BAE, 0x73EE, 0x740F, 0x8450, 0x8C91, 0x94B2, 0x94F2, 0x9D13,
    0xA554, 0xA575, 0xAD95, 0xADB6, 0xADD6, 0xB5F7, 0xBE18, 0xC679, 0xBE59, 0x7430, 0x73EF, 0x8471,
    0x8471, 0x8451, 0x9514, 0xD6FC, 0xE77E, 0xDF7E, 0xDF7E, 0xDF5E, 0xDF5E, 0xDF5E, 0xDF5E, 0xDF5E,
    0xDF5E, 0xD73D, 0xD73D, 0xD73D, 0xD73D, 0xD73D, 0xD73D, 0xE75D, 0xEF9D, 0xEF9D, 0xFFDE, 0xFFDD,
    0xFFBD, 0xFFBD, 0xFFDD, 0xFFDD, 0xFFDD, 0xFFDD, 0xFFDE, 0xFFFE, 0xA575, 0x31E8, 0x31E9, 0x31C9,
    0x422C, 0x6B72, 0x6B73, 0x6B93, 0x4A8E, 0x3A0A, 0x2968, 0x18E7, 0x29A9, 0x3A0B, 0x2969, 0x1927,
    0x31AA, 0x31CA, 0x2149, 0x1928, 0x1928, 0x2128, 0x2127, 0x1926, 0x10C4, 0x10C4, 0x2968, 0x31EA,
    0x31CA, 0x29AA, 0x526E, 0x8B93, 0x8B52, 0x8B51, 0x624D, 0x39CA, 0x39EB, 0x1947, 0x2148, 0x424C,
    0x426D, 0x29AA, 0x298A, 0x426C, 0x3A2B, 0x2168, 0x1906, 0x1927, 0x1927, 0x2127, 0x2148, 0x2146,
    0xDF5D, 0xDF5D, 0xDF7D, 0xADF7, 0x84B2, 0x73EF, 0x6BCF, 0x9535, 0xB639, 0xBE79, 0xC6BB, 0xCEFC,
    0xCF1C, 0xD73C, 0xD75D, 0xDF5D, 0xDF7D, 0xDF9E, 0xDF7D, 0xA596, 0x94F3, 0x9513, 0x9534, 0xCEBA,
    0xEFBE, 0xEFDE, 0xB5F7, 0x8491, 0xCEFB, 0xEFBD, 0xE79D, 0xE77D, 0xE77D, 0xE77D, 0xE77D, 0xE79D,
    0xE79D, 0xADF7, 0x94F3, 0x9D34, 0x9514, 0xAE17, 0xE77D, 0xEF9D, 0xEF9D, 0xEF9D, 0xE77D, 0xE77C,
    0xEF9D, 0xEF9D, 0xEF9D, 0xE77C, 0xE75C, 0xDF5C, 0xDF5C, 0xE77D, 0xE77D, 0xE79D, 0xBE78, 0x8CF3,
    0x9D14, 0x9D55, 0x5AEB, 0x2924, 0x3985, 0x49E6, 0x6288, 0x72E9, 0x7B2A, 0x834A, 0x832A, 0x93AB,
    0x93AC, 0x9BCC, 0x9BAC, 0x9BAC, 0x9BCC, 0x9BAC, 0x9BAC, 0x9BCD, 0x9BAD, 0x9BAD, 0x9BAD, 0x9B8C,
    0x936C, 0x9B6C, 0x9B6C, 0x9B6C, 0x9B6C, 0x9B8C, 0xA3AD, 0xABCD, 0xABCD, 0xABED, 0xAC0E, 0xAC0E,
    0xA3CD, 0xABCD, 0xAC0E, 0xAC0E, 0xAC0E, 0xABEE, 0xA3CE, 0x9BCE, 0x9BEE, 0x93AE, 0x93AE, 0x93CF,
    0x93CE, 0x93EF, 0x9C0F, 0xA430, 0xAC91, 0xB4B1, 0xB4B2, 0xBCF2, 0xB4F2, 0xBD13, 0xB513, 0xB512,
    0xB513, 0xB533, 0xB533, 0xA491, 0x83AD, 0x732B, 0x62CB, 0x5ACB, 0x5AEB, 0x738D, 0x8450, 0x8450,
    0x8C71, 0x8CB1, 0x94F2, 0x9D33, 0xA554, 0xA574, 0xA575, 0xADB6, 0xB5D6, 0xB5F7, 0xBE38, 0xBE58,
    0xC679, 0xC6BA, 0xCEDB, 0xD6FC, 0xD73C, 0xDF5D, 0xDF7E, 0xE79E, 0xD73C, 0x7C51, 0x7C30, 0x8CB2,
    0x8CB2, 0x8492, 0x9555, 0xD71C, 0xDF7E, 0xDF5D, 0xDF5D, 0xDF3D, 0xDF5D, 0xD75D, 0xD73D, 0xD73D,
    0xD75D, 0xD73D, 0xD73D, 0xD73D, 0xD73D, 0xDF3D, 0xEF7D, 0xF7DE, 0xFFDD, 0xFFDD, 0xFFDD, 0xF7DD,
    0xF7BD, 0xF7BD, 0xF7BD, 0xF7BD, 0xF7BD, 0xF7BD, 0xFFDD, 0xFFFE, 0xB617, 0x424A, 0x3A0A, 0x3A0A,
    0x422B, 0x6331, 0x6B52, 0x6B73, 0x4A8E, 0x2989, 0x2127, 0x1927, 0x2989, 0x39EB, 0x31CA, 0x2168,
    0x3A2C, 0x3A0B, 0x2168, 0x10E6, 0x10E5, 0x1905, 0x18E6, 0x1905, 0x10C4, 0x10C4, 0x2147, 0x31C9,
    0x31CA, 0x39EB, 0x520A, 0xA2AD, 0xA28C, 0xA2AC, 0x722B, 0x41EA, 0x3A0B, 0x2148, 0x2148, 0x3A0B,
    0x39EB, 0x29AA, 0x2169, 0x3A0B, 0x3A2C, 0x29AA, 0x2148, 0x2169, 0x2169, 0x2169, 0x2169, 0x1927,
    0xDF5D, 0xDF5D, 0xDF7D, 0xADD7, 0x8CB2, 0x52EB, 0x3A29, 0x320A, 0x322B, 0x5B4F, 0x530E, 0x4B0E,
    0x5B90, 0x6C11, 0x7432, 0x7C73, 0x7C73, 0x84B4, 0x7C93, 0x5B8F, 0x636E, 0x638F, 0x6BF0, 0xA596,
    0xC6BA, 0xD71B, 0xA596, 0x6BEF, 0xC69A, 0xE79D, 0xE79D, 0xE79D, 0xE79D, 0xE7BD, 0xEFBD, 0xEFBE,
    0xEFBE, 0xADF7, 0x9514, 0x9D54, 0x9D34, 0xB638, 0xE77D, 0xEF9D, 0xE79C, 0xE77D, 0xE77D, 0xE77C,
    0xE77D, 0xEF9D, 0xE77C, 0xE77C, 0xE75C, 0xE75C, 0xDF5C, 0xDF5C, 0xE77D, 0xEFBD, 0xB658, 0x8CF3,
    0x9D34, 0x9D75, 0x52CB, 0x2924, 0x39A6, 0x49E6, 0x6288, 0x6AC9, 0x7B09, 0x834A, 0x834A, 0x93CC,
    0x9BCC, 0x93AC, 0x9BAC, 0x9BAC, 0x9BCD, 0x9BAD, 0x93AD, 0x938D, 0x8B6C, 0x8B4C, 0x832B, 0x832B,
    0x830B, 0x82EB, 0x82EB, 0x830B, 0x8B4B, 0x934C, 0x9B6C, 0xA38C, 0xA38C, 0xA38C, 0xA3AC, 0xABCD,
    0xA3AC, 0xA38C, 0xA3AD, 0xA3CD, 0x9BAD, 0x936C, 0x8B4C, 0x7AEB, 0x6AAA, 0x628A, 0x5A69, 0x62AA,
    0x62AA, 0x6AAB, 0x730C, 0x7B2C, 0x8BAE, 0xA471, 0xAC91, 0xB4D2, 0xB4F2, 0xB4F2, 0xBD13, 0xB512,
    0xB512, 0xB513, 0xB533, 0xACB1, 0x8BEE, 0x732B, 0x62CA, 0x5289, 0x62EB, 0x6B4C, 0x9D33, 0xB5F7,
    0xB5F7, 0xB617, 0xBE38, 0xC679, 0xC699, 0xCEBA, 0xCEFB, 0xD71C, 0xDF3D, 0xDF3D, 0xDF5D, 0xDF7E,
    0xDF7E, 0xDF7E, 0xDF7E, 0xDF7E, 0xDF7E, 0xDF7E, 0xDF5E, 0xDF7E, 0xCEFC, 0x6C10, 0x7C51, 0x8CD3,
    0x8CB3, 0x84B2, 0x9D75, 0xD71C, 0xDF5E, 0xDF5E, 0xDF5D, 0xDF3D, 0xDF5E, 0xD75D, 0xD75D, 0xD73D,
    0xDF5D, 0xDF3D, 0xD73D, 0xD73D, 0xDF3D, 0xEF9D, 0xFFDD, 0xFFDD, 0xFFDD, 0xF7BD, 0xF7BD, 0xF7BD,
    0xF79D, 0xF79D, 0xF79D, 0xF7BD, 0xF7BD, 0xF7BD, 0xF7BD, 0xFFDE, 0xC679, 0x426B, 0x3A0A, 0x3A0A,
    0x3A2B, 0x6B51, 0x6B72, 0x6B52, 0x52AF, 0x29A9, 0x1907, 0x1907, 0x2148, 0x29A9, 0x2968, 0x1907,
    0x2989, 0x31C9, 0x2147, 0x18E6, 0x18E5, 0x18E5, 0x1906, 0x1905, 0x10C4, 0x10C4, 0x2147, 0x29A9,
    0x31A9, 0x31A9, 0x49CA, 0x9AAC, 0x9ACB, 0xA2EC, 0x724A, 0x39C9, 0x31AA, 0x2148, 0x2989, 0x424D,
    0x4A8D, 0x320B, 0x2989, 0x3A2C, 0x3A0B, 0x2989, 0x1927, 0x1927, 0x1927, 0x1906, 0x1906, 0x1926,
    0xDF5D, 0xDF5D, 0xDF5D, 0xA5D6, 0x8CB2, 0x5B2B, 0x3A29, 0x31EA, 0x52EE, 0xAD76, 0x8C93, 0x320A,
    0x5B4F, 0x9CF4, 0x9D14, 0x94F4, 0x636F, 0x29A9, 0x52ED, 0x4ACD, 0x31EA, 0x3A0A, 0x320A, 0x3A2B,
    0x428C, 0x4AED, 0x4ACD, 0x3A4B, 0x530E, 0x6BD0, 0x7431, 0x84B3, 0x8CF4, 0x9555, 0xA596, 0xADF8,
    0xBE79, 0x8CD3, 0x7410, 0x8472, 0x8CD3, 0xB618, 0xDF7C, 0xE79D, 0xE77C, 0xE77C, 0xE77C, 0xE77C,
    0xE77D, 0xE79D, 0xE79D, 0xE79D, 0xE77C, 0xE77D, 0xE77D, 0xE77D, 0xE79D, 0xEF9D, 0xB617, 0x8CF3,
    0x9D34, 0xA555, 0x52AA, 0x2944, 0x3985, 0x41C6, 0x5A68, 0x6AC9, 0x7B09, 0x7B2A, 0x836B, 0x93AC,
    0x8B8B, 0x938B, 0x938C, 0x938C, 0x938C, 0x832C, 0x72EA, 0x72CA, 0x6ACA, 0x6289, 0x5A48, 0x5207,
    0x5228, 0x5207, 0x5A08, 0x6A89, 0x72A9, 0x7ACA, 0x8B2B, 0x934B, 0x9B4B, 0x9B6C, 0xA38C, 0xA38C,
    0x9B6C, 0x9B4C, 0x9B6C, 0x8B4B, 0x8B2B, 0x72AA, 0x6A89, 0x5A07, 0x49C7, 0x3145, 0x3145, 0x3165,
    0x3145, 0x2924, 0x41A6, 0x4A08, 0x5A69, 0x838E, 0xA471, 0xAC91, 0xACD2, 0xB4D2, 0xB4F2, 0xB4F2,
    0xB4F2, 0xB513, 0xB533, 0xACF2, 0x940E, 0x6AEA, 0x5AAA, 0x5AAA, 0x5ACB, 0x632C, 0xB5D7, 0xDF5D,
    0xD73C, 0xDF5D, 0xDF7D, 0xDF7D, 0xDF7E, 0xDF7E, 0xDF7E, 0xDF7E, 0xDF5E, 0xDF5E, 0xDF5E, 0xDF5E,
    0xDF5E, 0xDF5E, 0xDF5E, 0xDF5E, 0xDF5E, 0xDF5E, 0xDF5E, 0xE77E, 0xC6DB, 0x6BEF, 0x8471, 0x8CB3,
    0x8CB3, 0x8492, 0x9D96, 0xD73D, 0xDF5E, 0xDF5E, 0xDF5E, 0xDF3D, 0xDF3E, 0xD73D, 0xD75D, 0xD75D,
    0xD73D, 0xD73D, 0xDF3D, 0xD73D, 0xDF3D, 0xEF9D, 0xFFDD, 0xFFDD, 0xFFDD, 0xF7BD, 0xF7BD, 0xF79D,
    0xF79D, 0xEF9D, 0xEF7C, 0xF79D, 0xF79D, 0xF79D, 0xF79D, 0xF7BE, 0xCEDA, 0x4ACB, 0x31E9, 0x31EA,
    0x31CA, 0x528E, 0x5AF1, 0x5AF1, 0x4A6E, 0x29CB, 0x3A0B, 0x2148, 0x2148, 0x3A0B, 0x31CA, 0x1907,
    0x31C9, 0x39EA, 0x2147, 0x1906, 0x1926, 0x1906, 0x1906, 0x1926, 0x10E4, 0x10C4, 0x2147, 0x31CA,
    0x39EB, 0x3A2B, 0x522B, 0x932E, 0x9B4E, 0x9B6F, 0x6AAD, 0x39CA, 0x31CA, 0x2169, 0x2148, 0x29AA,
    0x31EA, 0x29AA, 0x1948, 0x31CA, 0x422B, 0x2989, 0x10E6, 0x18E6, 0x18E6, 0x1906, 0x1906, 0x1906,
    0xDF5C, 0xDF5D, 0xD75C, 0xA595, 0x8CD2, 0x5B2C, 0x3A08, 0x426B, 0x9CF5, 0xBDD7, 0xBDF8, 0x6BD1,
    0x6B90, 0xB595, 0xA533, 0xB5B5, 0x94F3, 0x6B90, 0xB5D7, 0x8CB3, 0x632E, 0x6B8F, 0x73F1, 0x52CD,
    0x4A8C, 0x426C, 0x3A0B, 0x5B0E, 0x530E, 0x5B2E, 0x530E, 0x320A, 0x322B, 0x322B, 0x3A4B, 0x4ACD,
    0x428D, 0x3A6C, 0x428D, 0x4ACD, 0x52EE, 0x7432, 0xD71B, 0xE77C, 0xE77C, 0xE77C, 0xE77C, 0xE77C,
    0xE77C, 0xEF9D, 0xEF9D, 0xEF9D, 0xEF9D, 0xEF9D, 0xE79D, 0xE79D, 0xE79D, 0xEF9D, 0xB5F7, 0x94F4,
    0x9D34, 0x9D55, 0x4A69, 0x2965, 0x3165, 0x41C6, 0x5A68, 0x6AC9, 0x7309, 0x7B2A, 0x8B6B, 0x836B,
    0x834A, 0x8B6B, 0x834B, 0x832C, 0x72CA, 0x5A69, 0x49E7, 0x41C7, 0x41A6, 0x3965, 0x3145, 0x2924,
    0x3145, 0x3145, 0x3945, 0x41A6, 0x49E7, 0x5207, 0x7289, 0x82EA, 0x8B0A, 0x934B, 0x9B6B, 0x9B8C,
    0x934B, 0x8B0A, 0x82EA, 0x7ACA, 0x6A69, 0x6228, 0x49A6, 0x3985, 0x3145, 0x2904, 0x20E4, 0x2124,
    0x2945, 0x3185, 0x39A6, 0x41E7, 0x4A08, 0x6ACB, 0x7B6D, 0x8BCF, 0x9430, 0x9C71, 0xACD2, 0xB513,
    0xBD54, 0xBD54, 0xBD54, 0xB513, 0x942F, 0x6AEA, 0x5A8A, 0x5AAA, 0x52AA, 0x630C, 0xA555, 0xEFBF,
    0xE79E, 0xE77D, 0xDF5D, 0xDF5D, 0xDF5D, 0xDF5D, 0xDF5D, 0xDF5D, 0xDF5E, 0xDF7E, 0xDF5E, 0xDF7E,
    0xDF5E, 0xDF5E, 0xDF5E, 0xDF5E, 0xDF5E, 0xDF5E, 0xDF5E, 0xE77E, 0xBE9A, 0x6BEF, 0x8C92, 0x8CD3,
    0x8CB3, 0x84B2, 0xA596, 0xDF3D, 0xDF7D, 0xDF5E, 0xDF3E, 0xDF3E, 0xDF5E, 0xDF5D, 0xD75D, 0xD75D,
    0xD73D, 0xDF3D, 0xDF3D, 0xD73D, 0xDF3D, 0xE77D, 0xF7BD, 0xFFBD, 0xFFDD, 0xFFBD, 0xF7BD, 0xF7BD,
    0xF79D, 0xEF7C, 0xEF7C, 0xEF7D, 0xEF7D, 0xEF9D, 0xEF9D, 0xF7BE, 0xD6FB, 0x4AEC, 0x31C9, 0x3A0A,
    0x39EB, 0x5AD0, 0x6B53, 0x6B74, 0x5AF1, 0x31CB, 0x31EB, 0x2168, 0x2148, 0x31CA, 0x31CA, 0x1927,
    0x2989, 0x31EA, 0x2168, 0x1906, 0x1906, 0x1906, 0x1906, 0x1906, 0x18E4, 0x10C4, 0x2126, 0x2989,
    0x29A9, 0x29A9, 0x31EB, 0x6B52, 0x6B74, 0x7395, 0x6332, 0x3A4D, 0x426D, 0x31AA, 0x1928, 0x39EB,
    0x424C, 0x31CA, 0x1928, 0x31EB, 0x39EB, 0x2989, 0x1927, 0x1948, 0x2148, 0x2148, 0x2147, 0x2127,
    0xDF3C, 0xDF5D, 0xD75C, 0x9D75, 0x8CD2, 0x634D, 0x3A09, 0x428C, 0x5B70, 0x94D4, 0x9D15, 0x6371,
    0x6B90, 0xAD95, 0x8C91, 0xA534, 0x9CF4, 0x8C93, 0xAD96, 0x94D3, 0xAD76, 0xB5B6, 0xAD96, 0xAD96,
    0xA576, 0xA535, 0x52AC, 0x8473, 0x8C93, 0xAD96, 0x9CF4, 0x7C11, 0x73B0, 0x73F1, 0x8C93, 0x94B4,
    0x6BB0, 0x5B0E, 0x5B2F, 0x4ACE, 0x4ACE, 0x63B0, 0xD6FB, 0xE79D, 0xE77C, 0xE77C, 0xE77C, 0xE77C,
    0xE77C, 0xE79D, 0xE79D, 0xE79D, 0xE77D, 0xE77D, 0xE79D, 0xEF9D, 0xEF9D, 0xE79D, 0xADD6, 0x94F4,
    0x9D34, 0xA575, 0x5ACB, 0x2124, 0x2944, 0x39A5, 0x5A47, 0x6AE9, 0x7309, 0x7B0A, 0x834A, 0x7B09,
    0x832A, 0x7B0A, 0x7AEB, 0x6289, 0x4A07, 0x3986, 0x3145, 0x2924, 0x2104, 0x20E3, 0x18E3, 0x18C3,
    0x18C3, 0x20C3, 0x20E3, 0x2904, 0x3145, 0x4186, 0x51E7, 0x6A48, 0x82C9, 0x8B0A, 0x934B, 0x934C,
    0x932B, 0x82A9, 0x6A48, 0x6A68, 0x5A08, 0x49E7, 0x39A6, 0x39A6, 0x39A6, 0x39A6, 0x39C7, 0x41E7,
    0x4208, 0x41E7, 0x41C7, 0x41C7, 0x41C7, 0x41C7, 0x39A6, 0x39A6, 0x41A6, 0x41C7, 0x5228, 0x62CB,
    0x7B6D, 0x8BEF, 0x9C91, 0xB513, 0xA491, 0x732B, 0x5AAA, 0x5289, 0x528A, 0x632C, 0x8CB2, 0xE77E,
    0xE77E, 0xDF7D, 0xDF5D, 0xDF5D, 0xDF5D, 0xDF7D, 0xDF5D, 0xDF7D, 0xDF7D, 0xDF7E, 0xDF5D, 0xDF5D,
    0xDF5D, 0xDF5D, 0xDF5D, 0xDF5D, 0xDF5D, 0xDF5D, 0xDF5E, 0xE79E, 0xBE79, 0x6BCF, 0x8CB2, 0x8CD3,
    0x8CD3, 0x84B3, 0xA5B6, 0xDF5D, 0xDF7D, 0xDF5D, 0xDF5E, 0xDF5E, 0xDF5E, 0xDF5D, 0xDF5D, 0xDF5D,
    0xDF3D, 0xDF3D, 0xDF3D, 0xD73D, 0xDF3D, 0xE75D, 0xF79D, 0xF7BD, 0xFFBD, 0xF7BD, 0xF7BD, 0xF79D,
    0xEF7C, 0xEF5C, 0xE75D, 0xE75C, 0xEF5D, 0xEF7D, 0xEF7D, 0xEF9D, 0xDF3C, 0x5B4D, 0x31C9, 0x31EA,
    0x31CA, 0x4A4E, 0x6312, 0x6B12, 0x5AD0, 0x3A0C, 0x31CB, 0x2128, 0x2168, 0x31CA, 0x31CA, 0x2128,
    0x2989, 0x31EA, 0x2988, 0x1907, 0x1927, 0x1927, 0x1927, 0x2126, 0x18E4, 0x10C4, 0x1926, 0x31C9,
    0x39EB, 0x3A0B, 0x3A2D, 0x6395, 0x6BB6, 0x6BB6, 0x6373, 0x31EC, 0x31CA, 0x2168, 0x10E7, 0x2989,
    0x31CA, 0x31CA, 0x2169, 0x31EB, 0x3A2C, 0x31CA, 0x2148, 0x2148, 0x1948, 0x1948, 0x1927, 0x1927,
    0xDF3C, 0xDF5D, 0xD73C, 0x9D75, 0x8CD2, 0x636D, 0x3A29, 0x322B, 0x21AA, 0x8473, 0x7C32, 0x196A,
    0x5B50, 0xB5D7, 0xB5B6, 0xB5D6, 0x9D34, 0x5B0E, 0xA535, 0xADB6, 0xADB7, 0xAD96, 0xA555, 0xB5D7,
    0xB5B6, 0xB5D7, 0x73F1, 0x94F4, 0x5B2E, 0x94D4, 0xBDF7, 0xBDD7, 0xBDD7, 0xB5D7, 0xB5B7, 0xAD96,
    0xB5B6, 0xB5B6, 0xAD96, 0x636F, 0x4AAE, 0x6BF1, 0xD71B, 0xE77D, 0xE75C, 0xE77D, 0xE75C, 0xE75C,
    0xE77C, 0xDF7C, 0xDF7C, 0xE77C, 0xE77C, 0xE77C, 0xE77D, 0xE77D, 0xEF9D, 0xE77C, 0xA5B6, 0x94F3,
    0x9D14, 0xA575, 0x73AE, 0x2944, 0x2944, 0x39A5, 0x5A67, 0x7309, 0x7309, 0x7B2A, 0x834B, 0x7B2A,
    0x7B2A, 0x6ACA, 0x5A69, 0x41C7, 0x3185, 0x2945, 0x2945, 0x2945, 0x2945, 0x2945, 0x2945, 0x3166,
    0x3186, 0x39A6, 0x3186, 0x3165, 0x3145, 0x3965, 0x41A6, 0x5A07, 0x7AC9, 0x934C, 0x9BAD, 0x9B8D,
    0x8B4C, 0x7AEA, 0x6A89, 0x5A28, 0x49E7, 0x39A6, 0x39A6, 0x39A6, 0x39A6, 0x39A6, 0x41C6, 0x49E7,
    0x5228, 0x5A69, 0x62AA, 0x62CA, 0x62AA, 0x62CA, 0x62CA, 0x6B0C, 0x736D, 0x6B0B, 0x4A48, 0x3144,
    0x2924, 0x2925, 0x39A6, 0x62CB, 0x9CB2, 0x83CE, 0x5AAA, 0x5289, 0x52AA, 0x5ACB, 0x7C30, 0xDF5D,
    0xE77D, 0xE77E, 0xDF7D, 0xDF5D, 0xDF5D, 0xDF5D, 0xDF7D, 0xDF7D, 0xE77D, 0xE77D, 0xE77D, 0xE77D,
    0xDF7D, 0xDF7D, 0xDF5D, 0xDF5D, 0xDF5D, 0xDF5D, 0xDF5D, 0xE79E, 0xB638, 0x6BCF, 0x8CB3, 0x8CB3,
    0x8CD3, 0x84B3, 0xA5D7, 0xDF5D, 0xDF5D, 0xDF5D, 0xDF3D, 0xDF5D, 0xDF5D, 0xDF5D, 0xDF5D, 0xDF5D,
    0xDF5D, 0xDF3D, 0xDF3D, 0xDF3D, 0xDF3C, 0xEF7D, 0xF7BD, 0xFFDD, 0xFFDE, 0xF7BD, 0xF79D, 0xEF7D,
    0xE75C, 0xE73C, 0xDF3C, 0xE73C, 0xE75D, 0xE75D, 0xE75D, 0xEF7D, 0xE77D, 0x6BAF, 0x31C8, 0x39EA,
    0x31C9, 0x3A0C, 0x62F1, 0x6B11, 0x62F0, 0x3A0B, 0x39EB, 0x2989, 0x2168, 0x31C9, 0x31EA, 0x2169,
    0x31CA, 0x3A2B, 0x31AA, 0x2148, 0x1948, 0x2149, 0x2148, 0x2147, 0x18E5, 0x10C4, 0x1905, 0x2988,
    0x31A9, 0x31CA, 0x3A0C, 0x73B4, 0x7C36, 0x7C57, 0x73F5, 0x424D, 0x422B, 0x31CA, 0x18E7, 0x2989,
    0x39EA, 0x31CA, 0x2148, 0x2989, 0x29A9, 0x2968, 0x1927, 0x1906, 0x1906, 0x1906, 0x1906, 0x1906,
    0xDF5D, 0xDF5D, 0xD73C, 0x9D54, 0x8CD2, 0x636D, 0x3A09, 0x424B, 0x3A0B, 0x4AAD, 0x4A8D, 0x29CB,
    0x426D, 0x73F1, 0x8452, 0x8C93, 0x7C12, 0x31CB, 0x3A2C, 0x4A8D, 0x52CD, 0x52CD, 0x5B0E, 0x636F,
    0x6B90, 0x73F1, 0x636F, 0x7C11, 0x3A2B, 0x7C33, 0x9D35, 0x9D15, 0xA535, 0x8472, 0x94B4, 0xAD96,
    0xB5D7, 0xB5B7, 0xBE18, 0x7C12, 0x428E, 0x6BF1, 0xD71B, 0xE77D, 0xE75C, 0xE75C, 0xDF5C, 0xDF5C,
    0xDF5D, 0xE75C, 0xE75C, 0xE77C, 0xE77C, 0xE77C, 0xE79D, 0xEF9D, 0xEFBD, 0xE77C, 0xA595, 0x94D3,
    0x9514, 0x9D54, 0x7BEF, 0x2924, 0x2124, 0x3985, 0x5A88, 0x732A, 0x730A, 0x72EA, 0x62A9, 0x5207,
    0x41A6, 0x3165, 0x2924, 0x2124, 0x2924, 0x2945, 0x2965, 0x2965, 0x2965, 0x3165, 0x3186, 0x31A6,
    0x39A6, 0x39E7, 0x4207, 0x41E8, 0x41E8, 0x41E7, 0x41C7, 0x49C6, 0x6269, 0x6ACA, 0x7B0B, 0x7B0B,
    0x6AAA, 0x5228, 0x41C7, 0x3185, 0x3165, 0x39A6, 0x41A6, 0x49C6, 0x5207, 0x5A28, 0x6289, 0x6AEA,
    0x7B4B, 0x836C, 0x836C, 0x838C, 0x836C, 0x7B4C, 0x730B, 0x734C, 0x9471, 0xAD14, 0xB554, 0x8C0F,
    0x3186, 0x3165, 0x3186, 0x4208, 0x8431, 0x73CF, 0x634D, 0x52AA, 0x5289, 0x5AAA, 0x6B8E, 0xD71C,
    0xE77E, 0xE77E, 0xE77D, 0xDF7D, 0xDF7D, 0xDF7D, 0xDF7D, 0xE77D, 0xE77E, 0xE77D, 0xE79E, 0xE79E,
    0xE77E, 0xE77D, 0xDF5D, 0xDF5D, 0xDF5D, 0xDF5D, 0xDF5D, 0xE79E, 0xADF7, 0x6BCF, 0x8CD3, 0x8CD3,
    0x8CD3, 0x84B3, 0xADF7, 0xDF5D, 0xDF5D, 0xDF5D, 0xDF5D, 0xDF5D, 0xDF5D, 0xDF5D, 0xDF5D, 0xDF5D,
    0xDF5D, 0xDF3D, 0xDF3D, 0xDF5C, 0xEF7D, 0xF7BE, 0xFFBD, 0xF7BD, 0xF79D, 0xF79D, 0xF79D, 0xEF9D,
    0xE75C, 0xDF3C, 0xDF3C, 0xDF3C, 0xE75D, 0xE75D, 0xE75D, 0xE75D, 0xE77D, 0x7410, 0x31A8, 0x31C9,
    0x29A8, 0x4A6C, 0x7BB2, 0x7BB2, 0x7BB2, 0x4A4C, 0x39EA, 0x2989, 0x1928, 0x31A9, 0x31CA, 0x2148,
    0x2989, 0x31CA, 0x2969, 0x1948, 0x1948, 0x1948, 0x1927, 0x1927, 0x18E5, 0x10C4, 0x18E5, 0x2988,
    0x39EA, 0x3A0A, 0x3A0B, 0x6BB4, 0x7C16, 0x7C16, 0x73D4, 0x3A0C, 0x29A9, 0x2968, 0x1906, 0x2168,
    0x31EA, 0x31EB, 0x2149, 0x29EB, 0x428E, 0x3A4E, 0x194A, 0x114A, 0x196C, 0x198C, 0x198D, 0x19AC,
    0xDF5D, 0xDF5C, 0xCF1B, 0x9534, 0x94D2, 0x6BCF, 0x4A6A, 0x4AAC, 0x42AD, 0x3A6D, 0x3A6D, 0x428E,
    0x3A4D, 0x3A0C, 0x3A0B, 0x3A0B, 0x3A2C, 0x426C, 0x424C, 0x3A2C, 0x3A0B, 0x3A0B, 0x3A0B, 0x31EB,
    0x31EB, 0x31EB, 0x39EA, 0x3A0B, 0x3A0B, 0x424C, 0x3A2B, 0x426C, 0x42AC, 0x3A4C, 0x52CE, 0x5B0E,
    0x5B2F, 0x6390, 0x73F1, 0x5B0F, 0x4AAE, 0x6BB1, 0xD71B, 0xE77D, 0xE77D, 0xE77D, 0xE77D, 0xE77D,
    0xE77D, 0xE79D, 0xE79D, 0xE79D, 0xE79D, 0xE77C, 0xDF5C, 0xD73B, 0xCEFA, 0xC699, 0x8CD2, 0x73EF,
    0x73CE, 0x7C30, 0x6B6D, 0x2945, 0x2103, 0x39A5, 0x5248, 0x4A07, 0x3185, 0x2924, 0x20E3, 0x2103,
    0x3165, 0x39C6, 0x39C6, 0x3185, 0x39A6, 0x4A07, 0x5248, 0x6289, 0x62A9, 0x5A89, 0x5248, 0x5248,
    0x4A27, 0x4207, 0x41C6, 0x3986, 0x3165, 0x2965, 0x3166, 0x2945, 0x2104, 0x2103, 0x3186, 0x3165,
    0x2924, 0x2104, 0x2945, 0x39A6, 0x5228, 0x5228, 0x5208, 0x5227, 0x5207, 0x5207, 0x5228, 0x5A69,
    0x6B0A, 0x836C, 0x8BAD, 0x8BAD, 0x8B8C, 0x838C, 0x7B4C, 0x730B, 0x838D, 0x9C71, 0xACF3, 0xB534,
    0x6B2C, 0x2924, 0x3186, 0x39A6, 0x73AE, 0x7C11, 0x52CC, 0x5B0C, 0x528A, 0x5ACA, 0x6B6D, 0xCEDB,
    0xEFBF, 0xE77D, 0xE77D, 0xDF7D, 0xDF7D, 0xDF7D, 0xDF7D, 0xDF7D, 0xDF7D, 0xDF7D, 0xE77D, 0xDF7D,
    0xDF7D, 0xE75D, 0xDF5D, 0xDF5D, 0xDF5D, 0xDF5D, 0xDF5D, 0xE79E, 0xA5B6, 0x6BCF, 0x94D3, 0x8CD3,
    0x8CD3, 0x84B3, 0xB618, 0xDF5D, 0xDF5D, 0xDF5D, 0xDF5D, 0xDF5D, 0xDF3D, 0xDF5D, 0xDF5D, 0xDF5D,
    0xDF5D, 0xDF5D, 0xDF5D, 0xE77D, 0xF79D, 0xF7BD, 0xF79D, 0xF79D, 0xEF7D, 0xEF7D, 0xEF7D, 0xEF7D,
    0xE75C, 0xE73C, 0xDF3C, 0xDF3C, 0xDF5C, 0xDF5C, 0xE75D, 0xE75D, 0xE79D, 0x8492, 0x31C8, 0x39E9,
    0x31A9, 0x4A8C, 0x7BF2, 0x7BF2, 0x7BF3, 0x426C, 0x29A9, 0x2968, 0x1907, 0x29A9, 0x39EA, 0x2969,
    0x2989, 0x422B, 0x31C9, 0x1906, 0x1906, 0x1906, 0x1905, 0x1926, 0x1905, 0x10C4, 0x1905, 0x2167,
    0x2989, 0x29AA, 0x29AB, 0x5B52, 0x6BF5, 0x6BB5, 0x63B4, 0x3A6F, 0x3A6F, 0x2A0E, 0x196B, 0x2A0E,
    0x3250, 0x2A10, 0x19CF, 0x1A11, 0x2252, 0x1A33, 0x11F3, 0x1213, 0x1A34, 0x1A35, 0x1A14, 0x1A14,
    0xDF5D, 0xDF5C, 0xCEFB, 0x9514, 0x94D2, 0x73EF, 0x4229, 0x3A8E, 0x2211, 0x4B14, 0x4B14, 0x2211,
    0x42D2, 0x5B73, 0x6392, 0x5B52, 0x42D1, 0x3271, 0x3271, 0x3270, 0x3AB0, 0x42B1, 0x4290, 0x42B0,
    0x4AAF, 0x4AAF, 0x4A8E, 0x428E, 0x428E, 0x428D, 0x428D, 0x428D, 0x428D, 0x4AAD, 0x428D, 0x428D,
    0x426C, 0x426C, 0x426D, 0x4A8D, 0x52CE, 0x6BF1, 0xD73B, 0xEFBE, 0xE79D, 0xE79D, 0xE77C, 0xDF3C,
    0xCEFA, 0xC699, 0xB637, 0xADD6, 0x9D74, 0x9513, 0x84B2, 0x8491, 0x7C50, 0x73EF, 0x6B8D, 0x636C,
    0x634C, 0x7C0F, 0x632C, 0x2924, 0x3185, 0x3186, 0x20E3, 0x18E3, 0x18E4, 0x2104, 0x41C6, 0x62C9,
    0x6B0B, 0x5AA9, 0x41E7, 0x39C6, 0x4A07, 0x5A68, 0x6AC9, 0x730A, 0x7B2A, 0x7B2A, 0x732A, 0x732A,
    0x6AEA, 0x5A68, 0x5227, 0x4A27, 0x4A07, 0x3985, 0x2945, 0x2965, 0x2104, 0x2104, 0x2925, 0x2125,
    0x2925, 0x2924, 0x39A6, 0x6AAA, 0x6269, 0x5A28, 0x51E7, 0x49C6, 0x41A6, 0x41A6, 0x39A6, 0x3986,
    0x3986, 0x41E7, 0x5228, 0x62A9, 0x7B4B, 0x838C, 0x836C, 0x836C, 0x838D, 0x942F, 0xA4D2, 0xAD13,
    0x9450, 0x2945, 0x3165, 0x7B4D, 0x6B0B, 0x83EF, 0x7C10, 0x5B0C, 0x7BCF, 0x528A, 0x634C, 0xBE18,
    0xEFBE, 0xE77E, 0xE77D, 0xDF7D, 0xDF7D, 0xDF7D, 0xDF7D, 0xDF7D, 0xDF7D, 0xDF7D, 0xDF7D, 0xDF7D,
    0xDF7D, 0xDF7D, 0xDF7D, 0xDF7D, 0xDF7D, 0xDF7D, 0xDF5D, 0xE79E, 0x9D95, 0x6BCF, 0x94F3, 0x8CD3,
    0x8CD3, 0x8CD3, 0xB638, 0xE77D, 0xDF5D, 0xDF5D, 0xDF5D, 0xDF5D, 0xDF3D, 0xDF5D, 0xDF5D, 0xDF3D,
    0xDF5D, 0xDF5D, 0xDF3D, 0xE75D, 0xEF7D, 0xEF7D, 0xEF7D, 0xEF7D, 0xE75C, 0xE75D, 0xE73C, 0xE75C,
    0xE75C, 0xE75C, 0xDF3C, 0xDF3C, 0xDF3C, 0xDF3D, 0xDF5D, 0xE75D, 0xE79D, 0x94F4, 0x31E9, 0x3A0A,
    0x39E9, 0x4A8C, 0x7C13, 0x7C13, 0x7C13, 0x52AD, 0x31CA, 0x2988, 0x2107, 0x2989, 0x2989, 0x2148,
    0x2148, 0x31CA, 0x2989, 0x1907, 0x1927, 0x1928, 0x1948, 0x1949, 0x1926, 0x10C4, 0x1926, 0x31EC,
    0x322E, 0x2A0E, 0x2A0F, 0x3292, 0x3AD4, 0x3294, 0x2A73, 0x2233, 0x2233, 0x2254, 0x2254, 0x2274,
    0x2254, 0x1A13, 0x1A12, 0x1A12, 0x19F2, 0x19F2, 0x19F2, 0x19F1, 0x19D1, 0x19D0, 0x19AF, 0x198D,
    0xDF5C, 0xDF7C, 0xCEDB, 0x9513, 0x94D3, 0x73EF, 0x3A29, 0x324F, 0x3AB4, 0xA59A, 0xB5FB, 0x3273,
    0x5376, 0xC65A, 0xC65A, 0xC65B, 0x9D79, 0x3273, 0x5BB7, 0x5BD8, 0x1A14, 0x2255, 0x2A95, 0x1A15,
    0x2235, 0x2235, 0x2A75, 0x2A74, 0x3254, 0x3273, 0x3293, 0x3293, 0x3A93, 0x3A93, 0x3A92, 0x42B2,
    0x42B2, 0x42F2, 0x4AF2, 0x4AF1, 0x5B51, 0x6BF1, 0xA5B6, 0xBE58, 0xA5B5, 0x9D53, 0x8CD2, 0x8470,
    0x7C2F, 0x7C0F, 0x740F, 0x7C2F, 0x7C50, 0x8491, 0x8CB1, 0x9D33, 0xAD95, 0xA574, 0x7C30, 0x7C0F,
    0x8430, 0x94B1, 0x6B6D, 0x2103, 0x4207, 0x2945, 0x18E3, 0x2124, 0x2944, 0x4A48, 0x62C9, 0x6B0A,
    0x62C9, 0x4A07, 0x39A6, 0x49E7, 0x5227, 0x6A88, 0x7AEA, 0x836B, 0x838C, 0x7B6B, 0x6B0A, 0x62C9,
    0x5A88, 0x5247, 0x4A07, 0x41E7, 0x4207, 0x4A07, 0x3986, 0x2945, 0x2124, 0x2104, 0x39A6, 0x3985,
    0x2924, 0x2124, 0x5248, 0x7B2B, 0x6A89, 0x5A48, 0x5A27, 0x51E7, 0x4185, 0x49C7, 0x41C6, 0x3186,
    0x3186, 0x39A6, 0x3986, 0x3165, 0x39A6, 0x5248, 0x72EA, 0x838C, 0x836C, 0x93EE, 0xA4B1, 0xACD2,
    0xA4D2, 0x3986, 0x39A6, 0xA491, 0x93EE, 0x5248, 0x738D, 0x94D3, 0xC639, 0x6B4D, 0x5ACA, 0xAD96,
    0xE77E, 0xE77D, 0xE77D, 0xE77D, 0xDF7D, 0xDF7D, 0xDF7D, 0xDF7D, 0xDF7D, 0xDF7D, 0xDF7D, 0xDF7D,
    0xDF7D, 0xDF7D, 0xDF7D, 0xDF7D, 0xDF7D, 0xDF5D, 0xDF5D, 0xE79E, 0x9D55, 0x73EF, 0x94F3, 0x8CD3,
    0x8CD3, 0x8CF3, 0xBE59, 0xE77D, 0xDF5D, 0xDF5D, 0xDF5D, 0xDF5D, 0xDF5D, 0xDF5D, 0xDF5D, 0xDF5D,
    0xDF3C, 0xDF3C, 0xDF3C, 0xDF3D, 0xE73C, 0xE73D, 0xE73D, 0xE73D, 0xDF3D, 0xDF3D, 0xE73D, 0xE73D,
    0xE73D, 0xDF3C, 0xDF3C, 0xDF3C, 0xDF3C, 0xDF3D, 0xDF3D, 0xDF3C, 0xE77D, 0x9D55, 0x31E9, 0x31C9,
    0x31A8, 0x422B, 0x73D2, 0x73D2, 0x73D2, 0x4AAE, 0x31CB, 0x29CB, 0x1928, 0x29CB, 0x322E, 0x29CD,
    0x21CD, 0x324F, 0x2A0F, 0x19AE, 0x19CF, 0x19D0, 0x19F1, 0x21F0, 0x196A, 0x10E4, 0x1928, 0x29EF,
    0x2A32, 0x2232, 0x2233, 0x2A53, 0x2253, 0x2232, 0x2212, 0x2211, 0x21F1, 0x21F0, 0x21EF, 0x19CF,
    0x19AE, 0x21AD, 0x198C, 0x198B, 0x218B, 0x218A, 0x2169, 0x2169, 0x2168, 0x2167, 0x2167, 0x29A7,
    0xDF5C, 0xE77D, 0xCEFA, 0x9513, 0x94F3, 0x740F, 0x3A29, 0x3A4F, 0x7C98, 0xBE5A, 0xC67A, 0x953A,
    0x5BB5, 0xCE5A, 0xBDF7, 0xC638, 0xB5F9, 0x7457, 0xB5FB, 0x9518, 0x6C37, 0x7C98, 0x953A, 0x63F8,
    0x5377, 0x4B57, 0x1A36, 0x6419, 0x63F7, 0x84FA, 0x5BD8, 0x2A96, 0x2A76, 0x32D6, 0x53B7, 0x5BD8,
    0x2A76, 0x2A56, 0x2A76, 0x32B7, 0x3AD6, 0x4B33, 0x6BF0, 0x8450, 0x7C4F, 0x8470, 0x8CB1, 0x94F2,
    0x9D33, 0xAD95, 0xB5F6, 0xBE37, 0xC678, 0xCEB9, 0xD6FA, 0xDF3B, 0xE75C, 0xD71B, 0x9513, 0x94D3,
    0x94F3, 0x9D34, 0x8C71, 0x31A6, 0x5AEB, 0x2124, 0x18C3, 0x2124, 0x41E7, 0x5AA9, 0x5A88, 0x62C9,
    0x62A9, 0x4A07, 0x41E6, 0x5227, 0x6268, 0x72EA, 0x730A, 0x62A8, 0x4A27, 0x41E6, 0x39C6, 0x39E6,
    0x4A27, 0x5227, 0x4A27, 0x49E6, 0x41E6, 0x4A07, 0x4A08, 0x2965, 0x2924, 0x51E7, 0x834C, 0x93AD,
    0x6269, 0x2904, 0x5A89, 0x8BAC, 0x7B0B, 0x72CA, 0x6A89, 0x49C6, 0x49A6, 0x51E7, 0x49E7, 0x41C6,
    0x41C6, 0x49E7, 0x5248, 0x5A69, 0x5227, 0x5A47, 0x5A47, 0x7B0A, 0x836B, 0x836C, 0x9C2F, 0xA470,
    0xA4B1, 0x41E7, 0x41C6, 0x9C2F, 0x93ED, 0x6288, 0x41A6, 0x7BAE, 0xCE79, 0x8C71, 0x52AA, 0xB5D7,
    0xEF9E, 0xEFBF, 0xEFBE, 0xE77D, 0xE77D, 0xE77D, 0xE77D, 0xE77D, 0xE77D, 0xE77D, 0xE77D, 0xDF7D,
    0xDF7D, 0xDF7D, 0xDF7D, 0xDF7D, 0xDF5D, 0xDF5D, 0xE77D, 0xE79E, 0x9514, 0x7410, 0x94F3, 0x8CD3,
    0x8CD3, 0x8CF3, 0xBE79, 0xE77D, 0xDF5D, 0xDF5D, 0xDF5D, 0xDF5D, 0xDF5D, 0xDF5D, 0xDF5D, 0xDF5D,
    0xDF5C, 0xDF3C, 0xDF5D, 0xDF5D, 0xDF3D, 0xDF3C, 0xDF3C, 0xDF3C, 0xDF3C, 0xDF3C, 0xDF1C, 0xDF3C,
    0xDF1C, 0xDF3C, 0xDF1C, 0xDF1C, 0xDF3C, 0xDF3C, 0xDF3C, 0xDF3C, 0xE77D, 0xA5B6, 0x3A2A, 0x3A0B,
    0x322C, 0x3A4D, 0x5B52, 0x5B52, 0x5332, 0x3270, 0x220F, 0x2210, 0x21F0, 0x2232, 0x2A73, 0x2A53,
    0x2233, 0x2233, 0x2212, 0x2212, 0x2212, 0x2212, 0x2211, 0x2210, 0x218A, 0x1905, 0x1927, 0x218A,
    0x29CD, 0x29ED, 0x29ED, 0x218B, 0x2169, 0x2148, 0x2148, 0x2148, 0x2147, 0x2147, 0x2167, 0x2967,
    0x2967, 0x2967, 0x2987, 0x39E8, 0x4229, 0x31E8, 0x31A7, 0x39E8, 0x3A08, 0x39E8, 0x39E8, 0x3A09,
    0xE77D, 0xE77D, 0xCEDA, 0x9513, 0x9513, 0x7C30, 0x3A29, 0x3A70, 0x4314, 0x8497, 0xADB9, 0x5BB6,
    0x5BB6, 0xBE39, 0xAD75, 0xAD96, 0xADB8, 0x84B7, 0xB5D9, 0xA577, 0xBE3A, 0xC67A, 0xBE19, 0xC63A,
    0xBE59, 0xADFA, 0x4315, 0x8D3B, 0x63F6, 0xADDA, 0xA578, 0x9D79, 0x9D39, 0xA5BA, 0xB61A, 0xA599,
    0x84D8, 0x7C98, 0x6C38, 0x32B7, 0x32B8, 0x4335, 0x9D76, 0xC678, 0xC698, 0xCEB9, 0xD6DA, 0xD6FA,
    0xDF3B, 0xDF5C, 0xE77C, 0xE79D, 0xE79D, 0xEF9D, 0xEF9D, 0xEF9D, 0xEFBD, 0xDF3B, 0x9514, 0x94F3,
    0x9514, 0x9D55, 0xA575, 0x6B4C, 0x7BEE, 0x31C6, 0x2124, 0x2124, 0x4207, 0x5248, 0x5A88, 0x62C9,
    0x62A9, 0x5247, 0x4A06, 0x5A48, 0x6AA9, 0x5A48, 0x41A5, 0x3165, 0x2965, 0x3165, 0x4207, 0x31A5,
    0x5248, 0x5268, 0x41A5, 0x41C6, 0x5227, 0x5248, 0x5A68, 0x2945, 0x3145, 0x6A48, 0x7AEA, 0x8B4B,
    0x7ACA, 0x2924, 0x5228, 0x93ED, 0x8B6C, 0x834B, 0x7B0A, 0x6AA9, 0x5A28, 0x5A07, 0x5A27, 0x6268,
    0x6A89, 0x72CA, 0x730A, 0x7AEA, 0x834B, 0x8B8C, 0x72E9, 0x72EA, 0x836C, 0x8B8C, 0x9C2F, 0xA46F,
    0x9C2F, 0x49E7, 0x49E7, 0x8BAC, 0x834B, 0x6288, 0x3985, 0x41A6, 0x6B0B, 0x7B8D, 0x62EB, 0xB596,
    0xCE38, 0xC617, 0xDEDB, 0xEFBE, 0xE77D, 0xE77D, 0xE77D, 0xE77D, 0xE77D, 0xE77D, 0xE77D, 0xE77D,
    0xE77D, 0xE77D, 0xE77D, 0xE77D, 0xE77D, 0xE77D, 0xE77D, 0xE77E, 0x8CF3, 0x7410, 0x94F3, 0x8CD3,
    0x8CD3, 0x8D14, 0xC69A, 0xE77D, 0xDF7D, 0xDF5D, 0xDF5D, 0xDF5D, 0xDF5D, 0xDF5D, 0xDF5D, 0xDF5D,
    0xDF5D, 0xDF5D, 0xDF5C, 0xDF5C, 0xE75D, 0xE75D, 0xEF7D, 0xEF9D, 0xE75C, 0xDF3C, 0xDF3C, 0xDF1C,
    0xDF1C, 0xDF1C, 0xDF1C, 0xDF3C, 0xDF3C, 0xDF3C, 0xDF3C, 0xDF3D, 0xE77D, 0xB618, 0x324D, 0x322E,
    0x322E, 0x2A0F, 0x2A30, 0x2A31, 0x2A31, 0x2A31, 0x2A31, 0x2231, 0x2231, 0x2211, 0x2210, 0x21EF,
    0x21CE, 0x21AD, 0x21AC, 0x218B, 0x218A, 0x216A, 0x2169, 0x2168, 0x2147, 0x2966, 0x2987, 0x31A7,
    0x424A, 0x4A6B, 0x4249, 0x2987, 0x2966, 0x2986, 0x2987, 0x31A7, 0x31A7, 0x31C7, 0x31C7, 0x31C7,
    0x31C7, 0x31E7, 0x31E7, 0x3A08, 0x3A08, 0x31E8, 0x31E8, 0x31E8, 0x31E8, 0x39E8, 0x31E8, 0x3A08,
    0xDF5C, 0xD71B, 0xB617, 0x8CF3, 0x9513, 0x8430, 0x3A29, 0x3A90, 0x11D1, 0x5375, 0x9D5A, 0x19B3,
    0x4B35, 0xC65A, 0xC65A, 0xC659, 0xBE3A, 0x4B35, 0x7CD8, 0xA59A, 0xA599, 0x9D99, 0x9D79, 0xADF9,
    0xADF9, 0xADFA, 0x6C77, 0x851B, 0x2A74, 0x8D19, 0xC69B, 0xBE39, 0xC659, 0xADB9, 0xB5D8, 0xBE39,
    0xC67A, 0xBE18, 0xADFA, 0x4337, 0x3298, 0x4B56, 0xBE7A, 0xEF9D, 0xE79D, 0xE79D, 0xE79D, 0xE79D,
    0xE79D, 0xE79D, 0xE79D, 0xE79D, 0xE77D, 0xE77D, 0xE77D, 0xE77D, 0xEF9D, 0xD6FA, 0x94F3, 0x94F3,
    0x9D14, 0x9D54, 0xB5F7, 0x94D2, 0x738D, 0x2965, 0x39C7, 0x2124, 0x4A28, 0x4A27, 0x62A9, 0x62A9,
    0x62A8, 0x5247, 0x5A47, 0x6AA9, 0x5227, 0x3144, 0x3185, 0x41E7, 0x39C6, 0x39A6, 0x41E7, 0x4A07,
    0x5AA9, 0x6289, 0x5248, 0x5A68, 0x5A89, 0x62A9, 0x62CA, 0x2924, 0x3965, 0x7AEA, 0x9BCD, 0x9B8C,
    0x7AEA, 0x3124, 0x41A6, 0x93CD, 0x9C0E, 0x8BAC, 0x836B, 0x7B0A, 0x6AA9, 0x6248, 0x6248, 0x6A68,
    0x72A9, 0x832B, 0x8B4B, 0x832A, 0x8B4B, 0x8B8C, 0x93CD, 0xA42E, 0x9C0E, 0x8BAC, 0x8B8C, 0x93ED,
    0xA44F, 0x4A07, 0x5228, 0x9C0E, 0x93CD, 0x730A, 0x49E7, 0x41A6, 0x4185, 0x6AA9, 0x93EE, 0xA470,
    0xAC50, 0xAC71, 0xACD2, 0xDEDB, 0xEFBE, 0xE77D, 0xE77D, 0xE77D, 0xE77D, 0xE77D, 0xE77E, 0xE77E,
    0xE77D, 0xE77D, 0xE77D, 0xE77D, 0xE77D, 0xE77D, 0xE79E, 0xE77D, 0x84B2, 0x7C30, 0x94F3, 0x8CD3,
    0x8CD3, 0x9514, 0xCEBA, 0xE77D, 0xDF5D, 0xDF5D, 0xDF5D, 0xDF5D, 0xDF5D, 0xDF5D, 0xDF5D, 0xDF5D,
    0xDF5D, 0xDF5D, 0xE75D, 0xEF7D, 0xF79D, 0xF79D, 0xF7BD, 0xF7BD, 0xEF7D, 0xDF5C, 0xDF3C, 0xDF3C,
    0xDF3C, 0xDF3C, 0xDF3C, 0xDF3C, 0xDF3C, 0xDF3C, 0xDF3C, 0xDF3C, 0xE77D, 0xB639, 0x3A6D, 0x322D,
    0x322D, 0x324D, 0x320C, 0x21AB, 0x218A, 0x218A, 0x2189, 0x2169, 0x2148, 0x2148, 0x2147, 0x2147,
    0x2167, 0x2987, 0x2987, 0x31C7, 0x39E8, 0x3A08, 0x39E8, 0x31A7, 0x31C7, 0x39C8, 0x39E8, 0x3A08,
    0x4229, 0x3A08, 0x31E8, 0x31C7, 0x31A7, 0x31A7, 0x31C7, 0x31C7, 0x31E7, 0x31E8, 0x3A08, 0x3A29,
    0x4249, 0x428A, 0x4AAB, 0x530C, 0x5B2D, 0x638E, 0x6BCF, 0x7410, 0x7C51, 0x84B2, 0x8CF3, 0x9D55,
    0xD6FA, 0xCEB9, 0xA595, 0x8471, 0x8CD2, 0x73EF, 0x4229, 0x428E, 0x3251, 0x3272, 0x42D2, 0x2A32,
    0x3A72, 0x6BD4, 0x7C55, 0x8495, 0x7456, 0x2A53, 0x1A14, 0x2254, 0x2A74, 0x2A75, 0x2A95, 0x3AF5,
    0x3B16, 0x3B17, 0x32D6, 0x3B17, 0x1A35, 0x53B8, 0x53B7, 0x6418, 0x6419, 0x4B76, 0x7479, 0x7CB8,
    0x8D19, 0x8CF8, 0x957A, 0x4357, 0x2AB8, 0x4B56, 0xBE7A, 0xEFBD, 0xE77D, 0xE77C, 0xE77C, 0xE77D,
    0xE77D, 0xE77D, 0xE77D, 0xE77D, 0xE77D, 0xE77D, 0xE77D, 0xE77D, 0xEF9D, 0xCEDA, 0x94F3, 0x94F3,
    0x9D14, 0x9D34, 0xBE58, 0xA555, 0x4A48, 0x18C3, 0x31A6, 0x2104, 0x4208, 0x5228, 0x62A9, 0x62A9,
    0x62A8, 0x5A47, 0x5A47, 0x5227, 0x3965, 0x41E6, 0x5227, 0x6288, 0x62CA, 0x62A9, 0x62CA, 0x6AEA,
    0x6AEA, 0x6ACA, 0x6AEA, 0x6AEA, 0x6ACA, 0x7B2B, 0x62AA, 0x20E3, 0x51E7, 0xA3EE, 0xB470, 0xB470,
    0xB4B1, 0x6269, 0x28E3, 0x7B4B, 0xAC4E, 0xA40E, 0x93ED, 0x8B6B, 0x7B2B, 0x72CA, 0x6A88, 0x6247,
    0x6A47, 0x6A68, 0x7288, 0x7AA8, 0x8B4A, 0x936B, 0x8B6B, 0x9BCC, 0xA42E, 0xA44F, 0x9C0E, 0xA44F,
    0xACB1, 0x4A07, 0x6ACA, 0xAC90, 0xA46F, 0x940E, 0x6AEA, 0x6289, 0x732B, 0x93AD, 0xAC4F, 0xAC2F,
    0xAC6F, 0xAC2F, 0xAC0E, 0xBD75, 0xEFBE, 0xE77D, 0xE77D, 0xE77D, 0xE77D, 0xEF9E, 0xEF9E, 0xE79D,
    0xE77D, 0xE77D, 0xE77D, 0xE77D, 0xE77D, 0xE77D, 0xE79E, 0xDF5D, 0x8471, 0x7C51, 0x94F3, 0x8CD3,
    0x8CD3, 0x9534, 0xCEDB, 0xE77D, 0xDF5D, 0xDF5D, 0xDF5D, 0xE77D, 0xE77D, 0xE77D, 0xE77D, 0xDF5D,
    0xDF5D, 0xE75D, 0xEF7D, 0xF79D, 0xF79D, 0xF79D, 0xF79D, 0xEF7D, 0xE75C, 0xE75C, 0xDF5C, 0xDF5C,
    0xDF3C, 0xDF3C, 0xDF3C, 0xDF3C, 0xDF3C, 0xDF3C, 0xDF3C, 0xDF3D, 0xE75D, 0xCEDA, 0x9D55, 0x5B6E,
    0x52EC, 0x52EC, 0x3A29, 0x2966, 0x2986, 0x2986, 0x2986, 0x2986, 0x2986, 0x2986, 0x31A7, 0x31A7,
    0x31C7, 0x31C7, 0x31C7, 0x3A08, 0x3A08, 0x3A08, 0x3208, 0x3A08, 0x3A08, 0x3A29, 0x3A49, 0x4269,
    0x428A, 0x4AAA, 0x4AEB, 0x532C, 0x5B6D, 0x63AF, 0x7410, 0x7C51, 0x84B2, 0x8CF3, 0x9D55, 0xA596,
    0xADD7, 0xB638, 0xC679, 0xCEBA, 0xCEDB, 0xD71C, 0xDF1C, 0xDF3C, 0xDF5D, 0xE75D, 0xE77D, 0xE77D,
    0xADD6, 0xA595, 0x84B1, 0x6BAD, 0x6BAD, 0x634C, 0x4A89, 0x52AB, 0x428C, 0x426C, 0x426C, 0x428C,
    0x426C, 0x3A4C, 0x424C, 0x3A4C, 0x3A4D, 0x428E, 0x428F, 0x3A6F, 0x3A6F, 0x3A70, 0x3A71, 0x3251,
    0x3251, 0x3251, 0x2A52, 0x2A32, 0x3253, 0x2A33, 0x2A33, 0x2254, 0x2254, 0x2A74, 0x2A54, 0x2A55,
    0x2A95, 0x32D5, 0x32D5, 0x32B7, 0x3AD7, 0x4335, 0xBE5A, 0xEFBD, 0xE79D, 0xE79D, 0xE77D, 0xE77D,
    0xE77D, 0xE77D, 0xE77D, 0xE77D, 0xE77C, 0xE77C, 0xE77D, 0xE77D, 0xE79D, 0xCEB9, 0x8CF3, 0x9513,
    0x9D14, 0x9D34, 0xCEBA, 0xA555, 0x2945, 0x20E3, 0x3165, 0x2104, 0x41E7, 0x5228, 0x5A68, 0x62A9,
    0x6288, 0x6288, 0x6268, 0x5A27, 0x5A48, 0x6AA9, 0x7B0A, 0x7B0A, 0x7B2A, 0x730A, 0x732B, 0x730A,
    0x72EA, 0x6AC9, 0x62A9, 0x6AC9, 0x730A, 0x836C, 0x6268, 0x20E3, 0x6A89, 0xAC2E, 0xBCB1, 0xC512,
    0xC533, 0xA42F, 0x3103, 0x6289, 0xA40E, 0xA40E, 0xA42E, 0xA42E, 0x9BED, 0x93CD, 0x8B8C, 0x834B,
    0x830A, 0x830A, 0x8309, 0x830A, 0x9BAC, 0xA3ED, 0xA42E, 0xA40E, 0x9BCD, 0xA40E, 0xAC70, 0xB4D1,
    0xACD1, 0x41C6, 0x7B4C, 0xB4D1, 0xACB1, 0xA470, 0x83AD, 0x7B6C, 0x9C2F, 0xA42F, 0xA40E, 0xAC0D,
    0xA34B, 0x9AE9, 0x9B0A, 0xAC70, 0xEF9E, 0xE79E, 0xE77D, 0xE77D, 0xEF9D, 0xEFBE, 0xEF9D, 0xEF9D,
    0xEF9E, 0xE77D, 0xE77D, 0xE77D, 0xE77D, 0xE77D, 0xE79E, 0xDF3C, 0x7C51, 0x8451, 0x94F3, 0x8CD3,
    0x8CD3, 0x9D55, 0xD6FC, 0xE77D, 0xE77D, 0xDF5D, 0xE77D, 0xE77D, 0xE77D, 0xE77D, 0xDF5D, 0xDF5D,
    0xDF5D, 0xE77D, 0xEF7D, 0xEF7D, 0xEF5D, 0xE75D, 0xE75C, 0xE75C, 0xE75C, 0xE75D, 0xDF5C, 0xDF3C,
    0xDF3C, 0xDF3C, 0xDF3D, 0xDF3D, 0xE73D, 0xE73D, 0xE73D, 0xE73D, 0xE75D, 0xE75D, 0xD71B, 0x638E,
    0x31E8, 0x3A08, 0x31C7, 0x31C7, 0x31C7, 0x31C7, 0x31C7, 0x31C7, 0x31A7, 0x31A7, 0x31E7, 0x39E8,
    0x4269, 0x52EB, 0x5B4D, 0x638E, 0x73CF, 0x7430, 0x8471, 0x8CD2, 0x9533, 0x9D75, 0xA5B6, 0xADF7,
    0xBE38, 0xBE79, 0xC69A, 0xCEDB, 0xD6FB, 0xDF3C, 0xDF5D, 0xE77D, 0xE77D, 0xE77D, 0xE77D, 0xE77D,
    0xE77D, 0xE77D, 0xEF7D, 0xE77D, 0xE77D, 0xE77D, 0xE75D, 0xE75D, 0xE75D, 0xE75D, 0xE75D, 0xE75D,
    0x740E, 0x7C2F, 0x6BCD, 0x6B8D, 0x6B8D, 0x634C, 0x4248, 0x4A8A, 0x3A28, 0x3A28, 0x3A29, 0x3A28,
    0x3A28, 0x4229, 0x4249, 0x4249, 0x424A, 0x424A, 0x426A, 0x426A, 0x426A, 0x426A, 0x4A8B, 0x4A8B,
    0x4A8B, 0x4AAC, 0x4A8C, 0x4AAC, 0x4AAD, 0x4ACD, 0x4ACE, 0x4ACE, 0x4ACF, 0x4ACF, 0x4ACF, 0x4AD0,
    0x4AD0, 0x4AB0, 0x42D0, 0x4AD0, 0x5352, 0x6BF3, 0xBE79, 0xEF9D, 0xE79D, 0xE79D, 0xE77D, 0xE77D,
    0xE77D, 0xE77D, 0xE79D, 0xE77D, 0xE77C, 0xE75C, 0xE77C, 0xE77C, 0xE77C, 0xC678, 0x8CD3, 0x9513,
    0x9514, 0xA575, 0xD6FB, 0xC638, 0x31A6, 0x20E3, 0x3185, 0x2124, 0x39A6, 0x5248, 0x5227, 0x5A68,
    0x6288, 0x6AC9, 0x6AA9, 0x7B2A, 0x834B, 0x6A88, 0x6A88, 0x72C9, 0x72C9, 0x6AA9, 0x6AA9, 0x6AA9,
    0x62A8, 0x6ACA, 0x732B, 0x7B2B, 0x834B, 0x834C, 0x51E7, 0x2903, 0x832B, 0xABEE, 0xBC91, 0xC513,
    0xC512, 0xC512, 0x5A27, 0x3985, 0x9BEE, 0xA40E, 0xAC0E, 0xAC2E, 0xAC2E, 0xAC0E, 0xA40E, 0xA3ED,
    0xA3ED, 0x9BCC, 0x9BCC, 0xA3ED, 0xAC2E, 0xAC4F, 0xB490, 0xB4B0, 0xAC4F, 0x9C0E, 0xA44F, 0xACB0,
    0xA490, 0x3985, 0x8BCD, 0xB4D1, 0xACB1, 0xACD1, 0x9C4F, 0x8BCD, 0xA470, 0xAC4F, 0xA40D, 0xA3CC,
    0x9AE9, 0xA32A, 0x9B09, 0xAC50, 0xF79E, 0xEF9E, 0xEF7D, 0xEF7D, 0xEF9D, 0xF79D, 0xF79D, 0xF79D,
    0xEF9D, 0xEF9D, 0xEF9E, 0xE77D, 0xE77D, 0xE77D, 0xE79E, 0xD71C, 0x7410, 0x8451, 0x94D3, 0x8CD3,
    0x8CD3, 0x9D55, 0xD71C, 0xE77D, 0xE75D, 0xE77D, 0xE77D, 0xE77D, 0xE77D, 0xE77D, 0xE77D, 0xE75D,
    0xE75D, 0xE75D, 0xEF5D, 0xEF5D, 0xE75D, 0xE73D, 0xDF3D, 0xDF3D, 0xDF3D, 0xDF3C, 0xDF3C, 0xDF3C,
    0xDF3C, 0xDF3C, 0xDF3C, 0xDF3D, 0xE73D, 0xE73D, 0xE73D, 0xE75D, 0xE75D, 0xE75D, 0xD6FB, 0x6BEF,
    0x4AEB, 0x638E, 0x6BCF, 0x73EF, 0x7C51, 0x7C71, 0x52EB, 0x4AAA, 0x636D, 0x6B8E, 0x73CF, 0x6BAF,
    0xA596, 0xCEDB, 0xD6FB, 0xD71C, 0xDF3C, 0xE75D, 0xE77D, 0xE77D, 0xE77D, 0xE77D, 0xE77D, 0xE77D,
    0xE77D, 0xE75D, 0xE75D, 0xE73C, 0xE73C, 0xE73C, 0xE73C, 0xEF5D, 0xE73C, 0xEF3C, 0xEF7D, 0xE75C,
    0xE73C, 0xE75C, 0xEF5D, 0xE73C, 0xE75C, 0xE75D, 0xE75D, 0xE75D, 0xE75D, 0xE75D, 0xE75D, 0xE75D,
    0x94F2, 0xA574, 0x8CB1, 0x7C2F, 0x8450, 0x7C0F, 0x4248, 0x4269, 0x3A29, 0x3A09, 0x3A08, 0x3A08,
    0x3A28, 0x3A08, 0x3A28, 0x3A29, 0x3A29, 0x3A29, 0x3A29, 0x3A29, 0x3A28, 0x3A29, 0x3A29, 0x4249,
    0x4249, 0x4249, 0x4249, 0x4249, 0x4269, 0x426A, 0x428A, 0x4A8A, 0x4A8A, 0x4AAA, 0x4AAA, 0x4AAB,
    0x52CB, 0x52CB, 0x52CB, 0x4ACB, 0x5B4D, 0x6BEF, 0xBE58, 0xEF9D, 0xE79D, 0xE77D, 0xE77D, 0xE77C,
    0xE77C, 0xE77C, 0xE79D, 0xE79D, 0xE77D, 0xE77C, 0xDF5C, 0xDF5C, 0xE77C, 0xBE58, 0x8CD3, 0x9D14,
    0x9D34, 0x8C30, 0x8BEE, 0x9C70, 0x5268, 0x2103, 0x3165, 0x3165, 0x2965, 0x5A89, 0x5A47, 0x6288,
    0x6AC9, 0x730A, 0x7B0A, 0x832A, 0x7AE9, 0x7AEA, 0x7AEA, 0x72A9, 0x6A88, 0x6AA9, 0x6AA9, 0x72EA,
    0x7B2B, 0x836C, 0x8B8C, 0x8B6C, 0x8B6B, 0x7B0A, 0x3945, 0x3965, 0x9BAD, 0xB42F, 0xBC90, 0xC4F2,
    0xC513, 0xC533, 0x9BEE, 0x3103, 0x7B4C, 0xAC2F, 0xAC2E, 0xAC0E, 0xAC0E, 0xAC2E, 0xAC2E, 0xAC0E,
    0xAC0E, 0xAC2E, 0xAC2E, 0xAC2F, 0xB470, 0xBCB1, 0xBCD1, 0xBCD1, 0xB4B1, 0xB490, 0xA44F, 0xAC90,
    0x93EE, 0x3985, 0xA44F, 0xB4F1, 0xACD1, 0xB4F1, 0xA490, 0x9C2F, 0xAC90, 0xAC6F, 0xA3ED, 0xAC2E,
    0xA36B, 0xA34A, 0x9B0A, 0xB4B1, 0xF7DE, 0xEF9D, 0xEF7D, 0xEF7D, 0xEF9E, 0xEF7D, 0xEF7D, 0xEF7D,
    0xEF7D, 0xEF7D, 0xEF7D, 0xEF7D, 0xEF7D, 0xEF7D, 0xEF9E, 0xD6FB, 0x73EF, 0x8471, 0x94D3, 0x94D3,
    0x8CD3, 0xA596, 0xDF3C, 0xE77D, 0xE75D, 0xE77D, 0xE77D, 0xEF7D, 0xEF7D, 0xE77D, 0xE77D, 0xE77D,
    0xE77D, 0xE77D, 0xEF5D, 0xEF7D, 0xE75D, 0xE75D, 0xE75D, 0xE75D, 0xE75D, 0xDF3D, 0xDF3C, 0xDF3C,
    0xDF3C, 0xDF3C, 0xDF3C, 0xDF3C, 0xDF5C, 0xE73D, 0xE75D, 0xE75D, 0xE75D, 0xE75D, 0xDF3C, 0xC69A,
    0xCEBA, 0xD6FB, 0xDF3C, 0xE75D, 0xE77D, 0xDF3C, 0x7C51, 0x73EF, 0x9D14, 0x9D14, 0x9D34, 0x94F3,
    0xC69A, 0xE79E, 0xE77D, 0xE77D, 0xE77D, 0xE75D, 0xE75D, 0xDF5D, 0xDF5D, 0xDF3D, 0xDF3D, 0xDF3C,
    0xDF3C, 0xDF3C, 0xE73C, 0xE75C, 0xE75C, 0xE73C, 0xEF7D, 0xEF7D, 0xEF5C, 0xEF7C, 0xEF9D, 0xEF5C,
    0xEF5C, 0xEF7D, 0xEF7D, 0xE73C, 0xE75D, 0xEF5D, 0xEF5D, 0xEF7D, 0xEF5D, 0xE75D, 0xE75D, 0xE75D,
    0x8CD2, 0x8CD2, 0x8471, 0x8491, 0x8C91, 0x8450, 0x4A89, 0x4269, 0x3A29, 0x3A09, 0x3A09, 0x3A29,
    0x4229, 0x4229, 0x4249, 0x4249, 0x3A29, 0x4249, 0x4249, 0x4249, 0x3A29, 0x4249, 0x4249, 0x4249,
    0x4249, 0x4249, 0x4269, 0x4269, 0x426A, 0x426A, 0x428A, 0x4A6A, 0x4A8A, 0x4A8A, 0x4A8A, 0x4AAB,
    0x4AAB, 0x4AAB, 0x52CB, 0x52EB, 0x52EB, 0x530C, 0xADF6, 0xEF9D, 0xE79D, 0xE77D, 0xE77C, 0xE77C,
    0xE75C, 0xDF5C, 0xE77C, 0xE77D, 0xE77D, 0xE77C, 0xE79D, 0xE75C, 0xE75C, 0xBE38, 0x8CD3, 0x9D34,
    0x9491, 0x72EA, 0x7AC8, 0x6A68, 0x5206, 0x3144, 0x3145, 0x41C6, 0x2924, 0x5A89, 0x6288, 0x6288,
    0x72C9, 0x7B0A, 0x832A, 0x7B09, 0x8B4B, 0x938C, 0x938C, 0x936C, 0x832B, 0x832B, 0x832B, 0x8B6C,
    0x938C, 0x938C, 0x936C, 0x936C, 0x8B2B, 0x6A89, 0x20C2, 0x6248, 0xA3CE, 0xB42F, 0xBC91, 0xC4D2,
    0xCD33, 0xC513, 0xC4F2, 0x6248, 0x41A6, 0xA42F, 0xAC2F, 0xAC2E, 0xB42E, 0xAC0E, 0xB42F, 0xB44F,
    0xB44F, 0xB44F, 0xB450, 0xB450, 0xBC70, 0xBC90, 0xBCB1, 0xBCB1, 0xBCF2, 0xBCD1, 0xB490, 0xB4D1,
    0x62CA, 0x5227, 0xB4D1, 0xACB0, 0xB4F1, 0xB4F2, 0xACB1, 0xACB0, 0xAC6F, 0xAC4E, 0x9BCC, 0xB46F,
    0xABEE, 0xA34B, 0x9B0A, 0xBCF2, 0xF7DE, 0xEF9D, 0xEF7D, 0xEF7D, 0xEF7D, 0xEF7D, 0xEF7D, 0xEF7D,
    0xEF7D, 0xE75D, 0xE75D, 0xE75D, 0xEF5D, 0xEF7D, 0xF79E, 0xCEDA, 0x6BCF, 0x8492, 0x8CD3, 0x8CD3,
    0x8CD3, 0xA5B6, 0xDF5C, 0xE77D, 0xE75D, 0xE77D, 0xE77D, 0xEF7D, 0xEF7D, 0xE75D, 0xE75D, 0xE75D,
    0xE77D, 0xE75D, 0xEF7D, 0xEF7D, 0xEF7D, 0xE75D, 0xE75D, 0xE75D, 0xE75D, 0xDF3C, 0xDF3C, 0xDF5C,
    0xDF5C, 0xDF3C, 0xDF3C, 0xDF3C, 0xDF3C, 0xDF3C, 0xDF3C, 0xDF3C, 0xDF3C, 0xDF3C, 0xE75D, 0xE75D,
    0xE75D, 0xE75D, 0xE75D, 0xE77D, 0xEF7D, 0xD6FB, 0x73EF, 0x73F0, 0x9514, 0x94F3, 0x94F3, 0x8CD3,
    0xC69A, 0xE75D, 0xDF3D, 0xDF5D, 0xDF5C, 0xDF3C, 0xDF5D, 0xDF3D, 0xDF3D, 0xDF5D, 0xDF3C, 0xDF3C,
    0xDF3C, 0xE75C, 0xEF7D, 0xEF9D, 0xEF7C, 0xEF7D, 0xEF7D, 0xEF5C, 0xE75C, 0xE75C, 0xE75C, 0xE73C,
    0xEF5C, 0xEF7D, 0xEF5C, 0xE73C, 0xE73C, 0xE73D, 0xE75D, 0xE75D, 0xE75C, 0xE73D, 0xE73C, 0xDF3C,
    0x9D53, 0x9513, 0x8491, 0x8491, 0x8CB2, 0x8450, 0x4A89, 0x4A8A, 0x4249, 0x3A29, 0x3A29, 0x4249,
    0x4249, 0x4249, 0x4249, 0x4249, 0x4249, 0x4249, 0x4249, 0x4249, 0x4249, 0x4249, 0x4249, 0x4249,
    0x4249, 0x4249, 0x426A, 0x426A, 0x428A, 0x428A, 0x4A8A, 0x4A8A, 0x4AAA, 0x4AAA, 0x4AAA, 0x4AAA,
    0x4ACB, 0x4ACB, 0x52EB, 0x52EB, 0x5B0C, 0x5B2C, 0xADF6, 0xE79D, 0xE77D, 0xE77D, 0xE77C, 0xE77C,
    0xE77C, 0xE75C, 0xE77C, 0xE77D, 0xE77C, 0xDF5C, 0xEFBD, 0xEF9D, 0xEF9C, 0xB637, 0x94D3, 0x9D54,
    0x83EF, 0x6A27, 0x6A47, 0x7288, 0x6247, 0x3144, 0x3144, 0x5227, 0x3164, 0x5228, 0x6AA9, 0x72E9,
    0x7B0A, 0x7AE9, 0x832A, 0x8B4B, 0x936B, 0x9B6C, 0x9B8D, 0x9BAD, 0x9BAD, 0x9B8C, 0x9B8C, 0x9BAD,
    0x9BAD, 0xA3AD, 0x9B6C, 0x934B, 0x8B2B, 0x4985, 0x28E3, 0x938D, 0xABEE, 0xB42F, 0xBC70, 0xC4D2,
    0xCD33, 0xC533, 0xC512, 0xB491, 0x4185, 0x6248, 0xB450, 0xB42F, 0xB40E, 0xB40E, 0xB42F, 0xB42F,
    0xB40E, 0xB42F, 0xBC4F, 0xBC50, 0xBC70, 0xBC70, 0xBC50, 0xBC90, 0xBCD2, 0xBCF2, 0xBCF2, 0xACB1,
    0x3944, 0x8BAD, 0xBD32, 0xACB0, 0xB4D1, 0xB4F1, 0xACD1, 0xACB0, 0xAC4F, 0xAC6E, 0xA42E, 0xB4B0,
    0xB46F, 0xA36B, 0xA30A, 0xB4B1, 0xF7BE, 0xEF9D, 0xEF7D, 0xEF7D, 0xEF7D, 0xEF7D, 0xEF7D, 0xEF7D,
    0xEF7D, 0xEF7D, 0xEF7D, 0xEF7D, 0xEF7D, 0xEF7D, 0xF79D, 0xCEBA, 0x6BCE, 0x8C92, 0x8CD3, 0x8CD3,
    0x8CD3, 0xADD7, 0xE75D, 0xE77D, 0xE77D, 0xE77D, 0xE77D, 0xEF7D, 0xE75D, 0xE75D, 0xE75D, 0xE75D,
    0xE75D, 0xE75D, 0xEF5D, 0xE75D, 0xE75D, 0xE75D, 0xE75D, 0xE75D, 0xDF3C, 0xDF3C, 0xDF3C, 0xDF3C,
    0xDF5C, 0xDF3C, 0xDF3C, 0xDF3D, 0xDF3D, 0xDF3C, 0xDF3C, 0xDF3C, 0xDF3C, 0xDF3C, 0xDF3C, 0xDF3C,
    0xDF3D, 0xDF5D, 0xDF5D, 0xDF5D, 0xE75D, 0xCEBA, 0x6BCF, 0x7410, 0x94F4, 0x94F4, 0x94F3, 0x8CD3,
    0xC6BA, 0xE75D, 0xDF5D, 0xDF5D, 0xDF5C, 0xDF3D, 0xDF3D, 0xDF5D, 0xDF3D, 0xDF3C, 0xDF3C, 0xDF3C,
    0xE73C, 0xEF5C, 0xEF5C, 0xEF5C, 0xEF5C, 0xE75C, 0xE73C, 0xE73C, 0xE73C, 0xDF1C, 0xDF3C, 0xDF3C,
    0xE73D, 0xE73C, 0xDF3C, 0xDF3C, 0xDF3C, 0xDF3C, 0xDF3C, 0xDF3C, 0xDF3C, 0xDF3C, 0xDF3C, 0xDF3C,
    0xBE57, 0xB616, 0x94F3, 0x8C92, 0x8CB2, 0x8CB2, 0x4ACA, 0x4269, 0x3A49, 0x3A08, 0x3A08, 0x3A29,
    0x3A29, 0x4229, 0x4249, 0x4249, 0x4249, 0x4249, 0x4249, 0x4249, 0x4249, 0x4249, 0x4249, 0x4249,
    0x426A, 0x426A, 0x4A8A, 0x4A8A, 0x4AAA, 0x4AAA, 0x4AAA, 0x4AAB, 0x4AAB, 0x4ACB, 0x4ACB, 0x52CB,
    0x52CB, 0x52CB, 0x52EB, 0x52EC, 0x5B0C, 0x5B2C, 0xA5D6, 0xE79D, 0xE77D, 0xE79D, 0xE77D, 0xE77C,
    0xE77C, 0xE77C, 0xE77D, 0xE79D, 0xE77C, 0xDF5C, 0xEF9D, 0xEF9D, 0xEF9D, 0xB617, 0x94D3, 0x9D54,
    0x8C30, 0x59C5, 0x59A4, 0x61C5, 0x6227, 0x41A5, 0x3124, 0x5247, 0x41C6, 0x39A6, 0x7B0A, 0x72C9,
    0x7AC9, 0x82E9, 0x8B2A, 0x934B, 0x934B, 0xA38C, 0xA38C, 0xA3AD, 0xA3CD, 0xA3CD, 0xA3AD, 0xA3AD,
    0x9BAD, 0xA3AD, 0x9B4C, 0x934C, 0x7289, 0x20A2, 0x6A69, 0xABEE, 0xAC0F, 0xB42F, 0xBC71, 0xC4D2,
    0xC4F3, 0xC513, 0xC513, 0xC4F3, 0xAC50, 0x4986, 0x5A28, 0x9BCE, 0xA3EE, 0xABCE, 0xABCE, 0xABCE,
    0xABCE, 0xABCE, 0xB3EE, 0xB3EF, 0xB42F, 0xBC50, 0xB450, 0xBC91, 0xC4F3, 0xC533, 0xACB1, 0x49E7,
    0x5228, 0xBCF2, 0xB4D1, 0xB4F1, 0xB4D1, 0xB4D1, 0xACF1, 0xACD1, 0xA42E, 0xAC4E, 0xB4B0, 0xB4B0,
    0xBCB0, 0xA36B, 0xA32A, 0xB470, 0xF79D, 0xEF9D, 0xEF7D, 0xEF7D, 0xEF7D, 0xEF9D, 0xEF7D, 0xEF7D,
    0xEF7D, 0xEF7D, 0xEF7D, 0xEF7D, 0xEF7D, 0xEF7D, 0xEF9D, 0xC699, 0x6BAE, 0x8CB2, 0x8CD3, 0x8CD3,
    0x8CD3, 0xADD7, 0xE77D, 0xEF7D, 0xE77D, 0xE77D, 0xE77D, 0xEF7D, 0xE77D, 0xE77D, 0xE75D, 0xE75D,
    0xE75D, 0xE75D, 0xE75D, 0xE75D, 0xDF5D, 0xDF3C, 0xDF5C, 0xDF5C, 0xDF3C, 0xDF3C, 0xDF3C, 0xDF3C,
    0xDF5C, 0xDF3C, 0xDF5C, 0xDF3D, 0xDF3D, 0xDF3C, 0xDF3C, 0xDF3C, 0xDF3C, 0xDF3C, 0xDF3C, 0xDF3C,
    0xDF5C, 0xDF5D, 0xDF5D, 0xDF3C, 0xE75D, 0xCEBA, 0x6BAE, 0x7C30, 0x94F3, 0x94F3, 0x94D3, 0x8CD3,
    0xCEBA, 0xE75D, 0xDF5D, 0xDF5D, 0xDF5C, 0xDF5D, 0xDF5D, 0xDF5D, 0xDF3D, 0xDF3C, 0xDF3C, 0xDF3D,
    0xE73C, 0xEF5C, 0xEF5C, 0xE73C, 0xE73C, 0xE73C, 0xDF1C, 0xDF1C, 0xDF1C, 0xDF1C, 0xDF3C, 0xDF3C,
    0xDF1C, 0xDF1C, 0xDF3C, 0xDF3C, 0xDF3C, 0xDF3C, 0xDF3C, 0xDF3C, 0xDF3C, 0xDF3C, 0xDF3C, 0xDF3C,
    0xB5F6, 0xADB5, 0x8CD2, 0x8CD2, 0x8CD3, 0xA595, 0x8491, 0x5B6D, 0x5B6D, 0x532C, 0x532C, 0x4AEB,
    0x4AEB, 0x530C, 0x4AEB, 0x4ACB, 0x4ACB, 0x428A, 0x3A49, 0x3A49, 0x3A49, 0x3A49, 0x3A49, 0x3A49,
    0x4269, 0x4269, 0x4269, 0x428A, 0x428A, 0x428A, 0x428A, 0x4A8A, 0x4A8A, 0x4A8A, 0x4A8A, 0x4AAA,
    0x4AAB, 0x4AAB, 0x52CB, 0x52EB, 0x52EB, 0x530B, 0xA5D6, 0xEF9D, 0xE77D, 0xE79D, 0xE77C, 0xE77D,
    0xE77D, 0xE77C, 0xE79D, 0xE79D, 0xE77C, 0xE75C, 0xEF9D, 0xEF9D, 0xE77C, 0xADF7, 0x94F3, 0x9D34,
    0x9CD3, 0x6A47, 0x69E5, 0x69E5, 0x59C5, 0x51E6, 0x3944, 0x5227, 0x6288, 0x3144, 0x6ACA, 0x832A,
    0x7AC9, 0x8B2A, 0x8B0A, 0x932B, 0x9B4B, 0x9B4B, 0xA38C, 0xA38D, 0xA3AD, 0xA3AD, 0xA3AD, 0xA3AD,
    0xA38D, 0x9B6C, 0x934C, 0x6A89, 0x28C2, 0x4165, 0xA3CE, 0xABEE, 0xB42F, 0xBC70, 0xBC91, 0xC4D2,
    0xC4F3, 0xC513, 0xC534, 0xCD33, 0xC513, 0xBCD2, 0x6248, 0x3924, 0x5A27, 0x72CA, 0x8B2C, 0x936D,
    0x9B8D, 0x9B8D, 0x9BAD, 0x9BAE, 0xA3CE, 0xA3EF, 0xA40F, 0x93CE, 0x836C, 0x6289, 0x49C6, 0x6AA9,
    0xB4D2, 0xB4B1, 0xB4B0, 0xB4D1, 0xB4F1, 0xACB0, 0xB4F2, 0xB4F1, 0x938B, 0x934A, 0xAC2E, 0xAC6F,
    0xBCD1, 0xABCD, 0xA34B, 0xB4B2, 0xF7BE, 0xEF7D, 0xEF7D, 0xEF7D, 0xEF9D, 0xEF7D, 0xEF7D, 0xEF7D,
    0xEF7D, 0xEF7D, 0xEF7D, 0xEF7D, 0xEF7D, 0xEF7D, 0xEF9D, 0xBE58, 0x6BAE, 0x8CD3, 0x8CD3, 0x8CD3,
    0x8CD3, 0xB5F7, 0xE77D, 0xEF7D, 0xE77D, 0xE75D, 0xE77D, 0xEF7D, 0xE75D, 0xE75D, 0xE75D, 0xE75D,
    0xE75D, 0xE77D, 0xE77D, 0xE75D, 0xDF5D, 0xDF3C, 0xDF3C, 0xDF5C, 0xDF3C, 0xDF3C, 0xDF5D, 0xDF3D,
    0xDF3D, 0xDF3D, 0xDF3D, 0xDF5D, 0xDF3C, 0xDF3C, 0xDF3C, 0xDF3C, 0xDF3C, 0xDF3C, 0xDF3C, 0xDF3C,
    0xDF3C, 0xDF3C, 0xDF5C, 0xDF3C, 0xE75D, 0xC679, 0x638E, 0x8451, 0x94F3, 0x94F3, 0x8CD3, 0x8CF3,
    0xCEDB, 0xE75D, 0xE75D, 0xDF5D, 0xDF3D, 0xDF5C, 0xDF5C, 0xDF5C, 0xDF3C, 0xDF3C, 0xDF3C, 0xDF3D,
    0xE73D, 0xEF5C, 0xEF5C, 0xE73C, 0xE73C, 0xDF1C, 0xDF1C, 0xDF1C, 0xDF1C, 0xDF3C, 0xDF1C, 0xDF1C,
    0xDF1C, 0xDF1C, 0xDF1C, 0xDF1C, 0xDF3C, 0xDF3D, 0xDF3C, 0xDF3C, 0xDF3C, 0xDF3C, 0xDF3C, 0xDF3C,
    0xADB5, 0xA574, 0x84B2, 0x8CD3, 0x8CD3, 0xA5B6, 0xD6FA, 0xD6FA, 0xCEDA, 0xD6DA, 0xCEDA, 0xC678,
    0xBE58, 0xC6B9, 0xC699, 0xC678, 0xBE78, 0xADD6, 0x63AE, 0x636D, 0x5B4D, 0x73EF, 0x9D54, 0x9D54,
    0x9513, 0x8CF3, 0x8CD2, 0x8CD2, 0x7C71, 0x7C50, 0x7C50, 0x7C50, 0x7430, 0x740F, 0x6BEF, 0x638D,
    0x52CB, 0x4ACB, 0x4ACA, 0x52CB, 0x638E, 0x6BCE, 0xADF6, 0xE77D, 0xE79D, 0xE77D, 0xE77C, 0xE77D,
    0xE79D, 0xE77D, 0xE79D, 0xE79D, 0xE77D, 0xE77C, 0xEF9D, 0xEF9D, 0xE77C, 0xADB6, 0x94F3, 0x9514,
    0xA534, 0x7AEA, 0x69E5, 0x6A06, 0x59A5, 0x5206, 0x49E6, 0x5A47, 0x6AA9, 0x5207, 0x3944, 0x730B,
    0x8B8D, 0x8B4B, 0x934B, 0x9B4B, 0x9B4B, 0x9B4B, 0xA38C, 0xA38D, 0xA38D, 0xA3AD, 0xA3AD, 0x9BAD,
    0x936C, 0x72AA, 0x41A6, 0x28C3, 0x49A6, 0x938D, 0xABEE, 0xABEE, 0xB470, 0xBCB1, 0xC4D2, 0xC4D2,
    0xC4F2, 0xC4F2, 0xC513, 0xCD53, 0xC533, 0xC533, 0xCD54, 0x8B6C, 0x51A5, 0x4965, 0x4965, 0x49A6,
    0x51C6, 0x5A07, 0x5A27, 0x59E7, 0x51C6, 0x51C6, 0x51C6, 0x51E6, 0x6248, 0x832C, 0xAC50, 0xC4F2,
    0xBCD2, 0xB4B1, 0xAC90, 0xB4F1, 0xB512, 0xB4F2, 0xACF2, 0xB512, 0xA42E, 0x8AC8, 0xA38C, 0xA3CD,
    0xB490, 0xB42F, 0x9B4B, 0xC595, 0xF7DE, 0xEF9D, 0xEF9D, 0xEF7D, 0xEF9D, 0xEF7D, 0xE75D, 0xEF7D,
    0xEF7D, 0xEF7D, 0xEF7D, 0xEF7D, 0xEF7D, 0xEF7D, 0xEF9E, 0xBE37, 0x6BAE, 0x8CD3, 0x8CD3, 0x8CD3,
    0x8CD3, 0xB618, 0xEF7D, 0xE75D, 0xEF7D, 0xEF7D, 0xE75D, 0xEF7D, 0xE75D, 0xE75D, 0xE75D, 0xE75D,
    0xE75D, 0xE77D, 0xE77D, 0xE75D, 0xDF5D, 0xDF3C, 0xDF3C, 0xDF5C, 0xDF3C, 0xCEBA, 0xCEBA, 0xDF1C,
    0xDF5C, 0xDF3C, 0xDF3D, 0xDF3D, 0xDF3D, 0xDF3C, 0xDF3C, 0xDF3C, 0xDF3C, 0xDF3C, 0xDF3C, 0xDF3C,
    0xDF3C, 0xDF3C, 0xDF5C, 0xDF3C, 0xE75D, 0xBE58, 0x636D, 0x8471, 0x94F3, 0x94F3, 0x8CD3, 0x94F4,
    0xD6FB, 0xE75D, 0xDF5D, 0xDF3D, 0xDF3C, 0xDF3C, 0xDF3C, 0xDF3C, 0xDF3C, 0xDF3C, 0xDF3C, 0xDF3D,
    0xDF3C, 0xE73C, 0xE73C, 0xE73C, 0xDF3C, 0xDF1C, 0xDF1C, 0xDF1C, 0xDF1C, 0xDF1C, 0xDF1C, 0xDF1C,
    0xDF1C, 0xDF1C, 0xDF1C, 0xDF3C, 0xDF3C, 0xDF3D, 0xDF3C, 0xDF3C, 0xDF3C, 0xDF3C, 0xDF3C, 0xDF3C,
    0xDF3B, 0xCEB9, 0x94F3, 0x8CD3, 0x8CF3, 0xADD6, 0xDF3B, 0xEF7C, 0xEF7C, 0xEF7C, 0xE77C, 0xDF3B,
    0xDF1B, 0xEF7C, 0xEF7C, 0xEF7D, 0xEF9D, 0xDF5C, 0x9D54, 0x94F3, 0x94F3, 0xADD6, 0xE75C, 0xEF9D,
    0xEF9D, 0xE79D, 0xE77C, 0xE77C, 0xDF3B, 0xD71B, 0xE77C, 0xDF5C, 0xDF5C, 0xDF5C, 0xDF3B, 0xD6FA,
    0x8CD2, 0x7C51, 0x8471, 0x8471, 0xBE58, 0xD6FB, 0xD6FA, 0xE77D, 0xE79D, 0xE77D, 0xDF3B, 0xDF5C,
    0xE79D, 0xE79D, 0xE79D, 0xE79D, 0xE77D, 0xE77C, 0xEFBD, 0xEF9D, 0xE77C, 0xADB6, 0x94F3, 0x9514,
    0x9D54, 0x838D, 0x6A06, 0x7226, 0x61E5, 0x5A06, 0x5206, 0x6288, 0x6A87, 0x72E9, 0x5A27, 0x3103,
    0x49C6, 0x5A48, 0x6A89, 0x7ACA, 0x7AEA, 0x7AEA, 0x7ACA, 0x72AA, 0x6A89, 0x6269, 0x5A28, 0x51E7,
    0x4165, 0x30E3, 0x3903, 0x7289, 0xA3EE, 0xA3CD, 0x9B8C, 0xA3AD, 0xB470, 0xBCB1, 0xBCD2, 0xC4D2,
    0xBCB1, 0xBCB1, 0xC4D2, 0xCD33, 0xCD34, 0xCD34, 0xC533, 0xCD34, 0xB430, 0x7A89, 0x7248, 0x6A27,
    0x69E7, 0x61E6, 0x69E7, 0x7207, 0x7A48, 0x82A9, 0x9B2B, 0xABAD, 0xB42F, 0xBC50, 0xBC70, 0xB471,
    0xB4B1, 0xBCF1, 0xAC90, 0xB4D1, 0xB512, 0xB512, 0xACF2, 0xB4F2, 0xBD32, 0xA3CC, 0x9B0A, 0xA38C,
    0xAC0E, 0xBC90, 0xA3EE, 0xDE99, 0xEFBE, 0xE77D, 0xEF7D, 0xE77D, 0xE75D, 0xE75D, 0xE75D, 0xE75D,
    0xEF7D, 0xEF7D, 0xEF7D, 0xEF7D, 0xEF7D, 0xEF7D, 0xEF9E, 0xB5F7, 0x6BAE, 0x8CD3, 0x8CD3, 0x94F3,
    0x8CD3, 0xBE38, 0xEF7D, 0xE75D, 0xE77D, 0xE77D, 0xE77D, 0xE75D, 0xE75D, 0xE75D, 0xCEBA, 0xCEDA,
    0xE75D, 0xE77D, 0xE77D, 0xE75D, 0xDF5C, 0xDF3C, 0xDF3C, 0xDF5C, 0xDF5C, 0xD6DB, 0xD6FB, 0xDF5C,
    0xDF5D, 0xDF5D, 0xDF3C, 0xDF5C, 0xDF5D, 0xDF3C, 0xDF3C, 0xDF3C, 0xDF3C, 0xDF5C, 0xDF3C, 0xDF3C,
    0xDF3C, 0xDF5C, 0xDF3C, 0xDF5C, 0xE75D, 0xB617, 0x5B6D, 0x8472, 0x94F3, 0x94F3, 0x8CB3, 0x9514,
    0xD71C, 0xE75D, 0xDF3D, 0xDF3C, 0xE73C, 0xE75D, 0xE73D, 0xDF3C, 0xDF3C, 0xDF3C, 0xDF3C, 0xDF3C,
    0xDF3C, 0xDF3C, 0xDF3C, 0xDF3C, 0xDF3C, 0xDF1C, 0xDF1C, 0xDF1C, 0xDF1C, 0xDF1C, 0xDF1C, 0xDF1C,
    0xDF1C, 0xDF1C, 0xDF3C, 0xDF3C, 0xDF3C, 0xDF3C, 0xDF3C, 0xDF3C, 0xDF3C, 0xDF3C, 0xDF3C, 0xDF3C,
    0xEF9D, 0xE75B, 0x9D34, 0x8CB2, 0x8CF3, 0xADD6, 0xDF3B, 0xEF7C, 0xE77C, 0xE77C, 0xE75C, 0xD6FA,
    0xD6FA, 0xE77C, 0xE77C, 0xE75C, 0xE77C, 0xDF1B, 0x9534, 0x8CD3, 0x8CF3, 0xADD6, 0xDF5C, 0xE77C,
    0xE77C, 0xEF7D, 0xE75C, 0xEF7D, 0xDF3B, 0xE73B, 0xF79D, 0xEF9D, 0xEF9D, 0xEF9D, 0xEF9D, 0xE75C,
    0x9D75, 0x94F4, 0x9514, 0x9D55, 0xD6DA, 0xE77D, 0xE77C, 0xEF7D, 0xE79D, 0xE77D, 0xDF3B, 0xE75C,
    0xE79D, 0xE77D, 0xE79D, 0xE79D, 0xE77D, 0xE77C, 0xEF9D, 0xEF9D, 0xE77C, 0xA5B6, 0x94F3, 0x9D14,
    0x9D54, 0x8BEE, 0x7226, 0x7247, 0x6A06, 0x6A47, 0x5A06, 0x6288, 0x72C9, 0x72A8, 0x7AEA, 0x72C9,
    0x59E6, 0x4985, 0x4144, 0x4144, 0x4144, 0x4144, 0x4144, 0x4165, 0x4965, 0x4965, 0x5185, 0x59A6,
    0x59A6, 0x5985, 0x7248, 0xA3CD, 0x9B8C, 0x9B6C, 0x932B, 0x934B, 0xAC0E, 0xB44F, 0xB470, 0xB44F,
    0xBC50, 0xBC70, 0xBCB1, 0xC4D1, 0xBCB1, 0xBCB1, 0xC4D2, 0xC4F2, 0xC4F2, 0x8B0B, 0x69E6, 0x69E6,
    0x69E6, 0x69C6, 0x71E6, 0x7A27, 0x8248, 0x8AA9, 0x92EA, 0x9B4C, 0xA3AD, 0xABEE, 0xB42F, 0xB470,
    0xB470, 0xB4B1, 0xB4D1, 0xB4B0, 0xB512, 0xB532, 0xB4F2, 0xB4D1, 0xBD32, 0xB48F, 0x9AE9, 0xA32A,
    0xABCD, 0xBCF1, 0xBCD2, 0xEF5C, 0xEF7D, 0xE75C, 0xE75D, 0xE75D, 0xE75D, 0xEF7D, 0xEF7D, 0xEF7D,
    0xEF7D, 0xEF7D, 0xEF7D, 0xEF7D, 0xEF7D, 0xEF7D, 0xEF9D, 0xADB6, 0x6BCF, 0x94F3, 0x8CD3, 0x94F3,
    0x8CB2, 0xBE58, 0xEF9E, 0xE77D, 0xE77D, 0xE77D, 0xE77D, 0xE77D, 0xE75D, 0xE75D, 0xD6FB, 0xDF1C,
    0xE75D, 0xE77D, 0xE77D, 0xE75D, 0xDF3C, 0xDF3C, 0xDF3C, 0xDF5C, 0xDF5C, 0xDF1C, 0xDF3C, 0xE75D,
    0xDF5D, 0xDF5D, 0xDF5C, 0xDF5C, 0xDF5C, 0xDF3C, 0xDF3C, 0xDF5C, 0xDF5C, 0xDF5C, 0xDF5C, 0xDF3C,
    0xDF3C, 0xDF5C, 0xDF5C, 0xDF5D, 0xE75D, 0xADD6, 0x5B4D, 0x8C92, 0x94F4, 0x94F3, 0x8CB2, 0x9514,
    0xD71C, 0xE75D, 0xE73D, 0xE75D, 0xE75D, 0xE75D, 0xE73D, 0xDF3C, 0xDF3C, 0xDF3C, 0xDF3C, 0xDF3C,
    0xDF3C, 0xDF3C, 0xDF3C, 0xDF3C, 0xDF3C, 0xDF3C, 0xDF3C, 0xE73C, 0xE75D, 0xE75D, 0xE73C, 0xDEFC,
    0xCE9A, 0xD6DB, 0xDF3C, 0xDF3C, 0xDF3C, 0xDF3C, 0xDF3C, 0xDF3C, 0xDF3C, 0xDF1C, 0xDF1C, 0xDF1C,
    0xEF7C, 0xDF3B, 0x9D34, 0x8CB2, 0x8CD3, 0xA5B6, 0xDF5C, 0xEF9D, 0xEF7D, 0xE77C, 0xDF3C, 0xD6FB,
    0xDF1B, 0xE75C, 0xE77C, 0xE77C, 0xEF9D, 0xDF1B, 0x9513, 0x8CD3, 0x8CD3, 0xADD7, 0xDF5C, 0xE77C,
    0xEF9D, 0xEFBD, 0xEF9D, 0xEFBD, 0xDF5C, 0xDF3B, 0xEF9D, 0xEF7C, 0xEF9D, 0xEF9D, 0xEF9D, 0xDF3B,
    0x9534, 0x8CD3, 0x8CF3, 0x9534, 0xCEDA, 0xE75C, 0xE75C, 0xE77D, 0xE79D, 0xE77D, 0xDF3C, 0xE77C,
    0xEF9D, 0xE75C, 0xDF3C, 0xE75C, 0xE75C, 0xE75C, 0xEF9D, 0xEF9D, 0xE77C, 0xA575, 0x94F3, 0x9514,
    0x9D55, 0x9450, 0x7247, 0x7A67, 0x6A26, 0x6A47, 0x5A06, 0x6247, 0x72C9, 0x72C9, 0x72A8, 0x72A9,
    0x82CA, 0x82EA, 0x82A9, 0x7A48, 0x7227, 0x7A27, 0x7A48, 0x8268, 0x8269, 0x7A48, 0x7207, 0x69C6,
    0x61A5, 0x5985, 0x82CA, 0x9B6C, 0x8B0A, 0x82EA, 0x7AA8, 0x7A88, 0x8B0A, 0x9BAC, 0xAC0E, 0xA3CD,
    0xA3AC, 0xABED, 0xB42F, 0xAC0E, 0xAC0E, 0xAC0E, 0xAC2E, 0xB44F, 0xB44F, 0x930B, 0x7A27, 0x6A07,
    0x6185, 0x6185, 0x69A6, 0x71E6, 0x7A27, 0x8288, 0x8AC9, 0x9B0B, 0xA36C, 0xABAD, 0xABEE, 0xB42F,
    0xB470, 0xB490, 0xB4B1, 0xB4B0, 0xB4F1, 0xBD32, 0xB4F2, 0xB4F2, 0xB512, 0xB46F, 0x9AE9, 0x9B0A,
    0xABAC, 0xBCB1, 0xCDB5, 0xF7BE, 0xEF9D, 0xEF7D, 0xEF7D, 0xEF7D, 0xEF9D, 0xEF7D, 0xEF7D, 0xEF7D,
    0xE73C, 0xE73C, 0xEF7D, 0xEF7D, 0xEF7D, 0xEF7D, 0xEF9D, 0xA595, 0x73EF, 0x94F3, 0x8CD3, 0x94F3,
    0x8CB2, 0xC679, 0xEF9E, 0xE77D, 0xE77D, 0xE77D, 0xE77D, 0xE75D, 0xE75D, 0xE75D, 0xDF3C, 0xDF5C,
    0xE77D, 0xE77D, 0xE77D, 0xE75D, 0xDF5C, 0xDF3C, 0xDF3C, 0xDF5C, 0xDF5C, 0xDF1C, 0xDF3C, 0xE75D,
    0xDF5C, 0xDF5C, 0xDF5C, 0xDF5D, 0xDF3C, 0xDF5D, 0xDF5C, 0xDF5C, 0xDF5C, 0xDF5C, 0xDF5C, 0xDF5C,
    0xDF5C, 0xDF5C, 0xDF5C, 0xDF5C, 0xE75D, 0xA596, 0x5B4D, 0x8CB2, 0x94F3, 0x94F3, 0x84B2, 0x9D35,
    0xDF3C, 0xE75D, 0xD6DB, 0xDEFB, 0xE73C, 0xE73C, 0xDF3C, 0xDF3C, 0xDF3C, 0xDF3C, 0xDF3C, 0xDF3C,
    0xDF3C, 0xDF3C, 0xDF3C, 0xDF3C, 0xDF3C, 0xDF3C, 0xDF3C, 0xE73C, 0xE73D, 0xE73C, 0xDF3C, 0xDEFC,
    0xCEBA, 0xD6FB, 0xDF3C, 0xDF3C, 0xDF3C, 0xDF3C, 0xDF3C, 0xDF3C, 0xDF3C, 0xDF1C, 0xDF1C, 0xDF1C,
    0xBE58, 0xADD6, 0x8CD2, 0x8CD3, 0x8CD3, 0x9534, 0xB638, 0xC699, 0xC699, 0xC679, 0xC699, 0xBE79,
    0xBE79, 0xBE59, 0xBE59, 0xBE79, 0xC6BA, 0xB618, 0x8CD3, 0x8CD3, 0x8CD3, 0xA575, 0xCEDA, 0xD6FA,
    0xD71B, 0xDF3B, 0xDF3C, 0xDF5C, 0xD6FA, 0xD6FA, 0xE75C, 0xDF3B, 0xE75C, 0xE77C, 0xE77C, 0xD71B,
    0x9534, 0x8CD3, 0x94F3, 0x9534, 0xCEDA, 0xEF9D, 0xE77C, 0xE77D, 0xE77D, 0xE77D, 0xDF3C, 0xE77D,
    0xEFBD, 0xE77C, 0xDF3B, 0xE75C, 0xE77C, 0xE75C, 0xEF9D, 0xEF9D, 0xE75C, 0x9D55, 0x94F3, 0x9513,
    0x9D55, 0xA533, 0x7288, 0x7A47, 0x7247, 0x7247, 0x6226, 0x6267, 0x72E9, 0x72C9, 0x6A88, 0x7288,
    0x7268, 0x7247, 0x7227, 0x7207, 0x7207, 0x7A07, 0x7A07, 0x7A27, 0x7207, 0x69E6, 0x69C6, 0x59A5,
    0x5165, 0x5965, 0x7268, 0x7AA9, 0x7268, 0x6A27, 0x6206, 0x61E6, 0x6A27, 0x7AA9, 0x932B, 0x8B2A,
    0x8B0A, 0x934B, 0x9B6B, 0x9B6B, 0x932B, 0x8AEA, 0x8AEA, 0x932B, 0x932B, 0x8AEA, 0x8AA9, 0x8288,
    0x69E6, 0x5985, 0x6185, 0x69C6, 0x7207, 0x8248, 0x8AA9, 0x92EA, 0xA34B, 0xA38C, 0xABCD, 0xB42F,
    0xAC4F, 0xAC8F, 0xB4B0, 0xB4B0, 0xB4D1, 0xBD12, 0xB4F2, 0xB4F1, 0xB4F1, 0xB46F, 0x9AE9, 0x9B0A,
    0xABAD, 0xBCB1, 0xD638, 0xF7DE, 0xEF9D, 0xEF7D, 0xEF7D, 0xEF7D, 0xEF7D, 0xEF7D, 0xEF7E, 0xEF7D,
    0xE75C, 0xE73C, 0xEF7D, 0xEF7D, 0xEF7D, 0xEF7D, 0xEF9D, 0x9D74, 0x73EF, 0x94D3, 0x8CD3, 0x94D3,
    0x8CB2, 0xC679, 0xEF9E, 0xE77D, 0xE77D, 0xE77D, 0xE77D, 0xE75D, 0xE75D, 0xE75D, 0xDF1B, 0xDF3C,
    0xE77D, 0xE77D, 0xE77D, 0xE75D, 0xDF5C, 0xDF3C, 0xDF3C, 0xDF3C, 0xDF5D, 0xDF1C, 0xDF3C, 0xE75D,
    0xDF5C, 0xE75D, 0xDF5D, 0xDF5C, 0xDF5C, 0xDF5D, 0xDF5C, 0xDF5D, 0xDF5C, 0xDF5C, 0xDF5D, 0xDF5C,
    0xDF3C, 0xDF3C, 0xE75D, 0xE75D, 0xE75D, 0x9D75, 0x5B6D, 0x8CD3, 0x8CF3, 0x94F3, 0x8492, 0x9D55,
    0xDF5D, 0xE75C, 0xD6DB, 0xDEFB, 0xDF1C, 0xDF3C, 0xDF3C, 0xDF3C, 0xDF3C, 0xDF3C, 0xDF3C, 0xDF3C,
    0xDF3C, 0xDF3C, 0xDF3C, 0xDF3C, 0xDF1C, 0xDF1C, 0xDF1C, 0xDF3C, 0xDF3C, 0xDF3C, 0xDF3C, 0xDF1C,
    0xD6FC, 0xDF3C, 0xDF3C, 0xDF3C, 0xDF3C, 0xDF3C, 0xDF3C, 0xDF3C, 0xDF3C, 0xDF3C, 0xDF1C, 0xDF1C,
    0xB638, 0xA595, 0x8CB2, 0x8CF3, 0x8CF3, 0x9514, 0xA5B6, 0xB618, 0xB638, 0xB618, 0xAE18, 0xADF7,
    0xA5D7, 0xA5B6, 0x9D76, 0x9D76, 0x9D96, 0x8CF3, 0x8492, 0x8CD3, 0x8CB2, 0x9534, 0xB5F6, 0xBE37,
    0xB5F6, 0xB5F6, 0xADF7, 0xADF6, 0xADF6, 0xB5F6, 0xB617, 0xB617, 0xB637, 0xBE57, 0xC678, 0xADD6,
    0x8CD2, 0x8CF3, 0x8CF3, 0x9514, 0xB617, 0xCEDA, 0xD71B, 0xDF1B, 0xD71B, 0xD71B, 0xD6FA, 0xDF3C,
    0xE75C, 0xDF3C, 0xD71B, 0xDF3C, 0xE75C, 0xDF5C, 0xE77D, 0xEF9D, 0xDF3B, 0x9D34, 0x94F3, 0x9514,
    0x9D34, 0xB5F6, 0x836C, 0x7226, 0x7247, 0x7247, 0x6247, 0x6AA8, 0x6AC8, 0x6A88, 0x6A67, 0x7288,
    0x7248, 0x7227, 0x7227, 0x7207, 0x7227, 0x7207, 0x7A27, 0x7A27, 0x7227, 0x69E6, 0x61A5, 0x5965,
    0x5985, 0x5985, 0x59A5, 0x59E6, 0x51A5, 0x4965, 0x4144, 0x4144, 0x49A5, 0x6207, 0x7248, 0x7268,
    0x7A88, 0x82C9, 0x8B0A, 0x7268, 0x59C5, 0x5185, 0x59A5, 0x7227, 0x8AA9, 0x930A, 0x92EA, 0x8AA9,
    0x7A48, 0x61C6, 0x5165, 0x5985, 0x69C6, 0x7A07, 0x8268, 0x8AC9, 0x9B2A, 0xA38C, 0xABCD, 0xAC0E,
    0xAC4E, 0xAC6F, 0xAC8F, 0xAC8F, 0xB4D0, 0xBD32, 0xB512, 0xACD1, 0xB4F1, 0xAC2E, 0x9AEA, 0xA32B,
    0xB40E, 0xBCD1, 0xD658, 0xF7DE, 0xEF9D, 0xEF7D, 0xEF7D, 0xEF7D, 0xEF7D, 0xEF7D, 0xEF7D, 0xEF7D,
    0xE75C, 0xE75D, 0xEF7D, 0xEF7D, 0xEF7D, 0xEF7D, 0xEF9D, 0x9534, 0x740F, 0x94F3, 0x8CD3, 0x8CD3,
    0x8CB2, 0xCEBA, 0xEF9E, 0xE75D, 0xE77D, 0xE77D, 0xE75D, 0xE75D, 0xE75D, 0xE75D, 0xDF1B, 0xDF3C,
    0xE77D, 0xE75D, 0xE75D, 0xDF5D, 0xDF5D, 0xDF5C, 0xDF5C, 0xDF5D, 0xDF5D, 0xDF1C, 0xDF3C, 0xE75D,
    0xE75D, 0xDF5C, 0xDF5C, 0xDF3C, 0xDF5D, 0xDF5D, 0xDF5C, 0xDF5D, 0xDF5D, 0xDF5D, 0xDF5D, 0xDF5C,
    0xDF5C, 0xDF5C, 0xE75D, 0xE75D, 0xE75D, 0x9514, 0x636D, 0x94D3, 0x8CF3, 0x94F3, 0x8492, 0x9D75,
    0xE75D, 0xE73C, 0xDF1C, 0xE73C, 0xDF3C, 0xDF3C, 0xDF3C, 0xDF3C, 0xDF3C, 0xDF3C, 0xDF3C, 0xDF3C,
    0xDF3C, 0xDF3C, 0xDF3C, 0xDF3C, 0xDF1C, 0xDF1C, 0xDF3C, 0xDF3C, 0xDF3C, 0xDF3C, 0xDF3C, 0xDF1C,
    0xD6FB, 0xDF1C, 0xDF3C, 0xDF1C, 0xDF1C, 0xDF1C, 0xDF3C, 0xDF3C, 0xDF3C, 0xDF3C, 0xDF3C, 0xDF3C,
    0xB638, 0xA596, 0x8CB2, 0x94F3, 0x8CF3, 0x9534, 0xADF7, 0xBE59, 0xBE59, 0xBE59, 0xB638, 0xB638,
    0xADF7, 0xADD7, 0xA5B7, 0xA596, 0xA5B6, 0x8CF3, 0x84B2, 0x8CD3, 0x8CD3, 0x9D54, 0xC678, 0xD6DA,
    0xCE99, 0xBE17, 0xADF7, 0xADD6, 0xADD6, 0xADB6, 0xADB6, 0xADD6, 0xADD6, 0xB5F6, 0xBE37, 0x9D54,
    0x84B2, 0x94F3, 0x8CF3, 0x9534, 0xA596, 0xBE58, 0xE77C, 0xEF7D, 0xDF1B, 0xCE99, 0xBE38, 0xC699,
    0xC699, 0xC699, 0xC69A, 0xC69A, 0xCEDA, 0xCEBA, 0xCEDA, 0xD6FA, 0xBE58, 0x8CD3, 0x9514, 0x9D14,
    0x9D14, 0xB5F7, 0xA4F2, 0x7268, 0x7247, 0x7247, 0x6A67, 0x6AA8, 0x6AA8, 0x6A88, 0x6A88, 0x6A88,
    0x6A47, 0x7247, 0x7227, 0x7207, 0x7227, 0x7A27, 0x7A48, 0x7A47, 0x7227, 0x69E6, 0x5985, 0x5165,
    0x61A6, 0x61C6, 0x59A5, 0x4964, 0x4124, 0x3924, 0x3904, 0x3124, 0x3924, 0x4985, 0x59E6, 0x59E6,
    0x6207, 0x7288, 0x6A48, 0x61E6, 0x6227, 0x7268, 0x7A89, 0x82EA, 0x932B, 0x9B6C, 0x9B6C, 0x932B,
    0x82A9, 0x7248, 0x61E6, 0x5185, 0x5144, 0x61A5, 0x7227, 0x8288, 0x92EA, 0xA36C, 0xA3AD, 0xABED,
    0xAC2E, 0xAC6F, 0xAC6F, 0xAC6F, 0xAC8F, 0xBD12, 0xB532, 0xACF1, 0xB4D1, 0xAC2E, 0xABAD, 0xA3AC,
    0xB470, 0xB4B1, 0xD638, 0xF7DE, 0xEF9D, 0xEF7D, 0xEF7D, 0xEF7D, 0xEF7D, 0xEF7D, 0xEF7E, 0xEF7D,
    0xE75D, 0xE75C, 0xEF7D, 0xEF7D, 0xEF7D, 0xEF7D, 0xEF9D, 0x8CF3, 0x740F, 0x94F3, 0x8CD3, 0x8CB2,
    0x8CD2, 0xD6DA, 0xEF9D, 0xEF5D, 0xEF7D, 0xEF7D, 0xE77D, 0xE75D, 0xE75D, 0xE75D, 0xDF1C, 0xDF3C,
    0xE77D, 0xE75D, 0xE77D, 0xE75D, 0xDF5D, 0xDF5D, 0xE75D, 0xE75D, 0xDF5D, 0xD71C, 0xDF3C, 0xE75D,
    0xDF5C, 0xDF5C, 0xDF5C, 0xDF5C, 0xDF5C, 0xDF5C, 0xDF5D, 0xDF5D, 0xE75D, 0xE75D, 0xDF5C, 0xDF5C,
    0xDF5C, 0xDF5C, 0xDF5C, 0xE75D, 0xE75D, 0x8CD2, 0x636D, 0x94D3, 0x8CF3, 0x94F3, 0x8472, 0xA596,
    0xE75D, 0xDF3C, 0xDEFB, 0xE73C, 0xE73C, 0xE73C, 0xDF3C, 0xDF3C, 0xDF5C, 0xDF3C, 0xDF3C, 0xDF3C,
    0xDF3C, 0xDF3C, 0xDF3C, 0xDF3C, 0xDF3C, 0xDF3C, 0xDF3C, 0xDF3C, 0xDF3C, 0xDF3C, 0xDF3C, 0xDF1C,
    0xD6FB, 0xDF1C, 0xDF3C, 0xDF3C, 0xDF3C, 0xDF3C, 0xDF3C, 0xDF3C, 0xDF3C, 0xDF3C, 0xDF3C, 0xDF3C,
    0xB617, 0x9D55, 0x84B2, 0x8CF3, 0x8CF3, 0x9534, 0xA5D7, 0xAE18, 0xB638, 0xB618, 0xAE18, 0xB618,
    0xADF7, 0xADF7, 0xA5D7, 0xA5D7, 0xA5D7, 0x8CF3, 0x8492, 0x8CD3, 0x8CD3, 0x9D54, 0xB618, 0xC659,
    0xC679, 0xB618, 0xADD7, 0xADD7, 0xADF7, 0xB5F7, 0xB617, 0xADF7, 0xADD7, 0xADF7, 0xB618, 0x9D75,
    0x8CB2, 0x94F3, 0x8CF3, 0x9534, 0xA575, 0xB638, 0xE77D, 0xEF9D, 0xDF3C, 0xC679, 0xB618, 0xBE38,
    0xB5F7, 0xB638, 0xC69A, 0xCEBA, 0xDF3C, 0xD71C, 0xDF3C, 0xDF5C, 0xC679, 0x8CD2, 0x9514, 0x9D14,
    0x9D14, 0xBE38, 0xD6BA, 0x832B, 0x7AA8, 0x7A88, 0x7287, 0x6AC8, 0x6AC8, 0x6287, 0x6AA8, 0x6A68,
    0x6A47, 0x6A27, 0x7227, 0x7227, 0x7227, 0x7A48, 0x7A48, 0x7227, 0x7207, 0x61A5, 0x5985, 0x61A6,
    0x69E6, 0x69E6, 0x59C6, 0x4985, 0x4164, 0x3924, 0x3944, 0x3944, 0x3924, 0x3124, 0x3944, 0x4985,
    0x4985, 0x51A5, 0x59E6, 0x6A68, 0x6A68, 0x72A9, 0x82EA, 0x8B4C, 0x934C, 0x936C, 0x936C, 0x934C,
    0x8B2B, 0x82EA, 0x7288, 0x6207, 0x51A5, 0x4944, 0x61A5, 0x7A27, 0x82A8, 0x930A, 0x9B6B, 0xA3CD,
    0xAC0E, 0xAC4F, 0xAC4F, 0xAC4E, 0xAC6E, 0xB4D1, 0xB532, 0xACF1, 0xB4D1, 0xA40E, 0xB44F, 0xB490,
    0xB490, 0xAC70, 0xD658, 0xF7DE, 0xEF9D, 0xEF7D, 0xEF7D, 0xEF7D, 0xEF7D, 0xEF7D, 0xEF7D, 0xEF9D,
    0xE75D, 0xE75D, 0xEF7D, 0xEF7D, 0xEF7D, 0xEF9D, 0xE77D, 0x8CD2, 0x7410, 0x94D3, 0x8CD3, 0x8CB2,
    0x8CD3, 0xD6FB, 0xEF7D, 0xEF7D, 0xEF7D, 0xEF7D, 0xEF7D, 0xEF5D, 0xE75D, 0xE75D, 0xDF1B, 0xDF3C,
    0xE75D, 0xE75D, 0xE75D, 0xE75D, 0xE75D, 0xE75D, 0xE75D, 0xE75D, 0xE75D, 0xD71C, 0xDF3C, 0xE75D,
    0xE75D, 0xDF5D, 0xDF5C, 0xDF5C, 0xDF5C, 0xE75D, 0xE75D, 0xE75D, 0xDF5D, 0xE75D, 0xDF5C, 0xDF5C,
    0xDF3C, 0xDF5C, 0xE75D, 0xE75D, 0xDF3C, 0x8491, 0x638E, 0x94D3, 0x8CD3, 0x94F3, 0x7C72, 0xADB6,
    0xE77D, 0xDF1C, 0xD6BA, 0xDF1C, 0xE73C, 0xE73D, 0xE75D, 0xE73C, 0xDF3C, 0xDF3C, 0xDF5C, 0xDF3C,
    0xDF3C, 0xDF3C, 0xDF3C, 0xDF3C, 0xDF3C, 0xDF3C, 0xDF3C, 0xDF3C, 0xDF3C, 0xDF3C, 0xDF3C, 0xDF1C,
    0xD6FB, 0xDF3C, 0xDF3C, 0xDF3C, 0xDF3C, 0xDF3C, 0xDF3C, 0xDF1C, 0xD6DB, 0xD6FB, 0xDF3C, 0xDF1C,
    0xB638, 0x9554, 0x8CB2, 0x8CF3, 0x8CD3, 0x9D55, 0xADF7, 0xAE18, 0xAE18, 0xAE18, 0xAE18, 0xB638,
    0xB618, 0xADF8, 0xADF7, 0xB618, 0xB618, 0x9534, 0x84B2, 0x8CD3, 0x8CD3, 0x9D55, 0xB618, 0xB618,
    0xB618, 0xB618, 0xADF8, 0xADF7, 0xADD7, 0xADF7, 0xB638, 0xB618, 0xB618, 0xB618, 0xB639, 0x9D55,
    0x8CB2, 0x94F3, 0x8CF3, 0x9534, 0xA5B6, 0xADF7, 0xB618, 0xB618, 0xADF8, 0xADF7, 0xADF8, 0xADF8,
    0xADD7, 0xADF7, 0xAE18, 0xB638, 0xC679, 0xBE79, 0xBE79, 0xC69A, 0xADD7, 0x8CB2, 0x9514, 0x9D14,
    0x9D34, 0xA5B6, 0xCEDB, 0x940F, 0x82C9, 0x82EA, 0x7287, 0x6AA8, 0x6288, 0x6287, 0x6AA8, 0x6A88,
    0x6A47, 0x6A07, 0x7227, 0x7227, 0x7227, 0x7A27, 0x7227, 0x7207, 0x61A5, 0x5164, 0x61C6, 0x6A07,
    0x69E7, 0x61E6, 0x59C6, 0x51A6, 0x4985, 0x4165, 0x4165, 0x3944, 0x3124, 0x3944, 0x3944, 0x4185,
    0x49A5, 0x49A5, 0x6228, 0x7289, 0x72CA, 0x832B, 0x8B6C, 0x8B4C, 0x938D, 0x936C, 0x936C, 0x8B4C,
    0x830B, 0x830A, 0x82EA, 0x7AA9, 0x6A68, 0x59C6, 0x5144, 0x69E6, 0x8288, 0x932A, 0x9B6B, 0xA3CD,
    0xA40D, 0xAC2E, 0xAC4E, 0xA42E, 0xAC4E, 0xAC90, 0xBD12, 0xACF1, 0xB4D1, 0xB490, 0xB490, 0xBCB1,
    0xAC4F, 0xB470, 0xD699, 0xF7DF, 0xEF9D, 0xEF9D, 0xEF9D, 0xEF9D, 0xEF9D, 0xEF9D, 0xEF9D, 0xEF9D,
    0xE77D, 0xE75D, 0xEF9D, 0xEF9D, 0xEF9D, 0xEF9D, 0xE77D, 0x8491, 0x7C30, 0x94D3, 0x8CD3, 0x8CB2,
    0x94F3, 0xCEDA, 0xE71B, 0xD6BA, 0xD6DA, 0xE75C, 0xE75C, 0xE75C, 0xEF5D, 0xE75C, 0xDF1B, 0xE75D,
    0xEF7D, 0xEF5D, 0xE77D, 0xE77D, 0xE75D, 0xE77D, 0xE75D, 0xE75D, 0xE75D, 0xDF1B, 0xDF3C, 0xE75D,
    0xE75D, 0xE75D, 0xE75D, 0xE75D, 0xE75D, 0xE75D, 0xE75D, 0xE75D, 0xE75D, 0xE75D, 0xE75D, 0xDF5D,
    0xDF3C, 0xDF5C, 0xE75D, 0xE75D, 0xDF1C, 0x7C51, 0x6BAE, 0x94F3, 0x8CD3, 0x94D3, 0x7C71, 0xADF7,
    0xE77D, 0xDF1C, 0xD6DB, 0xE75D, 0xE75D, 0xE73D, 0xE75D, 0xE73D, 0xD71C, 0xDF3C, 0xDF5C, 0xDF5C,
    0xDF3C, 0xDF3C, 0xDF3C, 0xDF3D, 0xDF3C, 0xDF3C, 0xDF3C, 0xDF3C, 0xDF3C, 0xDF3C, 0xDF3C, 0xDF1C,
    0xD6FB, 0xDF3C, 0xDF3C, 0xDF3C, 0xDF3C, 0xDF3C, 0xDF3C, 0xD6FC, 0xCEBA, 0xD6FB, 0xDF3C, 0xDF1C,
    0xB638, 0x9534, 0x8CB2, 0x8CF3, 0x8CD3, 0x9D55, 0xAE18, 0xB619, 0xB619, 0xB618, 0xB639, 0xBE59,
    0xB639, 0xAE18, 0xADF8, 0xB618, 0xB639, 0x9534, 0x84B2, 0x8CD3, 0x94D3, 0xA575, 0xB618, 0xB639,
    0xB639, 0xB639, 0xB638, 0xB618, 0xADF8, 0xADF7, 0xB638, 0xB639, 0xB639, 0xBE39, 0xBE39, 0x9D75,
    0x8CB2, 0x94F3, 0x8CF3, 0x9534, 0xADD7, 0xB639, 0xB618, 0xB5F8, 0xB5F8, 0xB618, 0xB618, 0xB639,
    0xB639, 0xB639, 0xB619, 0xB639, 0xB619, 0xB618, 0xB618, 0xB618, 0x9D75, 0x8CB3, 0x9534, 0x9D34,
    0x9D34, 0x9D75, 0xBE59, 0x9C91, 0x82EA, 0x8B0A, 0x7AA8, 0x6A88, 0x5A67, 0x6287, 0x6288, 0x6A67,
    0x6A47, 0x6A07, 0x6A27, 0x7227, 0x7227, 0x7207, 0x69C6, 0x61A5, 0x5164, 0x59A6, 0x6207, 0x6207,
    0x6207, 0x59E7, 0x59E6, 0x59E6, 0x51A6, 0x49A6, 0x4985, 0x4985, 0x4185, 0x4185, 0x4185, 0x51C6,
    0x51E6, 0x59E6, 0x6247, 0x7AA9, 0x830B, 0x8B6C, 0x938C, 0x9BAD, 0xA3CE, 0x9BCE, 0xA3EE, 0x9BCE,
    0x936C, 0x934C, 0x830A, 0x830A, 0x82E9, 0x7268, 0x61E6, 0x59A4, 0x7A67, 0x930A, 0x9B8B, 0x9B6B,
    0xA3ED, 0xA40D, 0xAC6F, 0xA42E, 0xA42E, 0xAC6F, 0xB4F1, 0xACF1, 0xACB0, 0xB46F, 0xB490, 0xBCB1,
    0xB4B1, 0xB4B1, 0xCE58, 0xD6FB, 0xC69A, 0xC679, 0xBE79, 0xC679, 0xC69A, 0xC69A, 0xC67A, 0xC679,
    0xBE79, 0xCEDA, 0xD71B, 0xDF3C, 0xDF3C, 0xE75D, 0xDF1B, 0x7C50, 0x7C51, 0x94D3, 0x94D3, 0x8CB2,
    0x94F3, 0xD6FA, 0xE73C, 0xD6DA, 0xCE79, 0xD6DA, 0xDF1B, 0xDF1C, 0xDF3C, 0xDF1C, 0xD6FB, 0xDF3C,
    0xE75D, 0xE75D, 0xE75D, 0xE75D, 0xE75D, 0xEF5D, 0xE77D, 0xE77D, 0xE77D, 0xDF1C, 0xDF5C, 0xE77D,
    0xE77D, 0xE75D, 0xE75D, 0xE75D, 0xE75D, 0xD71B, 0xDF3C, 0xE75D, 0xE75D, 0xE75D, 0xE75D, 0xDF3C,
    0xD6FB, 0xE73C, 0xE75D, 0xE75D, 0xD71B, 0x7430, 0x6BCE, 0x94F3, 0x8CD3, 0x94D3, 0x7C51, 0xB618,
    0xE77D, 0xDEFB, 0xDEDB, 0xE75D, 0xE75D, 0xE73C, 0xE73C, 0xDF3C, 0xD6FB, 0xDF1C, 0xDF3C, 0xDF3C,
    0xDF3C, 0xDF3C, 0xDF3C, 0xDF5C, 0xDF5C, 0xDF3C, 0xDF1C, 0xDF1C, 0xDF3C, 0xDF3C, 0xDF1C, 0xD6FB,
    0xD6DB, 0xDF3C, 0xDF3C, 0xDF1C, 0xDF3C, 0xDF3C, 0xDF3C, 0xD71C, 0xD6DB, 0xD71C, 0xDF3C, 0xDF1C,
    0x9DB7, 0x8CF3, 0x8CB3, 0x8CF3, 0x8CF3, 0x9534, 0x9D96, 0xA5B7, 0xA5F8, 0xA5F7, 0xA5F8, 0xB659,
    0xAE18, 0xA5B7, 0xA5B7, 0xA5D7, 0xADD7, 0x8D14, 0x8CD3, 0x8CD3, 0x94D3, 0x9D55, 0xADF7, 0xADF8,
    0xADF8, 0xADF8, 0xADF8, 0xAE18, 0xADF8, 0xADD7, 0xB618, 0xB638, 0xB639, 0xB639, 0xBE39, 0x9D55,
    0x8CB2, 0x94F3, 0x8CF3, 0x9514, 0xADF7, 0xB639, 0xB639, 0xB639, 0xB639, 0xB639, 0xB639, 0xBE39,
    0xBE39, 0xB639, 0xBE39, 0xBE39, 0xBE39, 0xBE39, 0xBE39, 0xBE59, 0xA575, 0x8CD3, 0x9534, 0x9D14,
    0x9D34, 0xA5B6, 0xC69A, 0xA534, 0x7AC9, 0x82C9, 0x7AA8, 0x6AA8, 0x6288, 0x6267, 0x6287, 0x6267,
    0x6A68, 0x6A47, 0x6A27, 0x6A27, 0x7247, 0x7207, 0x61C6, 0x5164, 0x59C6, 0x59E6, 0x59E6, 0x61E6,
    0x59E6, 0x5A06, 0x6207, 0x6A48, 0x6A28, 0x6207, 0x6207, 0x6207, 0x6227, 0x6227, 0x6207, 0x6227,
    0x6227, 0x6A27, 0x7A89, 0x8B0B, 0x9B8D, 0xA3AE, 0xA3CE, 0xABEE, 0xAC0F, 0xAC0F, 0xAC0F, 0xAC0F,
    0xA3CE, 0x9B8C, 0x8B2B, 0x8B2A, 0x830A, 0x7AC9, 0x72A8, 0x61E5, 0x7A67, 0x92E9, 0x9B6B, 0x9B6B,
    0x9BCC, 0xA3ED, 0xAC2E, 0xA44E, 0xAC4E, 0xAC6F, 0xACB0, 0xB4F1, 0xACB1, 0xB46F, 0xB46F, 0xB490,
    0xBCB1, 0xB4F2, 0xBE18, 0xB618, 0xB5F8, 0xADF8, 0xADD8, 0xADD8, 0xADD8, 0xADD7, 0xADD7, 0xADD7,
    0xADD7, 0xBE59, 0xC679, 0xB618, 0xB618, 0xBE39, 0xADB6, 0x6BAE, 0x8471, 0x94D3, 0x8CD3, 0x8C92,
    0x8CD2, 0xBE38, 0xCE99, 0xC679, 0xB618, 0xADB7, 0xADD7, 0xB5F8, 0xBE39, 0xBE59, 0xB618, 0xA5B7,
    0xA5D7, 0xB5F8, 0xC659, 0xC679, 0xC679, 0xCE9A, 0xC67A, 0xBE59, 0xBE59, 0xC67A, 0xE75D, 0xE77D,
    0xE77D, 0xE77D, 0xE77D, 0xE77D, 0xE77D, 0xD6FB, 0xE75C, 0xE77D, 0xE77D, 0xE77D, 0xE77D, 0xE75C,
    0xDF3C, 0xE75C, 0xE75C, 0xE75D, 0xD6FB, 0x6BEF, 0x6BCF, 0x94F3, 0x94D3, 0x8CD3, 0x7C71, 0xBE59,
    0xEF9D, 0xDF1C, 0xDF1B, 0xE77D, 0xE75D, 0xE75D, 0xE75C, 0xDF3C, 0xD6FB, 0xDF3C, 0xDF5D, 0xDF5C,
    0xDF5C, 0xDF5C, 0xDF5C, 0xDF3C, 0xDF5C, 0xDF3C, 0xDEFB, 0xDF1C, 0xE73C, 0xE71B, 0xDEFB, 0xD6FB,
    0xCEBA, 0xDF1C, 0xDF1C, 0xDF1C, 0xDF1C, 0xDF1C, 0xDF3C, 0xD71C, 0xD6DB, 0xD71C, 0xDF3C, 0xD71C,
    0x7492, 0x7C72, 0x8CD3, 0x8CF3, 0x8CF3, 0x8CD3, 0x7CB3, 0x7CD3, 0x8D35, 0x8535, 0x8514, 0xA5F7,
    0xADF7, 0x8D54, 0x8534, 0x84F4, 0x8514, 0x7C92, 0x8CD3, 0x8CD3, 0x8CF3, 0x8CF3, 0x8D34, 0x8D76,
    0x8D96, 0x9576, 0x9596, 0x8D75, 0x9555, 0x9555, 0x9575, 0x9555, 0x9555, 0x9D75, 0xA575, 0x8CD3,
    0x8CD3, 0x94F3, 0x8CF3, 0x8CF3, 0x9514, 0x9555, 0x9555, 0x9576, 0x9576, 0x9D96, 0x9D96, 0x9D97,
    0x9D96, 0x9D76, 0x9D76, 0x9D76, 0x9D76, 0x9D96, 0xA597, 0xA5B7, 0x9514, 0x8CD3, 0x9534, 0x9D34,
    0x9D14, 0x9D55, 0xA5D7, 0x9D54, 0x7AEA, 0x82E9, 0x7AA8, 0x6A88, 0x6268, 0x5A67, 0x6288, 0x6267,
    0x6247, 0x6227, 0x6A27, 0x6A27, 0x7227, 0x6A06, 0x59A5, 0x59C5, 0x6227, 0x6227, 0x5A07, 0x59E6,
    0x5A06, 0x6A48, 0x7288, 0x7A89, 0x7AA9, 0x7268, 0x7A69, 0x7A68, 0x7A68, 0x82A9, 0x82AA, 0x82A9,
    0x82CA, 0x8AEB, 0x930B, 0x9B2C, 0xA36C, 0xA38D, 0xA38D, 0xA38D, 0xA38D, 0xA3AD, 0xA38D, 0xA38D,
    0x9B6C, 0x934B, 0x8B0A, 0x82C9, 0x82C9, 0x82E9, 0x7AE9, 0x7267, 0x7A87, 0x930A, 0x9B6B, 0x9B6B,
    0x9BAC, 0xA3ED, 0xA40D, 0xAC4E, 0xA42E, 0xAC4E, 0xAC90, 0xACD1, 0xB4B1, 0xBCB0, 0xB46F, 0xB470,
    0xB470, 0xBD14, 0xC65A, 0xBE59, 0xBE39, 0xBE39, 0xBE19, 0xBE39, 0xBE39, 0xBE39, 0xBE39, 0xBE39,
    0xB619, 0xB618, 0xB618, 0xB618, 0xB619, 0xBE39, 0xA575, 0x638D, 0x8471, 0x8CB3, 0x8CD3, 0x8C92,
    0x8CD3, 0xADF8, 0xB5F8, 0xADD8, 0xADD7, 0xA5B7, 0xA597, 0xA5B7, 0xBE38, 0xBE59, 0xB618, 0x9514,
    0x84D4, 0x9D56, 0xC679, 0xCE79, 0xCE79, 0xC679, 0x9515, 0x6C13, 0x7433, 0x9535, 0xCEDB, 0xD6FB,
    0xCEDA, 0xD6FB, 0xDF1C, 0xDF1C, 0xD6FB, 0xD6DB, 0xD71B, 0xDF1C, 0xDF1C, 0xDF1C, 0xDF1C, 0xDF1C,
    0xDF1C, 0xD6DB, 0xBE39, 0xC679, 0xB617, 0x5B4D, 0x73EF, 0x94F3, 0x94D3, 0x8CD3, 0x7C71, 0xBE38,
    0xDF3C, 0xD6DB, 0xD6FB, 0xDF1C, 0xCEBA, 0xC679, 0xCEBA, 0xDF1C, 0xDF1C, 0xE75D, 0xE75D, 0xE75D,
    0xDF3C, 0xDF3C, 0xDF3C, 0xDF3C, 0xDF3C, 0xDF1C, 0xDEFB, 0xDF1B, 0xDF1B, 0xDF1B, 0xDEFB, 0xD6DB,
    0xD6DA, 0xDF3C, 0xDF3C, 0xDF3C, 0xDF3C, 0xDF3C, 0xDF3C, 0xDF1C, 0xD6DB, 0xD6FB, 0xDF3C, 0xD6FB,
    0x7CB3, 0x7C92, 0x8CF3, 0x8CF3, 0x94F3, 0x8CF3, 0x84D4, 0x7CD3, 0x8D35, 0x8535, 0x8534, 0xAE38,
    0xB658, 0x9DD6, 0x9596, 0x8534, 0x8D34, 0x7CB2, 0x8CD3, 0x8CF3, 0x94F3, 0x84D3, 0x8534, 0x8D96,
    0x8D75, 0x8D75, 0x9596, 0x8D55, 0x8D75, 0x9D95, 0x9554, 0x8D14, 0x8D13, 0x9D54, 0x9D34, 0x8492,
    0x8CD3, 0x94F3, 0x94F3, 0x8CF3, 0x8CF4, 0x84F4, 0x7CD3, 0x8514, 0x8514, 0x8535, 0x8D35, 0x84F3,
    0x84D3, 0x7C92, 0x8492, 0x84D3, 0x7C92, 0x7452, 0x7C93, 0x84B3, 0x7C71, 0x8CD3, 0x9534, 0x9D34,
    0x9D34, 0x8CF4, 0x84F3, 0x9514, 0x7B2B, 0x7AA8, 0x830A, 0x72C8, 0x6288, 0x5A67, 0x6288, 0x6267,
    0x6247, 0x6247, 0x6A27, 0x6A47, 0x7247, 0x7247, 0x61E6, 0x6227, 0x6227, 0x6247, 0x6227, 0x6227,
    0x6A48, 0x7288, 0x7268, 0x7248, 0x7228, 0x7227, 0x7228, 0x7228, 0x7A48, 0x7A48, 0x8289, 0x82AA,
    0x8AAA, 0x8ACA, 0x92CA, 0x92CA, 0x9B0B, 0x92EB, 0x92CB, 0x8ACA, 0x8ACA, 0x8AAA, 0x8289, 0x7A48,
    0x7248, 0x6A07, 0x6227, 0x59C6, 0x7268, 0x82C9, 0x7AC8, 0x82C9, 0x8AE9, 0x934A, 0x934A, 0x934A,
    0x9B8C, 0xA3ED, 0xA3ED, 0xAC4E, 0xA44E, 0xAC4E, 0xAC90, 0xACB1, 0xAC4F, 0xB44F, 0xB490, 0xB470,
    0xB470, 0xB534, 0xBE39, 0xB619, 0xB619, 0xB619, 0xB619, 0xB5F9, 0xB619, 0xB619, 0xB619, 0xB619,
    0xB619, 0xB619, 0xB619, 0xB619, 0xB639, 0xBE39, 0x9D55, 0x636D, 0x8492, 0x8CD3, 0x8CB3, 0x8492,
    0x94F3, 0xB618, 0xB619, 0xADF8, 0xADD8, 0xA5B7, 0x9D76, 0xADD7, 0xC679, 0xC679, 0xC659, 0xADD7,
    0xA576, 0xA576, 0xB5F7, 0xB5F7, 0xC638, 0xB618, 0x6BF3, 0x6BF3, 0x7414, 0x9D56, 0xB618, 0xB618,
    0xB618, 0xB618, 0xB618, 0xB618, 0xB618, 0xB5F8, 0xB5F8, 0xB5F8, 0xB618, 0xB618, 0xB5F8, 0xB5F8,
    0xB5F8, 0xB5F8, 0xADD7, 0xB5F8, 0x9D34, 0x530B, 0x7C10, 0x94D3, 0x8CD3, 0x8CB3, 0x7C51, 0xA596,
    0xBE18, 0xBE18, 0xBE18, 0xB618, 0xADB6, 0xA575, 0xADB6, 0xC659, 0xCE7A, 0xCE9A, 0xC679, 0xC659,
    0xC659, 0xC679, 0xC659, 0xC659, 0xC679, 0xC659, 0x9D55, 0x9514, 0xA596, 0xA596, 0xA596, 0xA576,
    0xC679, 0xDF3C, 0xDF3C, 0xDF1C, 0xDF3C, 0xDF3C, 0xDF1B, 0xD6FB, 0xCEBA, 0xD6FB, 0xDF1C, 0xD6DB,
    0x8D35, 0x8CF3, 0x8CD3, 0x94F3, 0x94F3, 0x8CD3, 0x7C92, 0x6C51, 0x7CB3, 0x8D55, 0x9DB6, 0xB679,
    0xAE38, 0x8D34, 0x7CF3, 0x8D75, 0xA5F7, 0x8CD3, 0x8CD3, 0x8CF3, 0x94F3, 0x84D3, 0x8514, 0x8D55,
    0x8D75, 0x9596, 0x9DB6, 0x95B6, 0x9595, 0x9DB6, 0x8D34, 0x7CF3, 0x8513, 0x9554, 0x8D14, 0x8492,
    0x8CD3, 0x94F3, 0x94F3, 0x94F4, 0x8D34, 0x8D35, 0x8514, 0x9576, 0x95B7, 0x95B7, 0x9576, 0x9534,
    0xB5B6, 0xAD96, 0xB596, 0xB5D7, 0xA596, 0x7C93, 0x7C93, 0x84B3, 0x7C71, 0x94D3, 0x9534, 0x9D34,
    0x9534, 0x9534, 0x8D34, 0x8D35, 0x83CE, 0x7AC9, 0x7AA8, 0x72A8, 0x6287, 0x5A67, 0x6AA8, 0x6268,
    0x6247, 0x6227, 0x6227, 0x7247, 0x7A88, 0x82A8, 0x7247, 0x6A47, 0x6247, 0x6267, 0x6247, 0x6227,
    0x6227, 0x61E6, 0x61C6, 0x61E7, 0x61C7, 0x61C7, 0x61C7, 0x61A6, 0x61C7, 0x61C7, 0x69E7, 0x7208,
    0x7208, 0x7208, 0x7A08, 0x7A07, 0x7A28, 0x7A28, 0x71E7, 0x7227, 0x7A68, 0x7A89, 0x61E7, 0x4944,
    0x30E3, 0x28A2, 0x2882, 0x5165, 0x82CA, 0x8AEA, 0x8B0A, 0x8B2A, 0x934A, 0x9B6B, 0x9B6B, 0x934B,
    0x936B, 0x9BCC, 0xA40D, 0xAC4E, 0xA44E, 0xA44E, 0xA44F, 0xACB1, 0x9BAD, 0xA3AC, 0xB44E, 0xB42F,
    0xAC30, 0xA4F4, 0x8D15, 0x8CF5, 0x8D15, 0x84D4, 0x84D4, 0x9536, 0x8D15, 0x84D4, 0x8CF5, 0x8D15,
    0x84D4, 0x8CF5, 0x8D15, 0x9D76, 0x9D97, 0x9D97, 0x8492, 0x5B4D, 0x8C92, 0x8CB2, 0x8CB3, 0x8471,
    0x84B2, 0x9535, 0x9535, 0x8D15, 0x84F4, 0x7CB3, 0x7C93, 0x84D3, 0x84F3, 0xADD7, 0xCE79, 0xC679,
    0xC659, 0xA596, 0x94F4, 0x9514, 0xB619, 0x8CD6, 0x6393, 0x7414, 0x7C34, 0x9D56, 0xB5F8, 0xADD8,
    0xADF8, 0xADF8, 0xADD8, 0xADD7, 0xADF8, 0xADD7, 0xADB7, 0xADB7, 0xADB7, 0xADD7, 0xADD7, 0xADB7,
    0xADB7, 0xADD7, 0xADD8, 0xB5F8, 0x94F4, 0x52EB, 0x7C30, 0x94D3, 0x8CB3, 0x8CB2, 0x7C31, 0xA576,
    0xB5F7, 0xB5F7, 0xB618, 0xB618, 0xB618, 0xB618, 0xB5F7, 0xB5F7, 0xB5D7, 0xB5D7, 0xADD7, 0xAD96,
    0xADD7, 0xB5F7, 0xB5D7, 0xADD7, 0xADD7, 0xB5D7, 0x9D34, 0x8CD3, 0x94F4, 0x94F4, 0x94F4, 0x8CD3,
    0xA596, 0xBE38, 0xBE58, 0xBE38, 0xBE37, 0xBE37, 0xADD5, 0xB5F6, 0xCE79, 0xC679, 0xBE58, 0xBE17,
    0x84D3, 0x84B2, 0x8CF3, 0x8CF3, 0x94F3, 0x84D3, 0x7492, 0x6C51, 0x7492, 0x8514, 0x8D75, 0xA5F7,
    0x8D55, 0x6C51, 0x6C71, 0x8D75, 0x9D96, 0x84B2, 0x8CD3, 0x8CD3, 0x94F3, 0x8CF3, 0x8514, 0x84F3,
    0x84F3, 0x8D55, 0x9DB6, 0x9596, 0x8534, 0x9596, 0x8D34, 0x74B2, 0x7CF3, 0x8D55, 0x84F4, 0x7C71,
    0x8CF3, 0x94F3, 0x94F3, 0x8CF3, 0x7CD3, 0x84F4, 0x84F4, 0x9596, 0x9DB7, 0x9597, 0x8D55, 0x9514,
    0xB5D7, 0xB5F7, 0xB5D7, 0xAD76, 0xA596, 0x7C93, 0x7472, 0x7C72, 0x7C51, 0x94F3, 0x9534, 0x9534,
    0x9534, 0x8CF4, 0x84D3, 0x84D3, 0x8C92, 0x832B, 0x7AA8, 0x72A8, 0x6288, 0x6288, 0x6288, 0x6A88,
    0x5A47, 0x5A06, 0x6206, 0x6A27, 0x7A67, 0x82C9, 0x7AA8, 0x7287, 0x6A67, 0x5A06, 0x51E5, 0x51C6,
    0x5185, 0x4965, 0x4965, 0x4945, 0x4944, 0x4944, 0x4944, 0x4924, 0x4944, 0x5165, 0x5985, 0x5985,
    0x61C6, 0x6A07, 0x7227, 0x82CA, 0x82C9, 0x82C9, 0x8B0A, 0x8B2A, 0x8B2A, 0x936C, 0x7248, 0x4144,
    0x28C3, 0x2882, 0x51A6, 0x932B, 0x9B4C, 0x932A, 0x8B0A, 0x8B2A, 0x934B, 0x9B8B, 0x9B8B, 0x9B8B,
    0x9B8B, 0x9BCC, 0xA42E, 0xAC4E, 0xA42E, 0xA42E, 0xA44F, 0xACB1, 0x9C0F, 0x9B6B, 0xA38C, 0x9BCD,
    0xA491, 0x9514, 0x84F4, 0x84D4, 0x84F5, 0x7CB4, 0x84B4, 0x9536, 0x84B4, 0x7C73, 0x84D4, 0x84D4,
    0x84B3, 0x84D4, 0x84B4, 0x9556, 0x9D76, 0x9D76, 0x7C71, 0x636D, 0x8C92, 0x8CB2, 0x8CB3, 0x8471,
    0x8CD3, 0x9535, 0x8D35, 0x8D35, 0x84F4, 0x7CD4, 0x74B3, 0x7493, 0x6C72, 0xA596, 0xCE79, 0xC658,
    0xADB6, 0x9D75, 0x9535, 0xA5B7, 0xA5B8, 0x63D3, 0x6BD4, 0x7C34, 0x7C33, 0x8493, 0x7CB3, 0x7CB3,
    0x7CB3, 0x7CB3, 0x7CB3, 0x7CB3, 0x7C72, 0x7C72, 0x94F4, 0x9D14, 0xA514, 0x9D14, 0x94F3, 0x9514,
    0x9514, 0x94F4, 0x94F4, 0x9514, 0x7410, 0x4ACB, 0x7C31, 0x8CD3, 0x8CB2, 0x8C92, 0x7C30, 0x8CD3,
    0x9514, 0x9535, 0x9514, 0x9514, 0x9535, 0x9514, 0x8D14, 0x8CF4, 0x8CF4, 0x9514, 0x8CF4, 0x8CF4,
    0x8CF4, 0x8CD4, 0x8CF4, 0x84B3, 0x8CF4, 0xB618, 0xBE38, 0xB5F7, 0x9D35, 0x8CD4, 0x9514, 0x9514,
    0x9D14, 0x9D34, 0x9D33, 0x9D33, 0x9512, 0x9D32, 0x9D53, 0xADB4, 0xBDF6, 0xA573, 0x9532, 0xADD5,
    0x7C92, 0x8492, 0x8CF3, 0x8CF3, 0x94F3, 0x84B2, 0x7452, 0x6C51, 0x74B3, 0x7CF4, 0x7CF3, 0x8D55,
    0x8514, 0x6430, 0x6431, 0x8535, 0x8D34, 0x7C92, 0x8CF3, 0x8CD3, 0x94F3, 0x8CF4, 0x9575, 0x9575,
    0x9575, 0x8D55, 0x8514, 0x8D35, 0x7CF3, 0x9575, 0x9DB6, 0x8D55, 0x9576, 0x9576, 0x8D35, 0x7C92,
    0x8CF3, 0x94F3, 0x94F3, 0x8CF3, 0x8514, 0x8D55, 0x8D55, 0x9DB7, 0x9596, 0x7CB3, 0x7492, 0x7492,
    0x7CB3, 0x84D3, 0x84D4, 0x7C72, 0x7472, 0x7C93, 0x7493, 0x7452, 0x7C31, 0x94F3, 0x9D34, 0x9D34,
    0x9534, 0x8CF3, 0x7CD3, 0x84D3, 0x8CB2, 0x7B0A, 0x7AC9, 0x7AA8, 0x6288, 0x5A88, 0x6288, 0x6AA8,
    0x6288, 0x5A07, 0x59E6, 0x6206, 0x7267, 0x82C9, 0x82C8, 0x72A8, 0x7288, 0x5A06, 0x4985, 0x3924,
    0x3924, 0x30E3, 0x30C3, 0x38E3, 0x4964, 0x59C5, 0x59C5, 0x59E6, 0x6206, 0x6226, 0x7288, 0x8B6B,
    0x8B4B, 0x82C9, 0x93AC, 0xACD1, 0xACB0, 0x93AC, 0xAC6F, 0x8B8B, 0x834B, 0xA40F, 0x7289, 0x51A6,
    0x59C7, 0x7289, 0x9B8D, 0xA3AD, 0xA38C, 0x9B6B, 0x8B2A, 0x934B, 0x9BAC, 0x9BCC, 0x936B, 0x9B8C,
    0xA3CC, 0xA3ED, 0xAC2E, 0xAC4E, 0xA42E, 0xA44E, 0xA44F, 0xA4D1, 0xAD75, 0x9CF3, 0x9C92, 0x9CF3,
    0x8CF4, 0x84F4, 0x8CF5, 0x84F4, 0x84F4, 0x84F5, 0x8D15, 0x9D56, 0x8D14, 0x8CF5, 0x9556, 0x9535,
    0x9515, 0x9535, 0x9535, 0xA5B7, 0x9D97, 0xA5B7, 0x7C71, 0x636D, 0x8CB2, 0x8CB2, 0x8CB2, 0x8471,
    0x8CB3, 0x8D35, 0x8D15, 0x8D15, 0x7CD4, 0x7CB3, 0x74B3, 0x7CD4, 0x7C93, 0xA596, 0xCE79, 0xC638,
    0xA575, 0x9D55, 0xA576, 0xB619, 0x7C95, 0x5B93, 0x73F4, 0x7C14, 0x7C33, 0x9514, 0x9D55, 0x9D76,
    0x9555, 0x84F4, 0x8514, 0x84D4, 0x63F0, 0x6BF0, 0x8CD3, 0x94F3, 0x9CF3, 0x94B2, 0x8C92, 0x9D35,
    0x9514, 0x94F3, 0x8CB3, 0x8CB3, 0x63AE, 0x52CB, 0x8451, 0x8CB2, 0x8CB2, 0x8C92, 0x7C30, 0x8492,
    0x7C72, 0x84B3, 0x6C31, 0x6C11, 0x6C32, 0x6C11, 0x6C32, 0x6C31, 0x7432, 0x7C93, 0x7C92, 0x7C93,
    0x7C72, 0x7431, 0x7452, 0x6C11, 0x7C92, 0xBE18, 0xBE38, 0xB5F7, 0x94F4, 0x7C72, 0x94F4, 0x9514,
    0x9D34, 0xA554, 0x9D33, 0x9D12, 0x9D12, 0xA553, 0xAD74, 0xAD74, 0xAD94, 0xA553, 0x9D32, 0xDF3B,
    0x8D14, 0x84B2, 0x8CF3, 0x8CF3, 0x94F3, 0x8CF3, 0x84F4, 0x84F4, 0x8D35, 0x9576, 0x9576, 0xA5D7,
    0x9576, 0x7CB2, 0x7492, 0x8534, 0x8D14, 0x7C92, 0x8CF3, 0x8CD3, 0x94D3, 0x8CF3, 0x9575, 0x9596,
    0x9DB7, 0x8D55, 0x7CF3, 0x8D35, 0x8514, 0x9575, 0x9D96, 0x9D76, 0x9576, 0x8D35, 0x84F4, 0x7C92,
    0x8CF3, 0x8CF3, 0x94F3, 0x8CD3, 0x84D3, 0x84F4, 0x8514, 0x9576, 0x9576, 0x84F4, 0x8D15, 0x9576,
    0x9D97, 0x9D97, 0x9D97, 0x8D55, 0x8D35, 0x9576, 0x9576, 0x9535, 0x8492, 0x94F3, 0x9D34, 0x9D34,
    0x9D34, 0x9535, 0x9D96, 0xADF7, 0x9513, 0x72A9, 0x7AC9, 0x7AA8, 0x6A88, 0x5A68, 0x6288, 0x6AA8,
    0x72C8, 0x6247, 0x59E6, 0x59E6, 0x6206, 0x7AA9, 0x8309, 0x7AC8, 0x72A8, 0x7288, 0x6A68, 0x4164,
    0x2081, 0x1861, 0x20A2, 0x3924, 0x4964, 0x72A9, 0x6A67, 0x6A47, 0x832B, 0x7288, 0x8B4A, 0x9C4F,
    0xA46F, 0x8B2B, 0x9BED, 0xA470, 0xAC70, 0xA3CE, 0xA3EE, 0x9BAD, 0x9B8D, 0xA3CE, 0xA38E, 0xA38D,
    0xA3AE, 0xABCE, 0xABCE, 0xABCE, 0xA3AD, 0x9BAC, 0x936B, 0x938B, 0x9BAC, 0x9BCC, 0x9BAC, 0x9BAC,
    0xA3ED, 0xA40D, 0xA42E, 0xAC4E, 0xA42E, 0xA44E, 0xA46F, 0xA4D2, 0x8CF5, 0x84F4, 0x8D15, 0x8D35,
    0x7C73, 0x7C93, 0x7C93, 0x7493, 0x7493, 0x7493, 0x7C93, 0x7C93, 0x7472, 0x7472, 0x7C93, 0x7C93,
    0x7C72, 0x7C93, 0x7C92, 0x8D14, 0x8D15, 0x8D15, 0x6BCF, 0x636D, 0x8CB2, 0x8CB2, 0x8CB2, 0x8451,
    0x84B3, 0x7CB3, 0x7492, 0x7493, 0x7472, 0x6C52, 0x7472, 0x84D4, 0x7473, 0x9515, 0xC679, 0xCE79,
    0xBE18, 0x9D75, 0xADF7, 0x9D77, 0x63B4, 0x63B4, 0x73F4, 0x73F3, 0x8474, 0xADD7, 0xBE18, 0xBE38,
    0xADD7, 0x8D14, 0x8D34, 0x8514, 0x6C31, 0x7472, 0x8D14, 0x84F4, 0x8CF4, 0x84D3, 0x84B3, 0x9535,
    0x9535, 0x8D14, 0x8CF4, 0x8D14, 0x6BCF, 0x4ACB, 0x8451, 0x8CB2, 0x8CB2, 0x8492, 0x7430, 0x84B3,
    0x7C93, 0x84D4, 0x7452, 0x7452, 0x7CB3, 0x84D4, 0x9555, 0x9555, 0x9555, 0x9D56, 0x9535, 0x9D56,
    0x9535, 0x9515, 0x9535, 0x8D15, 0x9514, 0xBE18, 0xBE38, 0xB5D7, 0x9535, 0x8CD4, 0x84D3, 0x84B3,
    0x9D34, 0xBE17, 0xCE58, 0xC637, 0xBE16, 0xCE57, 0xCE78, 0xCE78, 0xCE78, 0xC657, 0xBE37, 0xF7BE,
    0x9D54, 0x84B2, 0x8CD3, 0x94F3, 0x94F3, 0x9D76, 0xA5D8, 0xA5F8, 0xADF8, 0xADF8, 0xB639, 0xBE59,
    0xAE18, 0xA5B7, 0xA5D7, 0xADD8, 0x9D76, 0x84B2, 0x8CF3, 0x8CD3, 0x94F3, 0x9535, 0xA5B7, 0xA5B7,
    0xA5D8, 0xA5D8, 0xADD8, 0xADD8, 0xA5D7, 0xA5B7, 0xA5D7, 0xBE59, 0xBE79, 0xC69A, 0xBE59, 0x8D13,
    0x8CD3, 0x94F3, 0x94F3, 0x9D35, 0xA5B7, 0xA5B7, 0xA5D7, 0xA5D8, 0xA5D8, 0xA5D8, 0xA5B7, 0xA5B7,
    0xA5B7, 0xA5B7, 0xA5B7, 0xA5B7, 0xA5D7, 0xA5B7, 0xA5D7, 0xADF7, 0x8CF3, 0x94F3, 0x9D34, 0x9D34,
    0x9D54, 0xADF8, 0xB659, 0xC69A, 0xADB6, 0x6A89, 0x7AC9, 0x7268, 0x6A68, 0x6288, 0x6288, 0x6AA8,
    0x72A8, 0x6A87, 0x5A26, 0x51E6, 0x51C5, 0x6A47, 0x7AC9, 0x7AC9, 0x7AC9, 0x7AC9, 0x7AC9, 0x72C9,
    0x5A07, 0x4144, 0x3904, 0x4965, 0x59C6, 0x830B, 0x82CA, 0x7A69, 0x930B, 0x92EB, 0x9B2C, 0x9B6D,
    0xA38D, 0xA36D, 0xA36D, 0xA36E, 0xABAF, 0xB3D0, 0xB3CF, 0xB3EF, 0xB3EF, 0xABEF, 0xB40F, 0xAC0F,
    0xABEF, 0xAC0F, 0xABEE, 0xABEE, 0xA3AD, 0x9BAC, 0x938B, 0x9BAC, 0xA3ED, 0x9BCC, 0xA3CD, 0xA3ED,
    0xA3ED, 0xA3ED, 0xAC2E, 0xAC6E, 0xA44E, 0xA46F, 0xA46F, 0xA533, 0x9D76, 0x9556, 0x9D76, 0x9D76,
    0x9556, 0x9D56, 0x9556, 0x9556, 0x9556, 0x9555, 0x9535, 0x9535, 0x9515, 0x9515, 0x9556, 0x9556,
    0x9535, 0x9535, 0x8D15, 0x9556, 0x9556, 0x9D56, 0x6BCF, 0x636D, 0x8CB3, 0x8CB2, 0x8CB2, 0x7C51,
    0x94F4, 0x9535, 0x8D14, 0x8D15, 0x8CF5, 0x84D4, 0x84D4, 0x84D4, 0x7C73, 0x8CF4, 0xC659, 0xCE79,
    0xB5F7, 0xA596, 0xADF9, 0x7434, 0x5B94, 0x6BD3, 0x8C94, 0x9CF4, 0x8CD4, 0x9D56, 0xA596, 0xA576,
    0x9D56, 0x84D3, 0x7492, 0x7C93, 0x6431, 0x6C52, 0x7CB3, 0x7492, 0x7C92, 0x84D3, 0x7CB3, 0x84D3,
    0x84D3, 0x84D4, 0x84B3, 0x84D3, 0x6BAE, 0x52CB, 0x8471, 0x8CB2, 0x8CB2, 0x8471, 0x7C30, 0x8CD3,
    0x84B3, 0x7CB3, 0x7452, 0x7472, 0x7CB3, 0x7CB3, 0x84D3, 0x7CB3, 0x84D3, 0x84F4, 0x7C93, 0x7CB3,
    0x7472, 0x7CB3, 0x8CF4, 0x84B3, 0x8D14, 0xB618, 0xBE38, 0xB5F8, 0x9D55, 0x8CF4, 0x8493, 0x8493,
    0x9D55, 0xC638, 0xE71B, 0xDEDA, 0xD6B9, 0xDEFA, 0xE6FA, 0xE6FB, 0xDEFA, 0xDEDB, 0xAD97, 0xC639,
    0xC678, 0x9513, 0x8CD3, 0x94F3, 0x94F4, 0x9D75, 0xA5B7, 0xA5D7, 0xA5F8, 0xADF8, 0xAE18, 0xB659,
    0xADF8, 0x9D96, 0xA5B7, 0xA5B7, 0x9534, 0x84B2, 0x8CF3, 0x8CD3, 0x94D3, 0x9535, 0xA5B7, 0xA5B7,
    0xADD8, 0xADF8, 0xADF8, 0xADD8, 0xADD7, 0xA5B7, 0xA5B7, 0xBE59, 0xCEBA, 0xD71C, 0xD6DB, 0x9D34,
    0x8CD3, 0x94F3, 0x94F3, 0x9D35, 0xADD7, 0xADF8, 0xADF8, 0xADF8, 0xADD8, 0xA5D7, 0xA5B7, 0x9555,
    0x9535, 0x9535, 0x9D76, 0xA596, 0xA596, 0x9D96, 0xA5B7, 0xB618, 0x9D34, 0x9514, 0x9D34, 0x9D34,
    0x9D14, 0xA5B6, 0xA5D7, 0xAE18, 0xBE38, 0x7B6D, 0x6A27, 0x6A27, 0x5A06, 0x5A68, 0x5A88, 0x6267,
    0x6AA8, 0x72A8, 0x6267, 0x5A06, 0x51E6, 0x59E6, 0x6A47, 0x7288, 0x72A9, 0x7AC9, 0x7AC9, 0x7AC9,
    0x82CA, 0x82CA, 0x7A89, 0x7248, 0x7A69, 0x826A, 0x826A, 0x8A8A, 0x92AB, 0x9B0C, 0xA32D, 0xA32D,
    0xA34D, 0xAB6E, 0xAB4E, 0xAB4E, 0xB3AF, 0xB3AF, 0xB3CF, 0xABCE, 0xB3EF, 0xB42F, 0xAC0F, 0xAC0F,
    0xA3EE, 0xAC2F, 0xAC0E, 0xAC0E, 0xAC0E, 0xA3ED, 0x9BCD, 0x9BAC, 0x9BCC, 0x9BCC, 0x9BCC, 0xA3ED,
    0xA3ED, 0xA40D, 0xAC4E, 0xA44E, 0xA44E, 0x9C4E, 0xA46F, 0xBDD6, 0xC679, 0xADF7, 0xADF8, 0xB5F8,
    0xB618, 0xB618, 0xB5F8, 0xB619, 0xB619, 0xB619, 0xB619, 0xB5F8, 0xB5F8, 0xB618, 0xBE39, 0xBE39,
    0xB619, 0xB619, 0xB619, 0xB619, 0xB619, 0xB639, 0x7C30, 0x6BAE, 0x8CB3, 0x8CB2, 0x8CB2, 0x7C30,
    0x8CB3, 0x9D76, 0x9D97, 0x9D77, 0x9556, 0x9515, 0x9515, 0x9516, 0x8CF5, 0x9535, 0xBE38, 0xCE99,
    0xBE18, 0xBE39, 0x8CF6, 0x5B93, 0x7C54, 0xAD75, 0xC616, 0xB595, 0x8CB3, 0x9514, 0x9514, 0x8CF4,
    0x9D55, 0xA596, 0xADF7, 0xBE38, 0xB617, 0xADF7, 0xADF6, 0xA5B6, 0xA595, 0x9D75, 0x8D14, 0x8CF3,
    0x8D14, 0x9535, 0x9D55, 0x9514, 0x636D, 0x52EB, 0x8471, 0x8CB2, 0x8CB2, 0x7C51, 0x8471, 0xA5B6,
    0xA596, 0xA576, 0x9D76, 0x9D96, 0x9D76, 0x9D56, 0x9514, 0x84D3, 0x8CF4, 0x8D14, 0x84D3, 0x84B3,
    0x7CB3, 0x84D3, 0x84D4, 0x7C92, 0x8CF3, 0xB618, 0xBE38, 0xB5F7, 0x9D55, 0x8D14, 0x84D4, 0x8CF4,
    0x9514, 0x8492, 0x9513, 0xAD95, 0xA575, 0x9D34, 0xA555, 0xA575, 0xC659, 0xA578, 0x63F2, 0xADD8,
    0xDF1B, 0x9D54, 0x8CD3, 0x94F3, 0x9514, 0xB5F7, 0xC679, 0xC69A, 0xC69A, 0xBE79, 0xC69A, 0xC69A,
    0xBE59, 0xB639, 0xBE59, 0xB638, 0x9D75, 0x84B2, 0x94F3, 0x8CF3, 0x94F3, 0xA596, 0xAE18, 0xADF8,
    0xADF8, 0xB618, 0xB5F8, 0xADF8, 0xADD7, 0x9D76, 0x8D14, 0x84D3, 0x84D3, 0x8D14, 0x8CF3, 0x8492,
    0x94F3, 0x94F3, 0x94F3, 0x94F3, 0x9535, 0x9535, 0xA596, 0xA596, 0x9535, 0x8D15, 0x8CF4, 0x84D4,
    0x84D3, 0x84D4, 0x84D4, 0x8CD4, 0x8CF4, 0x8CF4, 0x8D14, 0x9514, 0x8CD3, 0x9D34, 0x9D54, 0x9D34,
    0x9513, 0x9D55, 0x9D96, 0xA5D7, 0xB638, 0xADD6, 0x7B8D, 0x6268, 0x6ACA, 0x6B2B, 0x5267, 0x5A67,
    0x6A88, 0x72A8, 0x72A8, 0x6267, 0x6227, 0x51E6, 0x5A06, 0x6247, 0x6A68, 0x6A88, 0x7AC9, 0x82EA,
    0x82C9, 0x7288, 0x7A89, 0x7A69, 0x7A69, 0x8269, 0x8269, 0x8269, 0x8A8A, 0x8AAA, 0x92CB, 0x9B0C,
    0x9B0C, 0x9B2C, 0x9B2C, 0x9B2C, 0xA34C, 0xA36D, 0xA38D, 0xABEE, 0xAC0F, 0xAC0F, 0xAC0F, 0xAC0E,
    0xAC2F, 0xB42F, 0xB44F, 0xB44F, 0xAC2F, 0xA40E, 0x9BED, 0x9BAC, 0x938C, 0x9BCC, 0x9BCD, 0xA3ED,
    0xA40D, 0xA40D, 0xA40D, 0xA42E, 0xA44E, 0xA44E, 0xA490, 0xBE17, 0xCE9A, 0xC659, 0xBE18, 0xC679,
    0xD6BA, 0xD6BA, 0xB5F8, 0x9D76, 0x9D56, 0x9D55, 0x9D76, 0xA596, 0x9514, 0x8CF3, 0x9535, 0x9D56,
    0xA597, 0xA5B7, 0xA5B7, 0xA596, 0x9D96, 0xA596, 0x6BCE, 0x6BCF, 0x8CD3, 0x8CB2, 0x8C92, 0x7C50,
    0x7C30, 0x8CD4, 0xA597, 0x9D77, 0x8D16, 0x84B4, 0x84D5, 0x8CF5, 0x84F5, 0x8CF5, 0xADD7, 0xC679,
    0xC659, 0xADF9, 0x63F3, 0x63D4, 0xB576, 0xD615, 0xCD52, 0x9430, 0x8472, 0x9534, 0x84F4, 0x7492,
    0x84F4, 0x84D4, 0x9D75, 0xC678, 0xC679, 0xCEB9, 0xCEB9, 0xCEB9, 0xCEBA, 0xCEBA, 0xC679, 0xB617,
    0xB617, 0xBE38, 0xC658, 0xB617, 0x638E, 0x52EB, 0x8491, 0x8C92, 0x8CB2, 0x7C30, 0x8471, 0xA555,
    0x94F4, 0xA555, 0xA595, 0x8CF4, 0x8CD4, 0x8CD3, 0xA5B6, 0xB618, 0xB5F7, 0xB5F7, 0xB5F7, 0xB5F7,
    0xB5F7, 0xB5D7, 0xADD7, 0xA576, 0x9D55, 0xB5F8, 0xBE18, 0xADD7, 0x9D56, 0x9515, 0x8CF4, 0x8CF4,
    0x9515, 0x7C72, 0x7C71, 0xA596, 0x9515, 0x7431, 0x6C11, 0x9534, 0xBDF9, 0x8494, 0x7453, 0xB5D8,
    0xB617, 0x8CF3, 0x8CF3, 0x8CF3, 0x9513, 0xA5B6, 0xADF7, 0xADF7, 0xADF7, 0xADF7, 0xBE58, 0xC679,
    0xB617, 0xADD7, 0xADD7, 0xADB6, 0x9D55, 0x8CB2, 0x94F3, 0x8CF3, 0x94F3, 0xA596, 0xAE18, 0xADF8,
    0xADF8, 0xADF8, 0xAE18, 0xAE18, 0xA5D7, 0x9D76, 0x84D3, 0x7452, 0x6BD0, 0x5B8E, 0x63AE, 0x7C51,
    0x9514, 0x94F3, 0x94F3, 0x8CD3, 0x9534, 0xA596, 0xBE58, 0xC659, 0xA596, 0x84D3, 0x7CB3, 0x8D15,
    0x8D14, 0x84D3, 0x84D3, 0x9D96, 0xA5B7, 0x8D14, 0x9515, 0x84B3, 0x8471, 0x9D34, 0x9D34, 0x9D34,
    0x9513, 0xA596, 0xA5D7, 0xAE18, 0xB619, 0xB638, 0xADD7, 0x8C91, 0x8C4F, 0x7BEE, 0x5A88, 0x5A67,
    0x6247, 0x6A68, 0x7288, 0x7288, 0x6A88, 0x5A27, 0x5A06, 0x5A26, 0x6227, 0x6A68, 0x7288, 0x7AA9,
    0x82EA, 0x7AA9, 0x7288, 0x7268, 0x6A48, 0x7268, 0x7A88, 0x7AA9, 0x82A9, 0x82AA, 0x8AEA, 0x8B0B,
    0x8B0B, 0x930B, 0x932B, 0x932B, 0x934C, 0x9B8D, 0x9B8D, 0xA3EE, 0xAC0E, 0xA40E, 0xA3EE, 0xB42F,
    0xB470, 0xB44F, 0xB42F, 0xB44F, 0xAC2E, 0x9BED, 0x9BED, 0x93AC, 0x9BCC, 0x9BCC, 0x9BCC, 0xA3ED,
    0xA40D, 0xA40D, 0xA40D, 0xA44E, 0xA44E, 0xA46E, 0xA4D2, 0x9534, 0x9514, 0xADB6, 0xB5D7, 0xB5F7,
    0xC659, 0xBE39, 0xA575, 0xA574, 0x8CD3, 0x7452, 0x7431, 0xA535, 0x84B2, 0x7C51, 0x7C52, 0x7C72,
    0x8CD4, 0x9D55, 0x9535, 0x8CF4, 0x8CD3, 0x84B3, 0x5B4D, 0x73EF, 0x8CD3, 0x8CB2, 0x8C92, 0x8451,
    0x8CB1, 0x8CF4, 0x9D97, 0x9D77, 0x8CF5, 0x7C73, 0x7C94, 0x84F5, 0x84D5, 0x8CF5, 0x9535, 0xB5F8,
    0xC67A, 0x84D6, 0x5B94, 0x8434, 0xCCF3, 0xD44F, 0xC3AD, 0x93EF, 0x8CB3, 0x9535, 0x8CF4, 0x7C92,
    0x84F4, 0x84D3, 0x8D35, 0xADD7, 0xA595, 0xADD6, 0xADF6, 0xA595, 0xADB6, 0xB5F7, 0xADF7, 0xADF6,
    0xADF6, 0xADD6, 0xADB6, 0xB5F7, 0x638D, 0x5B0B, 0x8C92, 0x8C92, 0x8CB2, 0x7C30, 0x8471, 0x9D14,
    0x7430, 0x9D13, 0xAD95, 0x8493, 0x7C72, 0x6C11, 0x9D76, 0xADD7, 0xA575, 0xA575, 0xAD96, 0xA596,
    0xAD96, 0xA596, 0x9D55, 0x9514, 0x9D35, 0xB5F7, 0xB618, 0xADB7, 0x9D56, 0x9535, 0x8CF4, 0x8D14,
    0x9515, 0x7C72, 0x8492, 0xADB7, 0x9D55, 0x7451, 0x84B3, 0xC639, 0xBD55, 0xC535, 0x94B3, 0xA555,
    0xA596, 0x8CD3, 0x8CF3, 0x8CF3, 0x8CF3, 0x9D95, 0xADF7, 0xA5F7, 0xA5D6, 0xA5B6, 0xB638, 0xBE79,
    0xADF7, 0x9555, 0x9534, 0x8CF3, 0x7C71, 0x84B2, 0x9514, 0x8CF3, 0x8CB2, 0x7C92, 0x7CB3, 0x7472,
    0x7492, 0x84F3, 0x7C92, 0x7472, 0x7471, 0x7451, 0x84B3, 0x7C92, 0x6C10, 0x63CF, 0x6BCF, 0x7C71,
    0x94F4, 0x94F3, 0x94F3, 0x8472, 0x7431, 0x8CD3, 0x9D75, 0xB5F7, 0xADD7, 0x9514, 0x84D3, 0x9514,
    0x9D75, 0x7C92, 0x7472, 0xA597, 0xB618, 0x8D15, 0x9555, 0x8CF4, 0x8492, 0x9D34, 0x9D34, 0x9D34,
    0x8CD3, 0x84B3, 0x8D14, 0x8D55, 0x9D96, 0x9D97, 0x9534, 0x8450, 0x7BEE, 0x842E, 0x62CA, 0x5227,
    0x5A47, 0x6A68, 0x6A88, 0x7288, 0x6A88, 0x6A88, 0x6268, 0x5A06, 0x5206, 0x5A06, 0x6A68, 0x7AA8,
    0x82C9, 0x82C9, 0x7AA9, 0x6A68, 0x6227, 0x6247, 0x6247, 0x6A47, 0x6A68, 0x7288, 0x72A9, 0x72A9,
    0x7288, 0x7289, 0x72A9, 0x7AEA, 0x7AC9, 0x830A, 0x936C, 0x938C, 0x9BAD, 0xAC2E, 0xB44F, 0xB46F,
    0xB46F, 0xB44F, 0xAC2F, 0xA40E, 0xA40E, 0xA40E, 0x9BED, 0x938C, 0x9BED, 0x9BED, 0x9BAC, 0x9BCC,
    0xA3ED, 0xA3ED, 0xA42E, 0xA42E, 0xA44E, 0x9C4F, 0x9D13, 0x94F4, 0x8CD3, 0x9534, 0x9D34, 0x8CD3,
    0x9D55, 0x9535, 0x9513, 0xE6F6, 0xB5D5, 0x7C72, 0x7C51, 0xA575, 0x8CB3, 0x8472, 0x8472, 0x84B3,
    0x8CD4, 0x8CF4, 0x8CF4, 0x8CF4, 0x8D14, 0x94F4, 0x636D, 0x73EF, 0x8CD3, 0x8CB2, 0x8C92, 0x8471,
    0x8C92, 0x94F4, 0xA597, 0x9D77, 0x8D15, 0x8494, 0x84B4, 0x84F5, 0x84D5, 0x8D15, 0x8D15, 0xADF8,
    0xA5B9, 0x6C14, 0x73F4, 0xAC13, 0xDBAE, 0xD36B, 0xDCAF, 0xCDB4, 0x94F3, 0x8CF4, 0x84B3, 0x7C72,
    0x84D4, 0x84D4, 0x9535, 0xADD6, 0xADD6, 0xADF7, 0xADF6, 0x9D95, 0x9D95, 0x9D75, 0x9D54, 0x9D75,
    0x9D75, 0x9534, 0x9513, 0xADB6, 0x636D, 0x5B2C, 0x8CB2, 0x8C92, 0x8CB2, 0x7C10, 0x8C91, 0x9513,
    0x7410, 0x9D13, 0xAD75, 0x7C92, 0x7452, 0x6C11, 0x6C31, 0x6BF0, 0x8CB2, 0x9D55, 0x7C51, 0x8471,
    0x7430, 0x6BF0, 0x7411, 0x6BF0, 0x84B3, 0xB5F8, 0xBE18, 0xADD7, 0x9D35, 0x8D15, 0x84B3, 0x8CF4,
    0x8CF4, 0x7451, 0x84B3, 0xADD7, 0x9514, 0x7C92, 0xB619, 0xBD97, 0xC493, 0xD4D3, 0xD638, 0xDEDA,
    0x9534, 0x84B2, 0x8CF3, 0x8CF3, 0x8CF3, 0xA596, 0xBE59, 0xBE79, 0xB658, 0xAE17, 0xB658, 0xBE99,
    0xAE18, 0xADF7, 0xAE17, 0xADF7, 0x9534, 0x8CD3, 0x94F4, 0x8CF3, 0x8CB2, 0x7451, 0x6C31, 0x5BCF,
    0x5BEF, 0x6C10, 0x5B8E, 0x536E, 0x4B4D, 0x536E, 0x9D55, 0x84B3, 0x63AF, 0x8492, 0x7C30, 0x8492,
    0x9514, 0x94F3, 0x8CF3, 0x7430, 0x5BAE, 0x5BAE, 0x7430, 0xA5B6, 0xA5B6, 0x9534, 0x9D55, 0xADB6,
    0xB618, 0x84B3, 0x6C51, 0x9D76, 0xADD7, 0x8D15, 0x9556, 0x8CF4, 0x8492, 0x9D34, 0x9D34, 0x9D34,
    0x8CD3, 0x7451, 0x7472, 0x7CB3, 0x84F4, 0x8D14, 0x8CF3, 0x8450, 0x7BEE, 0x842E, 0x738C, 0x5268,
    0x5A27, 0x6227, 0x6A68, 0x7288, 0x72A8, 0x6AA8, 0x72A9, 0x6247, 0x5206, 0x5A26, 0x6268, 0x72A8,
    0x7AA8, 0x82E9, 0x7AA8, 0x7268, 0x6A68, 0x6227, 0x6226, 0x5A06, 0x6247, 0x6227, 0x6247, 0x6A68,
    0x6227, 0x6A68, 0x72A9, 0x72A9, 0x7AEA, 0x830A, 0x936B, 0x9BCD, 0xA3ED, 0xAC2E, 0xB46F, 0xB46F,
    0xB46F, 0xB44F, 0xAC2F, 0xA40E, 0x9BEE, 0x9BEE, 0x9BEE, 0x9BCD, 0x9BCD, 0x9BCC, 0x9BAC, 0x9BCC,
    0xA3CD, 0xA3ED, 0xA42D, 0x9C2D, 0x9C2E, 0xA490, 0xCE98, 0xD6B9, 0xCE98, 0xCEB9, 0xC678, 0xBE17,
    0xC658, 0xC679, 0xADB5, 0xDEB5, 0xB5B5, 0x8CB3, 0xA534, 0xAD95, 0x8492, 0x7C92, 0x7C72, 0x84B3,
    0x94F4, 0x9515, 0x9535, 0x9535, 0x9535, 0x9514, 0x636D, 0x7C10, 0x8CD3, 0x8CB2, 0x8C92, 0x8471,
    0x94D2, 0x9514, 0xA597, 0x9D77, 0x8D15, 0x84D4, 0x84D5, 0x84F5, 0x84D5, 0x8D15, 0x9D76, 0xB63A,
    0x7C76, 0x6BF5, 0x83D4, 0xC3B1, 0xDB8D, 0xDCAF, 0xE634, 0xD656, 0x8CB2, 0x7431, 0x7431, 0x7432,
    0x7C72, 0x7C72, 0x84B3, 0xBE38, 0xCEB9, 0xCE99, 0xCE99, 0xB617, 0xADD6, 0xBE58, 0xB5F7, 0xB5F6,
    0xADD6, 0xADB5, 0xADB5, 0xADB5, 0x5B2C, 0x634D, 0x8CB2, 0x8C92, 0x8CB2, 0x7C10, 0x8C92, 0x94F3,
    0x7C51, 0xA534, 0xB595, 0x9D34, 0xA575, 0xA575, 0xA595, 0xA555, 0xDEFA, 0xEF7C, 0xCE99, 0xD6DA,
    0xB617, 0xADD6, 0xCEBA, 0xC659, 0xB5D7, 0xC659, 0xC679, 0xBE38, 0xADD7, 0xA596, 0x9D76, 0xA596,
    0x9D55, 0x8CF4, 0x9D55, 0xA596, 0x9D55, 0xCEBB, 0xC65B, 0x8C14, 0x93B1, 0xA411, 0xBDB6, 0xC638,
    0x9D75, 0x84B2, 0x8CF3, 0x8CD3, 0x8CD3, 0x9534, 0xB618, 0xB638, 0xAE18, 0xA5F7, 0xB638, 0xB659,
    0xADF7, 0x9DB6, 0xA5D7, 0xA5D6, 0x8D13, 0x8CD3, 0x9514, 0x94F3, 0x94F3, 0x9534, 0x9D75, 0x9535,
    0x9534, 0x9535, 0x8CF4, 0x8CF4, 0x84D4, 0x84B3, 0xADD6, 0x9D55, 0x8CF3, 0xC679, 0xA554, 0x8492,
    0x9514, 0x94F3, 0x94F3, 0x8CD3, 0x8D14, 0x9D55, 0xA575, 0xB617, 0x9D55, 0x94F3, 0xADB6, 0xA595,
    0xA596, 0x7C92, 0x7472, 0x9D76, 0xA576, 0x8CF4, 0x9D56, 0x8CF4, 0x8492, 0x9D34, 0x9D34, 0x9D13,
    0x9514, 0x9D76, 0xA597, 0xA5B7, 0xA5D7, 0xADD7, 0x9D34, 0x842F, 0x7BEE, 0x7C0E, 0x842F, 0x62EA,
    0x5227, 0x5A06, 0x6247, 0x6A67, 0x6A88, 0x6A88, 0x6247, 0x6A88, 0x5A26, 0x5206, 0x5A47, 0x6247,
    0x7288, 0x7AA9, 0x7AC9, 0x7A88, 0x7288, 0x7268, 0x7268, 0x6A67, 0x6A67, 0x7268, 0x7288, 0x7288,
    0x7288, 0x72A9, 0x7AA9, 0x82EA, 0x8B0A, 0x8B2B, 0x9B8C, 0xA3CD, 0xAC0E, 0xB44F, 0xBC6F, 0xBC6F,
    0xBC70, 0xB46F, 0xAC4F, 0xA40E, 0x9C0E, 0xA42F, 0x93EE, 0x9C0E, 0x9BCD, 0x9BCD, 0x9BAC, 0x9BCC,
    0x9BCC, 0xA40D, 0x9C0D, 0x9C2D, 0x9C2E, 0xB573, 0xEF7C, 0xD6DA, 0xDEFA, 0xE73B, 0xDEFA, 0xDEFA,
    0xDF1B, 0xE73C, 0xC659, 0xA533, 0x94D2, 0xC617, 0xDEFA, 0xAD74, 0x8491, 0x84B3, 0x8472, 0x84B3,
    0x9D56, 0xADB7, 0xADB7, 0xA5B7, 0xA5B6, 0x9D55, 0x636D, 0x7C30, 0x8CD3, 0x8CB3, 0x8C92, 0x8471,
    0x8CD2, 0x94F4, 0x9535, 0x9535, 0x8CF5, 0x7C93, 0x7C73, 0x7C73, 0x7C93, 0x8CD4, 0xADF9, 0x9538,
    0x6BF4, 0x6BF5, 0x8393, 0xBBD1, 0xB3F1, 0x9C32, 0x9472, 0x94D3, 0x8CB2, 0x7C72, 0x7C72, 0x7C72,
    0x8472, 0x8472, 0x8493, 0xB617, 0xD6FA, 0xD6FA, 0xDF1B, 0xC678, 0xBE17, 0xDEDA, 0xD6B9, 0xD699,
    0xD699, 0xCE99, 0xCE99, 0xB5D6, 0x5B0B, 0x636D, 0x8CB2, 0x8C92, 0x8CB2, 0x7C10, 0x94B2, 0xA554,
    0x8CF3, 0x9D14, 0xBDF6, 0xEF9D, 0xFFFE, 0xFFFE, 0xFFFF, 0xFFFF, 0xFFFE, 0xFFDE, 0xFFFF, 0xFFFE,
    0xFFFF, 0xFFFF, 0xFFFF, 0xFFFF, 0xFFFF, 0xFFDE, 0xFFDE, 0xFFDE, 0xFFFE, 0xFFFE, 0xFFDE, 0xF7DE,
    0xF7DE, 0xF7DE, 0xFFDE, 0xF7BE, 0xF7DE, 0xE77F, 0x9D7A, 0x84B8, 0x7434, 0x94D4, 0xD69A, 0xE6FB,
    0xB617, 0x8CD3, 0x8CF3, 0x8CD3, 0x9513, 0xADF7, 0xBE58, 0xBE58, 0xBE58, 0xB638, 0xBE38, 0xBE58,
    0xADD6, 0x9D75, 0xA5B6, 0x9D96, 0x84B2, 0x8CD3, 0x9514, 0x94F3, 0x9D34, 0xBE38, 0xC699, 0xBE59,
    0xBE38, 0xB618, 0xB618, 0xBE39, 0xB618, 0xADD7, 0xB5F7, 0xA5B6, 0xB5F7, 0xD6FA, 0xB5D6, 0x8CB2,
    0x9513, 0x94F3, 0x94F3, 0x9D34, 0xA5B6, 0xB617, 0xB617, 0xB617, 0xA595, 0xBE38, 0xD6DA, 0xAD96,
    0x9514, 0x84B3, 0x8CD3, 0x9D34, 0xADD6, 0xA575, 0xA575, 0x9D34, 0x8CB2, 0x9D34, 0x9D34, 0x9513,
    0x9D34, 0xADF7, 0xB618, 0xB638, 0xBE39, 0xBE39, 0xA575, 0x7C0E, 0x7BEE, 0x7BEE, 0x844F, 0x7BEE,
    0x5248, 0x5A27, 0x5A26, 0x6227, 0x6A68, 0x6A68, 0x6226, 0x6A68, 0x6A67, 0x5A26, 0x5A27, 0x5A27,
    0x7288, 0x7AA9, 0x7AA9, 0x7AA8, 0x7A88, 0x7AA9, 0x82A9, 0x82A9, 0x82A9, 0x7A88, 0x7A88, 0x7A88,
    0x7A89, 0x82CA, 0x8AEB, 0x8B0B, 0x930B, 0x934B, 0xA3AD, 0xA3CD, 0xB40E, 0xB44F, 0xB44F, 0xB44F,
    0xB44F, 0xB470, 0xAC50, 0xAC50, 0x9C0E, 0x940E, 0x9C0E, 0x9C0E, 0x9BED, 0xA40D, 0x9BCC, 0x9BCC,
    0x9BED, 0x9C0D, 0x93ED, 0x9C2E, 0x9C2E, 0xDEB9, 0xFFFF, 0xEFBD, 0xEF9D, 0xEF7C, 0xE6FA, 0xE6FA,
    0xDEFB, 0xD6BB, 0xB5B8, 0x8CB3, 0x94D3, 0xE71B, 0xDED9, 0x94F3, 0xB617, 0xB5F8, 0xA575, 0x9D55,
    0x8CD3, 0x84B2, 0x84B2, 0x8492, 0x94D3, 0x8CD2, 0x634D, 0x8451, 0x94D3, 0x8CB3, 0x8C92, 0x8471,
    0x8471, 0x8471, 0x7C72, 0x7C72, 0x84B3, 0x6BD0, 0x6BD0, 0x6BD0, 0x63AF, 0x8CD4, 0xA599, 0x6C15,
    0x6BF5, 0x6BD4, 0x9435, 0x9414, 0x73B3, 0x6393, 0x5B72, 0x7C33, 0x9514, 0x8CB3, 0x8472, 0x7C31,
    0x94D3, 0x8492, 0x7C71, 0x8492, 0x84B2, 0x9514, 0xA575, 0x9D54, 0xADD6, 0xCE79, 0xCE79, 0xCE99,
    0xD699, 0xD6B9, 0xD6B9, 0xBDF6, 0x5B0C, 0x6B8E, 0x8CB2, 0x8C92, 0x8C92, 0x740F, 0x9D13, 0xB5B5,
    0xA575, 0xAD95, 0xBDF7, 0xE73C, 0xF7DE, 0xFFDE, 0xFFDE, 0xFFDE, 0xFFFE, 0xFFFE, 0xFFFE, 0xFFFE,
    0xFFFE, 0xFFFE, 0xFFDE, 0xFFDE, 0xFFFE, 0xFFFE, 0xFFFE, 0xFFFE, 0xFFFE, 0xFFFE, 0xFFFF, 0xFFFF,
    0xFFFF, 0xFFFE, 0xFFFE, 0xFFFF, 0xD6FC, 0xA579, 0x9D79, 0x9518, 0x8CD6, 0xA556, 0xD6DA, 0xE75C,
    0x9D54, 0x8CD3, 0x8CF3, 0x8CD3, 0x9D34, 0xBE58, 0xC699, 0xC699, 0xD6FA, 0xDF1B, 0xD6FB, 0xD6FA,
    0xCEBA, 0xCEB9, 0xCEBA, 0xCE99, 0xA575, 0x8CD3, 0x9514, 0x94F3, 0x9D54, 0xBE58, 0xCE99, 0xCE99,
    0xC658, 0xADD7, 0x9D75, 0xADD6, 0xCE99, 0xC678, 0xC658, 0xC678, 0xCEB9, 0xCEB9, 0xAD95, 0x8CB2,
    0x94F4, 0x94F3, 0x94F3, 0xB5B6, 0xC679, 0xD6BA, 0xCE99, 0xBE37, 0xBE58, 0xC658, 0xC679, 0xBE37,
    0xB5D6, 0xBE17, 0xC658, 0xC658, 0xE75C, 0xD6DA, 0x9514, 0x94F3, 0x8CB2, 0x9D34, 0x9D34, 0x9513,
    0x94F3, 0x8CB3, 0x8CB3, 0x9D55, 0x9D55, 0x9D14, 0x94D2, 0x840E, 0x7BEE, 0x7C0E, 0x842F, 0x8C70,
    0x62EA, 0x4A06, 0x51E6, 0x5A06, 0x6247, 0x6A68, 0x6A88, 0x6A88, 0x72A8, 0x5A47, 0x5206, 0x5A67,
    0x6268, 0x7288, 0x7268, 0x7A68, 0x7A88, 0x82A9, 0x82C9, 0x8AC9, 0x8AC9, 0x82C9, 0x8AC9, 0x8AEA,
    0x932C, 0x9B4C, 0xA36D, 0xABAE, 0xABEE, 0xB40F, 0xB40F, 0xB40F, 0xB42F, 0xB42F, 0xB44F, 0xB42F,
    0xB44F, 0xB470, 0xAC4F, 0xA44F, 0xA470, 0x9C2F, 0xA44F, 0x9C0E, 0x9C0D, 0x9BED, 0x9BED, 0x9BED,
    0x9C0D, 0x9C0D, 0x93EC, 0x9C2D, 0xA46F, 0xCE78, 0xDEFA, 0xDEFA, 0xEF3B, 0xEF1A, 0xDE99, 0xCE39,
    0xB5F9, 0xAD77, 0xAD16, 0xAD36, 0xA555, 0xD6FB, 0xC679, 0x9D35, 0xCEDB, 0xC679, 0xA576, 0x9D35,
    0x7C30, 0x7C30, 0xA575, 0xB5D7, 0x94D3, 0x8471, 0x636D, 0x8471, 0x94D3, 0x8CD3, 0x8C92, 0x8C91,
    0x8C91, 0x9D55, 0xA576, 0x7C52, 0x84B3, 0x6BF0, 0x7431, 0x7C31, 0x8CD4, 0xA5B8, 0x7456, 0x63F5,
    0x6BF6, 0x73F5, 0x8455, 0x73D4, 0x6BD4, 0x6BF4, 0x5B92, 0x7C73, 0x9513, 0x8CB2, 0x9514, 0x8C92,
    0xA554, 0x8C92, 0x7C51, 0x7C71, 0x63AF, 0x6BD0, 0x63AF, 0x7C72, 0x9D55, 0x84B3, 0x84B3, 0x7C71,
    0x8CB2, 0xC637, 0xDEFA, 0xBE17, 0x5B0B, 0x6BAE, 0x8CB2, 0x8C92, 0x8C92, 0x73EF, 0xC658, 0xEF7C,
    0xD6DA, 0xC637, 0xBDF7, 0xB5D6, 0xD6DA, 0xEF5C, 0xEF5B, 0xEF5B, 0xF79D, 0xF79D, 0xF7BD, 0xF7BD,
    0xF79D, 0xF7BD, 0xFFDD, 0xFFBD, 0xF7BD, 0xF7BD, 0xF79D, 0xF79D, 0xF7BD, 0xFFBD, 0xFFBD, 0xFFBD,
    0xFFBD, 0xFFBD, 0xFF9C, 0xCE79, 0x7C54, 0x7C74, 0xA536, 0x8C72, 0x8452, 0x9493, 0xA554, 0xBDF7,
    0x8CD2, 0x8CD3, 0x8CF3, 0x8CD3, 0x9514, 0xADD6, 0xB617, 0xB5F7, 0xB638, 0xC679, 0xC679, 0xC699,
    0xC658, 0xC658, 0xC679, 0xC678, 0xA575, 0x8CF3, 0x9514, 0x94F3, 0x9D54, 0xBE58, 0xCE99, 0xCEBA,
    0xCEDA, 0xADF7, 0x8CF3, 0x9D55, 0xCE99, 0xCEB9, 0xC658, 0xC658, 0xC678, 0xBE38, 0xA575, 0x8CD3,
    0x9514, 0x94F3, 0x94F3, 0xB5D6, 0xADD6, 0xADD6, 0xB617, 0xADB6, 0xB5F7, 0xA596, 0xA575, 0xBE58,
    0xC658, 0xCE99, 0xDEFA, 0xCEB9, 0xD6B9, 0xC658, 0x8CB2, 0x8492, 0x8CB3, 0x9D34, 0x9D34, 0x9514,
    0x94D2, 0x8451, 0x73F0, 0x9514, 0x9D14, 0x8C91, 0x8C70, 0x842E, 0x7C0E, 0x840E, 0x842F, 0x8C91,
    0x840F, 0x5227, 0x49E6, 0x51E6, 0x5A06, 0x6247, 0x6247, 0x6A88, 0x6A68, 0x6247, 0x49E6, 0x5A27,
    0x6268, 0x6A88, 0x7288, 0x7A88, 0x7A88, 0x82C9, 0x8AC9, 0x8AC9, 0x8AEA, 0x8AEA, 0x932B, 0xA38D,
    0xABAE, 0xA38D, 0xA3AE, 0xB40F, 0xB40F, 0xB430, 0xBC50, 0xBC70, 0xBC70, 0xB42F, 0xB44F, 0xB450,
    0xB450, 0xAC4F, 0xAC70, 0xA42F, 0xA44F, 0x9C4F, 0x9C4F, 0xA44F, 0xA42E, 0x9C0D, 0x9BED, 0x9BED,
    0x9C0D, 0x93EC, 0x940D, 0x9C4E, 0xACB0, 0xBDB5, 0xB5B6, 0xB5B5, 0xBDB6, 0xC595, 0xBD14, 0x8C94,
    0x9D17, 0xBD77, 0xB4D5, 0xACD4, 0x9D14, 0x9D75, 0x9534, 0x8CF3, 0x9D75, 0xA575, 0xA554, 0xAD95,
    0xBE17, 0xBE17, 0xCE78, 0xDEDA, 0xAD95, 0x94F3, 0x636D, 0x8491, 0x8CB3, 0x8CD3, 0x8471, 0x94D2,
    0xA575, 0xBE18, 0xC679, 0x9D55, 0xA576, 0x9D55, 0xA576, 0xBE39, 0xBE5A, 0x7C96, 0x63D5, 0x63D6,
    0x63D5, 0x63D5, 0x6BF5, 0x6BF5, 0x7415, 0x6BF4, 0x63B3, 0x8CB4, 0x9D34, 0x94F3, 0xA575, 0x94F3,
    0xA534, 0x8CD3, 0x8CD2, 0x94F4, 0x8472, 0x8492, 0x6BF0, 0x9514, 0xADB6, 0x6BF0, 0x63AF, 0x7C51,
    0xB5D6, 0xC637, 0xA533, 0x8450, 0x52CA, 0x73EF, 0x8CB2, 0x8C92, 0x8C72, 0x7BEF, 0xD6DA, 0xFFFE,
    0xD6B9, 0xAD54, 0xAD54, 0xBDD6, 0xBDF6, 0xBDF6, 0xC617, 0xC637, 0xCE78, 0xF7BD, 0xFFFE, 0xF7BD,
    0xC617, 0xBDF6, 0xE71A, 0xF7BD, 0xFFFE, 0xFFFE, 0xFFDE, 0xF79C, 0xEF3B, 0xEF3A, 0xEF3A, 0xEF3A,
    0xEF1A, 0xE6D9, 0xBDF6, 0x7C10, 0x6BAF, 0x9CF3, 0xA513, 0x8C52, 0x8452, 0x8430, 0xAD75, 0xC637,
    0x8CD2, 0x8CD3, 0x8CF3, 0x8CD3, 0x9514, 0xADF7, 0xB5F8, 0xA5B7, 0xA5B7, 0xADD8, 0xADF8, 0xADD8,
    0xADD7, 0xADF8, 0xADF8, 0xADF7, 0x9514, 0x94F3, 0x9514, 0x94F3, 0x9514, 0xA5B6, 0xADD7, 0xADF7,
    0xB618, 0xA596, 0x9515, 0x9514, 0xADB6, 0xADD7, 0xA576, 0xADD7, 0xC679, 0xC679, 0x9D55, 0x8CD3,
    0x9514, 0x94F3, 0x9514, 0xB5F7, 0xADD7, 0xA5B6, 0xB618, 0x9D76, 0xA5B6, 0xADB6, 0x9D55, 0xB617,
    0xBE38, 0xBE58, 0xD6DA, 0xD6FA, 0xD6DA, 0xC658, 0xADD6, 0x9D55, 0x8CB3, 0x9D34, 0x9D34, 0x94F3,
    0xB5F6, 0xDEFB, 0xAD95, 0x9D13, 0xA513, 0x9CD2, 0x94B1, 0x842F, 0x7C0E, 0x840F, 0x844F, 0x8C70,
    0x9CD2, 0x6B2B, 0x49E6, 0x49E6, 0x5206, 0x6247, 0x6247, 0x6A67, 0x6A67, 0x6A88, 0x5206, 0x5206,
    0x6268, 0x6247, 0x6A68, 0x82C9, 0x82C9, 0x82C9, 0x8AEA, 0x8AC9, 0x8ACA, 0x8AEA, 0x930B, 0x9B4C,
    0xA38D, 0xABAE, 0xABCE, 0xABCE, 0xABEF, 0xB42F, 0xBC70, 0xBC71, 0xB450, 0xB450, 0xB470, 0xB450,
    0xB470, 0xAC50, 0xAC4F, 0xAC90, 0xA470, 0xA470, 0xACB0, 0xA46F, 0x9C2E, 0x9C0D, 0x9C2D, 0x9C0D,
    0x940C, 0x93EC, 0x940D, 0x9C4E, 0xACD1, 0xC637, 0xCE58, 0xCE78, 0xCE58, 0xD638, 0xCE18, 0xB61A,
    0xCE9B, 0xDEDB, 0xDE9A, 0xCE79, 0xCE9A, 0xD6BA, 0xCEBA, 0xD6DA, 0xD6FB, 0xDF3C, 0xE75C, 0xEF9D,
    0xF7BD, 0xF79D, 0xEF7D, 0xF79D, 0xF7DE, 0xDF3B, 0x73EF, 0x8491, 0x8CD3, 0x8CD3, 0x8471, 0xB617,
    0xF7DE, 0xF7BE, 0xF7DE, 0xF7DE, 0xF7BE, 0xF7DE, 0xF7DE, 0xFFFF, 0xDF1C, 0x8CF8, 0x6C16, 0x63D6,
    0x63F6, 0x5BD6, 0x5BB5, 0x63F5, 0x6C15, 0x63D4, 0x63D3, 0xA577, 0xDEFB, 0xD6DB, 0xC679, 0xC659,
    0xBE38, 0xC658, 0xD6DA, 0xCEBA, 0xCE79, 0xCE79, 0xB5F7, 0x9D34, 0xADD6, 0x7C30, 0x9D33, 0xCE57,
    0xBDD5, 0x8C91, 0x73AE, 0x6B8D, 0x52CA, 0x73EF, 0x8CB2, 0x8C92, 0x8471, 0x73EF, 0x94F2, 0xB5D6,
    0xB595, 0xB595, 0xA553, 0xC616, 0xCE36, 0xAD53, 0x9CF2, 0x9D12, 0xBDF6, 0xF79C, 0xF77C, 0xC5F5,
    0xA4F2, 0x9491, 0x8C70, 0x9CF2, 0xCE57, 0xE75B, 0xEF7B, 0xDED9, 0xC616, 0xC616, 0xC5F6, 0xBDB4,
    0xC5F6, 0xAD33, 0x8C50, 0x9CF2, 0x9CB1, 0xBDD5, 0xAD54, 0x7BEF, 0x9CD3, 0x8C50, 0xB5B5, 0xC5F5,
    0x84B2, 0x8CF3, 0x9514, 0x8CD3, 0x9514, 0xADD7, 0xADD7, 0x9D56, 0x9556, 0x9556, 0x9D76, 0x9556,
    0x9556, 0x9D97, 0xA597, 0x9D76, 0x8CD3, 0x94F3, 0x9514, 0x94F3, 0x9534, 0xA596, 0xA5B7, 0xA5B7,
    0xA597, 0x9D76, 0x9535, 0x9514, 0xADF7, 0xADF7, 0xA5B6, 0xB5F8, 0xC679, 0xC679, 0x9D55, 0x8CD3,
    0x9514, 0x94F3, 0x9514, 0xB618, 0xADF7, 0xADD7, 0xBE59, 0xA596, 0xADD7, 0xADD7, 0x9D76, 0xA575,
    0xA5B6, 0xBE38, 0xBE58, 0xB617, 0xBE58, 0xC679, 0xC658, 0xA575, 0x8CB2, 0x9D34, 0x9D34, 0x94F3,
    0xC658, 0xEF5C, 0xCE98, 0xC657, 0xB5B5, 0xA512, 0x94B1, 0x842F, 0x840E, 0x842E, 0x844F, 0x8C70,
    0x94D2, 0x9491, 0x4A27, 0x49E6, 0x49E5, 0x5206, 0x5A26, 0x6247, 0x6247, 0x6A68, 0x5A27, 0x49E6,
    0x5227, 0x5A27, 0x6A88, 0x72A9, 0x82EA, 0x8B2A, 0x932A, 0x930A, 0x92EA, 0x9B2B, 0x9B4C, 0x9B2C,
    0xAB8E, 0xABAE, 0xABAE, 0xABCE, 0xB40F, 0xB40F, 0xB450, 0xBC70, 0xB470, 0xB450, 0xAC50, 0xAC4F,
    0xAC50, 0xAC4F, 0xAC70, 0xA470, 0xA470, 0x9C4F, 0xAC90, 0xA46F, 0xA44E, 0x9C0D, 0x9C2D, 0x9C2D,
    0x9C2D, 0x940D, 0x9C2D, 0x9C4E, 0xB533, 0xF7BE, 0xFFDF, 0xF7DF, 0xFFDF, 0xFFFF, 0xFFFF, 0xFFFF,
    0xFFFF, 0xFFFF, 0xFFFF, 0xFFFF, 0xFFFF, 0xFFFF, 0xFFFF, 0xFFFF, 0xFFFF, 0xFFFF, 0xFFFF, 0xFFFF,
    0xFFFF, 0xFFFF, 0xFFFF, 0xFFFF, 0xFFFF, 0xE75C, 0x7C0F, 0x8C92, 0x8CB2, 0x8CD2, 0x7C51, 0xC659,
    0xFFFF, 0xFFDF, 0xFFDF, 0xFFDF, 0xF7DF, 0xF7DF, 0xF7DF, 0xFFDF, 0xF7DF, 0xADDA, 0x84D8, 0x7C98,
    0x6C58, 0x6417, 0x5BD6, 0x63D6, 0x7457, 0x8CD7, 0x9D57, 0xB619, 0xD6BA, 0xC659, 0x9D55, 0x84B2,
    0x8472, 0xBE38, 0xD6DA, 0xA554, 0xA554, 0xBDD6, 0xD698, 0xA533, 0xAD54, 0xB594, 0xD698, 0xCE37,
    0xA513, 0xB595, 0xAD74, 0x8430, 0x52CA, 0x7C30, 0x8CB2, 0x8C92, 0x8C71, 0x7BEF, 0x73EF, 0x8471,
    0xA554, 0xA554, 0xA513, 0xB594, 0xBDD5, 0xCE36, 0xA512, 0xA533, 0xC616, 0xC5D5, 0xCDD4, 0xACF1,
    0xAD12, 0x840F, 0x9CF2, 0xCE57, 0xCE57, 0xAD53, 0x8450, 0x8450, 0xA512, 0xCE57, 0xB594, 0xA4F2,
    0xD677, 0xCE16, 0xB573, 0xC5B4, 0xAD33, 0xB594, 0xB574, 0xAD33, 0xC616, 0xAD33, 0xA4F2, 0xB553,
    0x94F3, 0x8CF3, 0x9514, 0x8CD3, 0x9534, 0xADF7, 0xADD7, 0x9D76, 0x9D77, 0x9D56, 0x9D76, 0x9536,
    0x8D35, 0x9556, 0x9515, 0x8D15, 0x84B3, 0x9514, 0x9514, 0x94F3, 0x9514, 0x9D76, 0x9D76, 0x9D55,
    0x9555, 0x9555, 0x9535, 0x9515, 0xADF8, 0xADF8, 0xA5B7, 0xB618, 0xC679, 0xBE79, 0x9514, 0x8CD3,
    0x9514, 0x94F3, 0x9514, 0xB618, 0xADD7, 0xADD7, 0xBE59, 0xA5B6, 0xADD7, 0xADF7, 0xA596, 0xA596,
    0xA5B7, 0xBE79, 0xB638, 0x8CF3, 0xA596, 0xCE99, 0xCE99, 0x9D54, 0x8CD2, 0x9D54, 0x9D34, 0x9513,
    0xC657, 0xD6DA, 0xD6B9, 0xDF1A, 0xD6B9, 0xD699, 0xA533, 0x7C0E, 0x842E, 0x842F, 0x844F, 0x8C70,
    0x94B1, 0xA533, 0x6B4B, 0x49E6, 0x49C6, 0x41C5, 0x5206, 0x5A27, 0x6247, 0x6A68, 0x6267, 0x5206,
    0x5206, 0x5227, 0x6267, 0x72A9, 0x7AE9, 0x830A, 0x8B2B, 0x8B0A, 0x8AEA, 0x930B, 0x930B, 0x9B4C,
    0xA38D, 0xA38D, 0xA38D, 0xA3AD, 0xABEE, 0xABEE, 0xAC0E, 0xB42F, 0xB450, 0xB470, 0xA40E, 0xAC4F,
    0xAC70, 0xA42F, 0xA470, 0xA44F, 0xA46F, 0xA46F, 0xA490, 0xA44E, 0x9C2E, 0x9C0D, 0x9C4D, 0x9C2D,
    0x9C2D, 0x9C2D, 0x9C6E, 0xA46F, 0xB554, 0xFFFF, 0xFFDF, 0xF7DF, 0xF7DF, 0xF7DF, 0xF7DF, 0xF7BE,
    0xF7BE, 0xF7BF, 0xF7BF, 0xF7BF, 0xEF9F, 0xEFBF, 0xEFBE, 0xEF9E, 0xEF9E, 0xEF9E, 0xEF9E, 0xEF9E,
    0xEF9E, 0xEF9E, 0xEF9E, 0xE77E, 0xEF9E, 0xC67A, 0x6BCE, 0x8CB2, 0x8CB2, 0x8CD3, 0x7C51, 0xB5F7,
    0xEF9E, 0xE77E, 0xE77E, 0xE77E, 0xE75E, 0xDF5D, 0xDF5D, 0xE75D, 0xE73D, 0x9558, 0x7477, 0x7CB8,
    0x6437, 0x6437, 0x6C37, 0x84B7, 0xA578, 0xB5D8, 0xB5F8, 0xB5D7, 0xB5F7, 0xBDF7, 0xB5D6, 0xB5B5,
    0xB5B5, 0xC658, 0xDED9, 0xCE58, 0xC637, 0xC616, 0xCE16, 0xCE16, 0xCE36, 0xCE36, 0xCE36, 0xBDD5,
    0xB594, 0xCE36, 0xCE57, 0x8C91, 0x52CA, 0x8430, 0x8C92, 0x8C91, 0x8451, 0x7C0F, 0x94D2, 0xA533,
    0xAD73, 0x9CF1, 0x9CF1, 0xA532, 0xB573, 0xCE56, 0xCE16, 0xCE16, 0xBDD5, 0x9CB1, 0xAD12, 0xBD73,
    0xB553, 0x8C4F, 0xA512, 0xC5F5, 0xB593, 0x8C70, 0x8430, 0x9CF2, 0xB594, 0xC5D5, 0xAD33, 0xA4F2,
    0xB573, 0xCDF5, 0xBD93, 0xC5B4, 0xD636, 0xD677, 0xDE77, 0xDE97, 0xDE77, 0xDE97, 0xDE97, 0xE6B7,
    0x9D54, 0x8CF3, 0x9514, 0x8CD3, 0x9D55, 0xB618, 0xB618, 0xADD7, 0xADD7, 0xA5D7, 0xA5D7, 0x9D96,
    0x9555, 0x9535, 0x9515, 0x8CF4, 0x84B3, 0x9514, 0x9514, 0x94F3, 0x9D34, 0xA596, 0x9D96, 0x9D55,
    0x9D76, 0x9535, 0x9515, 0x9515, 0xADF8, 0xADF8, 0xA596, 0xADF7, 0xC679, 0xBE59, 0x94F3, 0x8CD3,
    0x9514, 0x94F3, 0x9514, 0xB618, 0xADD7, 0xADD7, 0xBE59, 0xA596, 0xADD7, 0xADD7, 0xA5B6, 0xA596,
    0xA5B6, 0xC679, 0xBE79, 0x84D3, 0x9534, 0xC679, 0xCEBA, 0x9D54, 0x8CD3, 0x9D35, 0x9D14, 0x9D33,
    0xD6B9, 0xE73B, 0xE71B, 0xDF1A, 0xD6B9, 0xD6D9, 0xA533, 0x7C0E, 0x842F, 0x842F, 0x8C4F, 0x8C90,
    0x94B1, 0xA534, 0x840F, 0x41E6, 0x41C6, 0x41A5, 0x49C5, 0x51E6, 0x5A47, 0x5A47, 0x5A47, 0x5A47,
    0x49E6, 0x5207, 0x6268, 0x6AA9, 0x72A9, 0x72A9, 0x82EA, 0x8B0A, 0x8AEA, 0x930B, 0x932B, 0x9B4C,
    0x932C, 0x9B8D, 0x9B6C, 0x932B, 0x9B8D, 0xA3CD, 0xABEE, 0xAC0E, 0xAC2F, 0xA42F, 0xA40E, 0xA40F,
    0xAC70, 0xA44F, 0xA44F, 0xA470, 0x9C2E, 0x9C4F, 0xA44F, 0xA44E, 0x9C0D, 0x9C2D, 0x9C2D, 0x942D,
    0x940D, 0x9C4E, 0xA46F, 0xA490, 0xB554, 0xE75D, 0xDF3D, 0xCEBC, 0xD71D, 0xCEFC, 0xD71C, 0xDF5D,
    0xDF5D, 0xDF3D, 0xDF3D, 0xDF3D, 0xDF3D, 0xDF3D, 0xDF3D, 0xDF3D, 0xD73D, 0xD73D, 0xD73D, 0xD73D,
    0xD71D, 0xD71D, 0xD71D, 0xD71D, 0xDF3D, 0xADD7, 0x6BAE, 0x8CB3, 0x8CB3, 0x8CD3, 0x8451, 0xA5B6,
    0xD71D, 0xD71C, 0xD71C, 0xD6FC, 0xD6FC, 0xCEFC, 0xD6DC, 0xD6FC, 0xCE9B, 0x84B6, 0x63F6, 0x7C77,
    0x7C96, 0x7C76, 0x84B6, 0xAD97, 0xBDF7, 0xBDF7, 0xB5D6, 0xB595, 0xB5B5, 0xC616, 0xC5F6, 0xBDD5,
    0xC616, 0xCE16, 0xC616, 0xBDF6, 0xAD74, 0xA512, 0xCE16, 0xDEB8, 0xE6B8, 0xE6B8, 0xE6B8, 0xDE98,
    0xE6B8, 0xE6D9, 0xD678, 0x9CD2, 0x52EB, 0x8451, 0x8C92, 0x8C92, 0x8450, 0x8C50, 0xDE98, 0xE6D8,
    0xE6B8, 0xE6D8, 0xE6D8, 0xE6B8, 0xE697, 0xDE97, 0xDE97, 0xD636, 0xC5F5, 0xCE15, 0xCE15, 0xD615,
    0xBD73, 0xC5D5, 0xD677, 0xD657, 0xC5D5, 0xBDB4, 0xCE36, 0xD677, 0xD657, 0xCE16, 0xCE16, 0xCE16,
    0xBD93, 0xCE15, 0xD656, 0xD656, 0xD656, 0xD656, 0xD656, 0xD656, 0xDE76, 0xDE76, 0xDE76, 0xDE76,
    0x9D54, 0x8CF3, 0x9514, 0x94F3, 0xA575, 0xBE38, 0xBE38, 0xB638, 0xBE38, 0xBE59, 0xBE59, 0xBE38,
    0xB618, 0xB618, 0xB638, 0xB5F7, 0x94F4, 0x94F4, 0x9514, 0x94F3, 0xA575, 0xB5F7, 0xADD7, 0x9D76,
    0x9D96, 0x9D55, 0x8D14, 0x8D14, 0xADD7, 0xADF8, 0xA596, 0xADD7, 0xC679, 0xBE59, 0x94F3, 0x8CD3,
    0x9514, 0x94F3, 0x9D34, 0xBE38, 0xADD7, 0xADD7, 0xBE39, 0xA596, 0xADB7, 0xA5B6, 0xA596, 0xA575,
    0xA596, 0xBE79, 0xC699, 0x8CF3, 0x9534, 0xC679, 0xCEBA, 0x9D34, 0x94D3, 0x9D34, 0x9D14, 0x9D33,
    0xCE99, 0xDEFA, 0xDF1B, 0xDF1B, 0xD6B9, 0xD6B9, 0x9D12, 0x7C0E, 0x840E, 0x842E, 0x8C4F, 0x8C91,
    0x94B1, 0xA513, 0x9471, 0x4A27, 0x41A5, 0x41A5, 0x41C5, 0x49C5, 0x5206, 0x5A47, 0x5A67, 0x5A47,
    0x49E6, 0x49E6, 0x5A47, 0x6248, 0x6A88, 0x72A9, 0x72A9, 0x82CA, 0x82EA, 0x8B0A, 0x934C, 0x932B,
    0x932B, 0x9B6C, 0x932B, 0x8AEA, 0x932B, 0x9B6C, 0x9B8C, 0xA3CD, 0x9BED, 0x9BCD, 0x9BEE, 0x9BEE,
    0x9C0E, 0xA44F, 0xA44F, 0xA46F, 0x940E, 0x9C4F, 0x9C4E, 0x9C4E, 0x9C2D, 0x940D, 0x940D, 0x940C,
    0x9C2D, 0x9C4E, 0xA46F, 0xACB0, 0xB554, 0xC69B, 0xC6BB, 0xADF9, 0xB63A, 0xBE5A, 0xC69B, 0xD71D,
    0xD6FC, 0xD6FC, 0xD6FC, 0xD6FC, 0xD6FC, 0xD6FC, 0xD6FC, 0xD6FC, 0xD6FC, 0xCEDC, 0xCEDC, 0xCEDC,
    0xCEDC, 0xCEDC, 0xCEDB, 0xCEDB, 0xD6FC, 0xA576, 0x6BCE, 0x94D3, 0x8CB3, 0x8CB3, 0x8451, 0xADB6,
    0xCEBB, 0xCEBB, 0xCE9B, 0xC69B, 0xCE9A, 0xC69A, 0xCE9B, 0xD69A, 0xB5D8, 0x7434, 0x6C15, 0x84B6,
    0x94F6, 0x8CB5, 0x94B4, 0xA554, 0xB594, 0xAD33, 0xA533, 0xB594, 0xD677, 0xE6B8, 0xDE97, 0xD677,
    0xDE97, 0xE6B8, 0xDE97, 0xD677, 0xD677, 0xD677, 0xDEB7, 0xE6D8, 0xE6D8, 0xEED8, 0xEED8, 0xEED9,
    0xEEF9, 0xD657, 0xCDF6, 0xA512, 0x5B0B, 0x8471, 0x8C91, 0x8C91, 0x7C30, 0x8C91, 0xE6D8, 0xEF19,
    0xEEF9, 0xEEF8, 0xEEF8, 0xEEF9, 0xEEF9, 0xEEF9, 0xEEF9, 0xDE77, 0xD656, 0xE6B7, 0xE6B7, 0xDE76,
    0xC5D4, 0xC5D5, 0xD656, 0xDE77, 0xDE77, 0xD676, 0xD656, 0xD656, 0xDE76, 0xDE56, 0xDE77, 0xDEB7,
    0xE6B8, 0xE6D8, 0xE6D8, 0xE6B8, 0xE6B8, 0xE6B8, 0xE6B7, 0xE6B7, 0xE6B7, 0xE6B8, 0xE6B8, 0xE6B8,
    0x9D34, 0x94F3, 0x9514, 0x8CD3, 0xA575, 0xBE38, 0xBE38, 0xB617, 0xB617, 0xB618, 0xBE38, 0xBE38,
    0xB617, 0xB617, 0xBE37, 0xB617, 0x9514, 0x9514, 0x9514, 0x94F3, 0xA595, 0xBE38, 0xBE38, 0xADD7,
    0xADB6, 0xADD7, 0xA5B6, 0x9D55, 0xADB7, 0xADF8, 0xA5B7, 0xADD7, 0xBE59, 0xBE59, 0x8CF3, 0x8CD3,
    0x9514, 0x94F3, 0x9D34, 0xBE18, 0xADB6, 0xADB6, 0xB618, 0xA575, 0xA596, 0x9D55, 0x9D34, 0x9535,
    0x9D76, 0xBE79, 0xC69A, 0x8CF3, 0x9514, 0xC658, 0xCEB9, 0x9513, 0x94D3, 0x9D34, 0x9D34, 0x9D33,
    0xCE99, 0xDEFA, 0xDF1B, 0xDF1A, 0xD6B9, 0xD6B9, 0x9CF2, 0x7C0E, 0x842F, 0x842F, 0x8C70, 0x9491,
    0x94D2, 0x9D13, 0x9CD2, 0x5A88, 0x41E5, 0x39A5, 0x39A5, 0x39A5, 0x49E5, 0x5226, 0x5206, 0x5247,
    0x5227, 0x41C5, 0x49E6, 0x5A47, 0x6268, 0x6A88, 0x6A68, 0x72A9, 0x7ACA, 0x82CA, 0x82EA, 0x8B0A,
    0x934B, 0x8B2B, 0x82EA, 0x82EA, 0x82EA, 0x8B0A, 0x938C, 0x9BAC, 0x938C, 0x93AD, 0x9BEE, 0x9BEE,
    0x93ED, 0x9C4F, 0x9C2F, 0x9C2F, 0x942E, 0x940E, 0x9C2E, 0x9C2D, 0x940D, 0x93EC, 0x93EC, 0x942D,
    0x9C4E, 0xA46E, 0xA46F, 0xACB0, 0xBD74, 0xCEBB, 0xCEBB, 0xC69B, 0xC69B, 0xC67B, 0xC69B, 0xC67B,
    0xC67A, 0xC67B, 0xC69B, 0xC69B, 0xC69A, 0xC67A, 0xC69A, 0xC67A, 0xC69A, 0xC69A, 0xC69A, 0xC67A,
    0xC67A, 0xC67A, 0xC67A, 0xCE9A, 0xCEBB, 0x94F4, 0x6BCE, 0x94D3, 0x8CD3, 0x8CB3, 0x8451, 0xADB6,
    0xCEBB, 0xCE9A, 0xCE9A, 0xCE9A, 0xCEBB, 0xCE9A, 0xD679, 0xCE18, 0x9CF5, 0x7C75, 0x7455, 0x7C54,
    0x8C94, 0x7C32, 0x8432, 0x9492, 0xA513, 0xBD94, 0xCE36, 0xE6D8, 0xEEF9, 0xEEF9, 0xEED8, 0xEED8,
    0xE6D8, 0xE6D8, 0xEED8, 0xEEF8, 0xEED8, 0xEED8, 0xEED8, 0xEED8, 0xE6D8, 0xE6B8, 0xE6B8, 0xEED8,
    0xDE78, 0xB553, 0xD677, 0xA4F2, 0x5B0B, 0x8C71, 0x8C91, 0x8C91, 0x7C10, 0x9491, 0xE6D8, 0xEEF8,
    0xEED8, 0xEED8, 0xEED8, 0xEED8, 0xEED8, 0xEED8, 0xEED8, 0xEED8, 0xE6D8, 0xEEF8, 0xEEF8, 0xEEF8,
    0xEEF8, 0xEEF8, 0xE6D8, 0xEED8, 0xEED8, 0xEED8, 0xEED8, 0xEED8, 0xEED8, 0xEED8, 0xEEF8, 0xEEF8,
    0xEEF8, 0xEEF8, 0xEED8, 0xEED8, 0xEED8, 0xEED8, 0xEED8, 0xEED8, 0xEED8, 0xEED8, 0xEED8, 0xEED8,
    0x8CB2, 0x9514, 0x9514, 0x8CB2, 0x94F3, 0xA596, 0xA596, 0xA555, 0x9D34, 0xA554, 0xADB5, 0xADB5,
    0xA595, 0x9D13, 0x9D33, 0x9D13, 0x8CB2, 0x9514, 0x9513, 0x94F3, 0x9514, 0x9D54, 0x9D55, 0xA575,
    0xADD6, 0xADB6, 0xA595, 0x9D75, 0xADD7, 0xADF8, 0xADD7, 0xB638, 0xBE79, 0xADF7, 0x8CB2, 0x94F3,
    0x9514, 0x94F3, 0x9D13, 0xADB5, 0xA575, 0xA575, 0x9D54, 0xA554, 0xA575, 0x94F3, 0x9D34, 0x9D13,
    0x9D13, 0xADD6, 0xA5B6, 0x84B2, 0x9D34, 0xBE38, 0xC679, 0x94F3, 0x94F3, 0x9D34, 0x9D14, 0x9D54,
    0xD6B9, 0xDF1A, 0xDF1B, 0xDEFA, 0xD6B9, 0xD6B9, 0x94D1, 0x7C0E, 0x842F, 0x844F, 0x8C70, 0x8C91,
    0x94B1, 0x9CF3, 0x9CF3, 0x62C9, 0x4A06, 0x39A5, 0x3984, 0x3984, 0x39A4, 0x49E5, 0x5206, 0x5247,
    0x4A26, 0x41E6, 0x41E6, 0x4A06, 0x5227, 0x5A47, 0x6268, 0x6A68, 0x6A68, 0x7AA9, 0x82EA, 0x82EA,
    0x8B0A, 0x830A, 0x830A, 0x830A, 0x7AE9, 0x82E9, 0x8B2A, 0x8B2A, 0x8B8C, 0x8B8C, 0x93CD, 0x93ED,
    0x93ED, 0x93EE, 0x93ED, 0x8BCD, 0x942E, 0x942E, 0x940D, 0x940C, 0x8BEC, 0x8BEC, 0x940D, 0x940D,
    0x9C4E, 0xA46E, 0xAC90, 0xACB1, 0xBD95, 0xD6BB, 0xCE9B, 0xCE9B, 0xCE9B, 0xCE9B, 0xC69A, 0xC69B,
    0xC69A, 0xCE9B, 0xCEBB, 0xCEBB, 0xCEDB, 0xCEBB, 0xD6DB, 0xD6DB, 0xD6DB, 0xD6DB, 0xD6DB, 0xD6FB,
    0xD6FC, 0xD6FC, 0xD6FC, 0xD6FC, 0xDF1C, 0x9514, 0x73CF, 0x94D3, 0x8CD3, 0x8CB2, 0x8471, 0xBE18,
    0xDF1C, 0xDEFB, 0xDEFB, 0xDEDB, 0xD6DB, 0xD699, 0xD638, 0xAD35, 0x8474, 0x7C54, 0x6BD2, 0x73F1,
    0x8452, 0x7C10, 0x9491, 0xB574, 0xD657, 0xE6D9, 0xE6F9, 0xE6D8, 0xE6B8, 0xE6B8, 0xE6B8, 0xE6B8,
    0xE6B8, 0xE6B8, 0xE6B8, 0xE6B8, 0xE6B8, 0xE6B8, 0xE6B8, 0xE6D8, 0xE6D8, 0xE6D8, 0xE6D8, 0xD657,
    0xB533, 0xCE16, 0xEF3A, 0x9CD1, 0x5B0B, 0x8C71, 0x8C91, 0x8C92, 0x7C0F, 0x9CD2, 0xE6D8, 0xE6B8,
    0xE697, 0xE6B7, 0xE697, 0xE6B7, 0xE6B7, 0xE6B7, 0xE6B7, 0xE6B7, 0xE6B7, 0xE6B7, 0xE6B8, 0xE6B8,
    0xE6D8, 0xE6D8, 0xE6D8, 0xE6D8, 0xE6D8, 0xE6B8, 0xE6B8, 0xE6B8, 0xE6B8, 0xE6B8, 0xE6D8, 0xE6B8,
    0xE6B8, 0xE6B8, 0xE6D8, 0xE6D8, 0xE6D8, 0xEED8, 0xEED8, 0xEED8, 0xEED8, 0xEED8, 0xEEF8, 0xEEF8,
    0x8CB2, 0x9514, 0x9514, 0x8CB2, 0x8471, 0x8C92, 0x8C92, 0x8492, 0x8C92, 0x9D34, 0xBDF6, 0xAD95,
    0xA554, 0x94F2, 0xA574, 0xA574, 0x8C92, 0x9534, 0x9513, 0x94F3, 0x8491, 0x8C91, 0xA554, 0xB5D6,
    0xB5D6, 0x94F3, 0x7430, 0x8CD3, 0xADD7, 0xADF8, 0xADD7, 0xADF7, 0xB618, 0x9514, 0x8471, 0x94F3,
    0x9514, 0x94F3, 0x9D13, 0xAD94, 0xBDF6, 0xCE99, 0xB5D6, 0xA595, 0x9D54, 0x7C50, 0xAD95, 0xCE57,
    0xAD94, 0x94D2, 0x8491, 0x8491, 0x9D14, 0xBE37, 0xC678, 0x94F3, 0x94F3, 0x9D34, 0x9513, 0xA554,
    0xD6DA, 0xDEFA, 0xDEFA, 0xDEFA, 0xCE98, 0xCE78, 0x8C91, 0x7C0E, 0x842F, 0x844F, 0x8C70, 0x9491,
    0x94B2, 0x9CF3, 0x9CF3, 0x62CA, 0x4A06, 0x41A5, 0x3984, 0x3984, 0x3984, 0x39A5, 0x49E5, 0x5226,
    0x4A26, 0x41E6, 0x41E6, 0x41E6, 0x4A06, 0x49E6, 0x5206, 0x6247, 0x6227, 0x6A47, 0x7288, 0x7AC9,
    0x7AC9, 0x7AC9, 0x7AC9, 0x7AE9, 0x72C9, 0x7AC9, 0x82E9, 0x7AE9, 0x834B, 0x832B, 0x8B6B, 0x8BAD,
    0x8BAC, 0x8BCD, 0x8BED, 0x8BCD, 0x942E, 0x93ED, 0x8BCC, 0x8BEC, 0x8BAB, 0x940D, 0x9C2D, 0x9C2D,
    0xA44E, 0xA46E, 0xACB0, 0xACB0, 0xC5B5, 0xDF1C, 0xD6DB, 0xD6DB, 0xD6DB, 0xD6DB, 0xD6DB, 0xD6DB,
    0xD6DB, 0xD6DB, 0xD6DB, 0xD6FC, 0xD6FC, 0xD6FC, 0xD6FC, 0xDEFC, 0xDEFC, 0xDEFC, 0xD6FC, 0xD6FC,
    0xDEFC, 0xDEFC, 0xDEFC, 0xDEFC, 0xDF1C, 0x8CD3, 0x73EF, 0x94F3, 0x8CD3, 0x8CB2, 0x8471, 0xBE18,
    0xD6DB, 0xD6BA, 0xD699, 0xD678, 0xD637, 0xC5B5, 0xA4D2, 0x73D0, 0x6BD2, 0x6BF1, 0x73F1, 0x8C92,
    0xA534, 0xBDD6, 0xD678, 0xE6D9, 0xE6F9, 0xE6FA, 0xEF1A, 0xE71A, 0xEF1A, 0xEF1A, 0xEF3A, 0xEF3A,
    0xEF3A, 0xF75B, 0xF77B, 0xF77B, 0xF77B, 0xF77B, 0xF77B, 0xF77B, 0xEF3A, 0xF75A, 0xE6D9, 0xBDB4,
    0xCE16, 0xF73A, 0xF73A, 0x94B0, 0x5B0B, 0x8C91, 0x8C91, 0x8C92, 0x7C0F, 0xA512, 0xEEF8, 0xE6D8,
    0xE6D8, 0xE6D8, 0xE6B8, 0xE6B8, 0xE6B8, 0xE6B8, 0xE6B8, 0xE6B8, 0xE6B8, 0xE6B8, 0xE6B8, 0xE6B8,
    0xE6B8, 0xE6B8, 0xE6D8, 0xE6D8, 0xE6D8, 0xE6D8, 0xE6D8, 0xE6D8, 0xE6D8, 0xE6D8, 0xE6D8, 0xEED8,
    0xEED8, 0xEED8, 0xEED8, 0xEED8, 0xEED8, 0xEED8, 0xEED8, 0xEEF8, 0xEEF8, 0xEEF9, 0xEEF9, 0xEEF9,
    0x94F3, 0x94F3, 0x94F3, 0x8CD3, 0xA575, 0xB5F7, 0xB5D6, 0xAD95, 0xB5F6, 0xD6FA, 0xDF1B, 0xC637,
    0x9D54, 0xADB5, 0xBE16, 0xA574, 0x8CB2, 0x9514, 0x9513, 0x94D2, 0xA574, 0xB5D5, 0xB5D6, 0xBDF6,
    0x9D13, 0x8CB2, 0x8CD2, 0x9D54, 0xA596, 0x9535, 0x9D76, 0xBE38, 0xBE17, 0x9513, 0x8471, 0x94F4,
    0x9513, 0x94F3, 0xAD95, 0xC637, 0xCE57, 0xDF1A, 0xBE17, 0x8C91, 0x8CB2, 0x8471, 0xB5B5, 0xCE57,
    0xB5B5, 0xB5B5, 0xB5D6, 0xADB5, 0x9D33, 0xB5D6, 0xC658, 0x94F3, 0x9513, 0x9D54, 0x9D14, 0x9D13,
    0xB594, 0xCE56, 0xD697, 0xC616, 0xC616, 0xC616, 0x8C70, 0x840F, 0x842F, 0x8C4F, 0x8C70, 0x8C91,
    0x94D2, 0x9CF2, 0xA533, 0x734C, 0x5206, 0x49E5, 0x39A5, 0x3984, 0x3984, 0x3984, 0x39A5, 0x49E6,
    0x4A06, 0x41C5, 0x39A5, 0x41E6, 0x41A5, 0x4A07, 0x4A06, 0x51E6, 0x51E6, 0x5A06, 0x6247, 0x6A68,
    0x7288, 0x6A88, 0x6A68, 0x6A88, 0x72C9, 0x6A88, 0x72A8, 0x72A9, 0x830A, 0x7B0A, 0x7B2A, 0x834B,
    0x838C, 0x838C, 0x8BAD, 0x83AC, 0x8BED, 0x8BEC, 0x8BCC, 0x8BCC, 0x8BEC, 0x942D, 0x9C2D, 0xA44E,
    0xA46F, 0xAC8F, 0xACB0, 0xACB0, 0xC5D6, 0xDEFB, 0xD6BB, 0xCEBA, 0xCEBA, 0xCEBA, 0xCEBA, 0xCEBB,
    0xCEBB, 0xCEBB, 0xCEBB, 0xCEBB, 0xCEBB, 0xCEBB, 0xCEBA, 0xCEBA, 0xCEBA, 0xCEBA, 0xCEBA, 0xD6BA,
    0xD6BA, 0xD6BA, 0xD6BA, 0xD6DA, 0xD6DA, 0x8471, 0x7C0F, 0x94F3, 0x94D3, 0x8CB2, 0x8491, 0xCE99,
    0xDF1B, 0xDEFA, 0xDEDA, 0xE6D9, 0xE6D9, 0xDE98, 0xCE58, 0xCE79, 0xCEBA, 0xD6DA, 0xE73B, 0xEF7C,
    0xF7BC, 0xFFBD, 0xF7BD, 0xF7BC, 0xFFBD, 0xFFBD, 0xFFBD, 0xFFBC, 0xFF9C, 0xFF9C, 0xFF9C, 0xFF9C,
    0xFF9C, 0xF79B, 0xF77B, 0xF77B, 0xF75B, 0xF75A, 0xEF3A, 0xEF19, 0xE6F8, 0xEEF9, 0xE6D8, 0xE6D9,
    0xEF19, 0xEF19, 0xEEF9, 0x8C4F, 0x634C, 0x8C92, 0x8C91, 0x8C92, 0x7C0F, 0xAD33, 0xEEF8, 0xE6D8,
    0xE6B7, 0xE6B7, 0xE6B7, 0xE6B7, 0xE6B8, 0xE6B8, 0xE6B8, 0xE6D8, 0xE6D8, 0xE6B8, 0xE6B8, 0xE6B8,
    0xE6B8, 0xE6B8, 0xE6D8, 0xE6D8, 0xE6D8, 0xE6D8, 0xE6D8, 0xE6D8, 0xE6D8, 0xE6D8, 0xE6D8, 0xEED8,
    0xEED8, 0xEED8, 0xEED8, 0xEED8, 0xEED8, 0xEED8, 0xEED8, 0xEED8, 0xEEF8, 0xEEF8, 0xEEF9, 0xEEF9,
    0x8CB2, 0x8CF3, 0x8CF3, 0x8CD3, 0xADB5, 0xD6DA, 0xC637, 0xAD94, 0xD6B8, 0xF7BD, 0xF79C, 0xEF7B,
    0xAD95, 0x9D54, 0xC637, 0xBDF6, 0x94F3, 0x9513, 0x9513, 0x94D2, 0xB5F6, 0xC657, 0xA554, 0xAD54,
    0x9D54, 0x8CD3, 0x94F2, 0xAD95, 0x9D54, 0x7451, 0x9D55, 0xBE38, 0xADB6, 0x9D14, 0x8C92, 0x94F3,
    0x94F4, 0x94D3, 0xAD95, 0xC657, 0xC637, 0xC637, 0xBDF6, 0xB5D6, 0xB5D6, 0xBE17, 0xBE17, 0xAD94,
    0xB5D5, 0xBE16, 0xBE17, 0xC617, 0xBE17, 0xBE37, 0xBE17, 0x94D2, 0x9D14, 0x9D34, 0x9D34, 0x9D13,
    0xB5D5, 0xCE77, 0xCE77, 0xB5D5, 0xCE77, 0xD6B8, 0x9490, 0x842F, 0x844F, 0x8C50, 0x8C70, 0x8C91,
    0x94D2, 0x9D13, 0xAD54, 0x734C, 0x5A27, 0x5206, 0x41C5, 0x39A4, 0x3984, 0x3984, 0x3985, 0x39A5,
    0x41C5, 0x41C5, 0x39A5, 0x41C5, 0x3984, 0x39A5, 0x41C5, 0x49C6, 0x49E6, 0x51E6, 0x5A06, 0x5A06,
    0x6247, 0x6247, 0x6247, 0x6247, 0x6267, 0x6267, 0x6A88, 0x72C9, 0x72C9, 0x72C9, 0x6AC9, 0x6AC9,
    0x732A, 0x7B6B, 0x7B6B, 0x83AC, 0x838C, 0x8BAC, 0x8BEC, 0x940C, 0x942D, 0x942D, 0x9C4E, 0xA46E,
    0xA44F, 0xAC6F, 0xAC90, 0xACB0, 0xC5D5, 0xD6DA, 0xCE9A, 0xCEBA, 0xCE9A, 0xCEBB, 0xCEBB, 0xCEDC,
    0xCEDC, 0xCEBC, 0xC69B, 0xCE9A, 0xD6DB, 0xD6DB, 0xD6FB, 0xDF1B, 0xDF1B, 0xDF3B, 0xE73C, 0xE75C,
    0xEF7C, 0xEF7D, 0xEF7D, 0xF79D, 0xF7BE, 0x94D2, 0x7C0F, 0x94F3, 0x94D3, 0x8CB2, 0x94F2, 0xEF7C,
    0xF7BD, 0xF7BC, 0xF79C, 0xF79C, 0xF77C, 0xEF7B, 0xEF7B, 0xEF5B, 0xEF5B, 0xEF3A, 0xEF3A, 0xEF1A,
    0xDEF9, 0xCE77, 0xC636, 0xC616, 0xC616, 0xC657, 0xDEB8, 0xE6D9, 0xE6D9, 0xE6D8, 0xE6B8, 0xE6B8,
    0xE6D8, 0xE6D8, 0xE6D8, 0xE6D8, 0xE6D8, 0xE6D8, 0xE6D8, 0xE6D8, 0xEED8, 0xEED8, 0xEEF9, 0xEEF9,
    0xEEF9, 0xEEF8, 0xE6D8, 0x7BED, 0x634C, 0x8C92, 0x8C91, 0x8C92, 0x7C0F, 0xB574, 0xEEF8, 0xE6D8,
    0xE6D8, 0xE6D8, 0xE6B8, 0xE6B7, 0xE6B7, 0xE6B7, 0xE6B7, 0xE6B7, 0xE6B7, 0xE697, 0xE697, 0xE697,
    0xE697, 0xE697, 0xE697, 0xE697, 0xE697, 0xE697, 0xE697, 0xE697, 0xE697, 0xE697, 0xE697, 0xE697,
    0xE697, 0xE697, 0xE697, 0xE697, 0xE697, 0xE697, 0xE697, 0xE697, 0xDE97, 0xE697, 0xE697, 0xE698,
    0x8CB2, 0x94F3, 0x8CF3, 0x94F3, 0xADB6, 0xDF1B, 0xCE78, 0xAD74, 0xBDD5, 0xD656, 0xDE76, 0xDEB8,
    0xAD74, 0x9D33, 0xC657, 0xBE16, 0x8CD2, 0x9513, 0x94F3, 0x94D2, 0xADB5, 0xB5D6, 0xA554, 0xB5D6,
    0xC658, 0x9D54, 0x8CD2, 0xA554, 0x8CD3, 0x84B2, 0x9534, 0x9D55, 0x9D55, 0x8CB2, 0x8492, 0x9514,
    0x94F4, 0x8CD3, 0x9D13, 0xB5B5, 0xC5F6, 0xCE57, 0xD698, 0xCE78, 0xCE58, 0xCE99, 0xD6B9, 0xCE78,
    0xCE57, 0xC637, 0xC658, 0xCE99, 0xCE99, 0xD6B9, 0xCE79, 0x94F3, 0x9D14, 0x9D34, 0x9D13, 0x9D34,
    0xBE37, 0xCEBA, 0xCEDA, 0xCEBA, 0xD6FA, 0xD6B9, 0x8C91, 0x844F, 0x844F, 0x8C70, 0x8C91, 0x94B1,
    0x94D2, 0xA554, 0x52CA, 0x39C6, 0x62A8, 0x51E6, 0x49E5, 0x41C5, 0x41C5, 0x3985, 0x3984, 0x3985,
    0x3985, 0x39A5, 0x3985, 0x3184, 0x3184, 0x3164, 0x3985, 0x3984, 0x41A5, 0x49C6, 0x49C5, 0x51C6,
    0x5A27, 0x5A27, 0x5206, 0x5A27, 0x5206, 0x6268, 0x6268, 0x6268, 0x62A8, 0x62A8, 0x6288, 0x6AE9,
    0x730A, 0x7B4B, 0x7B6B, 0x83AC, 0x838B, 0x8BCC, 0x8BEC, 0x940D, 0x940D, 0x9C2E, 0xA44E, 0xA46F,
    0xAC6F, 0xAC8F, 0xAC90, 0xACB0, 0xC5F7, 0xD6BA, 0xCE9A, 0xD6BA, 0xD6BB, 0xCEBB, 0xCEBB, 0xCEDC,
    0xCEBB, 0xBE7A, 0xC67A, 0xEFBE, 0xFFFF, 0xFFFE, 0xFFDE, 0xF7BD, 0xF7BD, 0xF7BD, 0xF7BE, 0xF79D,
    0xEF9D, 0xF79D, 0xEF7C, 0xE71B, 0xDED9, 0x842F, 0x7C30, 0x94F3, 0x94D3, 0x8CB2, 0x8C91, 0xB5D5,
    0xC617, 0xB5D6, 0xB595, 0xAD94, 0xAD94, 0xB594, 0xC5F6, 0xD677, 0xE6B8, 0xE6D8, 0xEED8, 0xEEF8,
    0xE6D8, 0xDE97, 0xD677, 0xCE57, 0xCE57, 0xDE97, 0xE6D8, 0xEED8, 0xEED8, 0xEED8, 0xE6D8, 0xE6D8,
    0xE6D8, 0xE6D8, 0xE6D8, 0xE6B8, 0xE6B8, 0xE6B8, 0xE6B8, 0xE6B8, 0xE6B8, 0xE6B8, 0xE6B8, 0xE6D8,
    0xE6D8, 0xEEF8, 0xE6B8, 0x73AC, 0x6B8D, 0x8CB2, 0x8C91, 0x8CB1, 0x7C0F, 0xBDB4, 0xEEF9, 0xE6D8,
    0xE6D8, 0xE6D8, 0xE6D8, 0xE6D8, 0xE6B8, 0xE6D8, 0xE6D8, 0xE6B8, 0xE6B8, 0xE6B8, 0xE6B8, 0xE6B8,
    0xE6B8, 0xE6B8, 0xE6B8, 0xE6B8, 0xE6B8, 0xE6B8, 0xE6B8, 0xE6B8, 0xE6B8, 0xE6B8, 0xE6B8, 0xE6B8,
    0xE6B8, 0xE6B8, 0xE6B8, 0xE6B8, 0xE6B8, 0xE6B8, 0xE6B8, 0xE6B8, 0xE6B8, 0xE6B8, 0xE6B8, 0xE6B8,
    0x8CF3, 0x9514, 0x9514, 0xA555, 0xBE38, 0xD6FA, 0xC657, 0xAD94, 0xAD73, 0xB552, 0xC5B3, 0xBD73,
    0xAD74, 0xBE17, 0xCE57, 0xA553, 0x8CB2, 0x9514, 0x94F3, 0x8CD2, 0xA575, 0x94F3, 0x7430, 0xA574,
    0xC657, 0xA574, 0x9D13, 0xB5B4, 0xBDF5, 0xC636, 0xBE37, 0xC657, 0xCEB9, 0xB5D6, 0x8CB2, 0x9514,
    0x9514, 0x94D2, 0xAD74, 0xC616, 0xCE36, 0xC616, 0xD6B8, 0xCE78, 0xCE78, 0xC658, 0xB5D6, 0xC636,
    0xD677, 0xDED9, 0xD6B9, 0xDF3B, 0xE73B, 0xE73B, 0xDEFA, 0x9513, 0x9D14, 0x9D34, 0x94F3, 0xBE58,
    0xE79D, 0xEF9D, 0xEF9D, 0xEF9D, 0xEF9D, 0xE73B, 0x94B1, 0x8450, 0x8C50, 0x8C70, 0x8C91, 0x94B1,
    0xA533, 0x6B8D, 0x10C3, 0x2925, 0x6288, 0x5A26, 0x51E6, 0x49E5, 0x41E5, 0x41C5, 0x39A5, 0x3985,
    0x3984, 0x39A5, 0x3985, 0x3184, 0x3164, 0x3164, 0x3164, 0x3164, 0x3985, 0x39A5, 0x41C5, 0x41C5,
    0x49C5, 0x49C5, 0x41C5, 0x41C6, 0x4A06, 0x5227, 0x5A47, 0x5A68, 0x5A68, 0x62A8, 0x5A88, 0x62C9,
    0x6B09, 0x732A, 0x7B6B, 0x7B6B, 0x83AC, 0x83AC, 0x8BCC, 0x940D, 0x9C2E, 0x9C2E, 0xA44E, 0xAC6F,
    0xAC6F, 0xAC90, 0xAC90, 0xB4D1, 0xAD14, 0xC659, 0xD6BA, 0xCE9A, 0xCE9B, 0xCE9A, 0xC67A, 0xBE39,
    0xADD7, 0xA596, 0xA575, 0xBE17, 0xBE17, 0xADB5, 0xB5B5, 0xB5D6, 0xC658, 0xD6FC, 0xCEDB, 0xBE18,
    0xB5D7, 0xBE18, 0xBDF7, 0xB595, 0xA513, 0x6B6C, 0x8451, 0x94F3, 0x94D3, 0x8CB2, 0x8C91, 0xB594,
    0xAD53, 0x94B1, 0x9CF2, 0xB5B5, 0xD677, 0xE6D8, 0xEF19, 0xF739, 0xF719, 0xF719, 0xF719, 0xF719,
    0xF719, 0xF719, 0xF719, 0xEF19, 0xEF19, 0xEEF9, 0xEEF9, 0xEEF8, 0xEEF9, 0xEEF9, 0xEED8, 0xEED8,
    0xEED8, 0xE6D8, 0xE6D8, 0xE6D8, 0xE6D8, 0xE6D8, 0xE6D8, 0xE6D8, 0xEED8, 0xEED8, 0xE6B8, 0xEED8,
    0xE6D8, 0xEEF8, 0xDE97, 0x6B8C, 0x6BAD, 0x94B2, 0x8C91, 0x8C91, 0x7C0F, 0xBDB5, 0xEED8, 0xE6B8,
    0xE6B7, 0xE697, 0xDE97, 0xDE97, 0xE697, 0xE697, 0xE697, 0xDE97, 0xE697, 0xE698, 0xE6B8, 0xE6B8,
    0xE698, 0xE6B8, 0xE6B8, 0xE6B8, 0xE6B8, 0xE6B8, 0xE6B8, 0xE6B8, 0xE6B8, 0xE6B8, 0xE6B8, 0xE6B8,
    0xE6D8, 0xEED8, 0xEED8, 0xEED8, 0xEED8, 0xEED8, 0xEEF9, 0xEEF9, 0xEEF9, 0xEEF9, 0xEEF9, 0xF719,
    0x9514, 0x8492, 0x63AE, 0x7C30, 0x9513, 0xA554, 0xB5D6, 0xC657, 0xAD94, 0x9490, 0x8C70, 0x8C4F,
    0xAD74, 0xC637, 0xB594, 0x8450, 0x8CB2, 0x9514, 0x94F3, 0x8CB2, 0x7C31, 0x6BF0, 0x6BCF, 0xBDF5,
    0xD6B8, 0xB5B5, 0xBDD5, 0xD697, 0xEF19, 0xE6F8, 0xE719, 0xE75B, 0xE73B, 0xCE99, 0x94D3, 0x9514,
    0x9514, 0x94F3, 0xD698, 0xE719, 0xCE77, 0xB5D5, 0xDEF9, 0xE71A, 0xDEF9, 0xD6B9, 0xB594, 0xC5D4,
    0xDE97, 0xDEB8, 0x94D2, 0x8470, 0x844F, 0x844F, 0x7C2F, 0x73EE, 0x7C50, 0x8470, 0x8470, 0x9D53,
    0xADB5, 0xAD95, 0xBE38, 0xCE99, 0xEF5B, 0xE6FA, 0x94B1, 0x8450, 0x8C50, 0x8C70, 0x8C90, 0x94D2,
    0x8C71, 0x2125, 0x10A3, 0x3186, 0x6AEA, 0x5A46, 0x5226, 0x49E5, 0x49E5, 0x49E5, 0x41C5, 0x3985,
    0x3985, 0x3985, 0x3985, 0x3985, 0x3985, 0x3984, 0x3185, 0x3185, 0x3184, 0x39A5, 0x41C5, 0x39A5,
    0x41C5, 0x41C5, 0x41C5, 0x41C5, 0x4A06, 0x4A07, 0x4A06, 0x5247, 0x5247, 0x5A88, 0x62C9, 0x62C9,
    0x732A, 0x734A, 0x7B4A, 0x838B, 0x83CC, 0x8BCC, 0x940D, 0x942D, 0x940D, 0x9C2E, 0xA44F, 0xA46F,
    0xAC6F, 0xA46F, 0xAC90, 0xB4F1, 0xAD35, 0x738F, 0xC639, 0xCE79, 0xC659, 0xC659, 0xC659, 0xB5F7,
    0xAD96, 0xA555, 0x9CF3, 0x94B2, 0x8C92, 0xAD95, 0xDEFA, 0xF7DE, 0xCEDB, 0xA5BA, 0x9D9A, 0x9D79,
    0x9D79, 0x9537, 0x9517, 0xAD96, 0xA534, 0x6B6D, 0x8471, 0x94F3, 0x94D3, 0x8CB2, 0x8C91, 0xAD53,
    0xAD74, 0xC5F5, 0xDE97, 0xEF19, 0xFF5A, 0xEEF9, 0xEF19, 0xF75A, 0xF75A, 0xF75A, 0xF75A, 0xF75A,
    0xF75A, 0xF75A, 0xF75A, 0xF75A, 0xF73A, 0xF73A, 0xF73A, 0xF739, 0xF73A, 0xF73A, 0xF739, 0xF739,
    0xF739, 0xF719, 0xF719, 0xF719, 0xF719, 0xEF19, 0xEF19, 0xEEF9, 0xEEF8, 0xEEF8, 0xEEF8, 0xEED8,
    0xEED8, 0xEEF9, 0xDE77, 0x6B4B, 0x73CE, 0x94B2, 0x8C91, 0x8C91, 0x7C0F, 0xC5F5, 0xE6D8, 0xDE97,
    0xDE97, 0xDE97, 0xDE97, 0xDE97, 0xDE97, 0xE697, 0xE6B7, 0xDE97, 0xDE77, 0xDE97, 0xDE97, 0xDE97,
    0xDE77, 0xDE97, 0xDE97, 0xDE77, 0xDE77, 0xDE77, 0xDE77, 0xDE77, 0xDE77, 0xDE77, 0xDE77, 0xDE77,
    0xDE77, 0xDE77, 0xDE77, 0xDE77, 0xDE77, 0xDE97, 0xDE97, 0xDE97, 0xDE97, 0xDE97, 0xE697, 0xE697,
    0x9534, 0x638D, 0x31E7, 0x3A07, 0x3A07, 0x638D, 0xADB5, 0xCE78, 0xB5B5, 0x634C, 0x4AAA, 0x52CB,
    0x632C, 0x7BEE, 0x9491, 0xA533, 0x94D3, 0x9514, 0x94F3, 0x8451, 0x5B4D, 0x5B6E, 0x6BAF, 0xBE16,
    0xE719, 0xD698, 0xDEB8, 0xDED8, 0xD697, 0xBDF5, 0xB5B5, 0xD6B9, 0xDEF9, 0xC658, 0x8CD3, 0x9514,
    0x9514, 0x94D2, 0xC636, 0xDED8, 0xB5D4, 0xA532, 0xD6B8, 0xBDF5, 0xAD53, 0xCE57, 0xDEB8, 0xD677,
    0xCE77, 0xCE57, 0x8CB1, 0x6B8D, 0x6B6D, 0x6B8D, 0x73CE, 0x7C0F, 0x7C30, 0x8450, 0x8470, 0x73CE,
    0x5B0B, 0x5B4C, 0x94F3, 0xD6DA, 0xEF7C, 0xD678, 0x8C70, 0x8C70, 0x8C70, 0x8C70, 0x8C90, 0x9CF2,
    0x4A69, 0x18C4, 0x1083, 0x5ACA, 0x7BAD, 0x5A27, 0x6247, 0x5206, 0x5226, 0x49E5, 0x49E5, 0x41C5,
    0x39A5, 0x39A5, 0x3985, 0x3985, 0x39A5, 0x39A5, 0x39A5, 0x3985, 0x3984, 0x3984, 0x39A5, 0x41C5,
    0x41E6, 0x41E6, 0x41E6, 0x4A06, 0x4A06, 0x4A07, 0x5247, 0x5A68, 0x5AA8, 0x62C9, 0x62C9, 0x6AE9,
    0x732A, 0x7B6B, 0x7B6B, 0x83CC, 0x8BED, 0x8BEC, 0x9C2E, 0x9C2D, 0x940D, 0xA44E, 0xA44E, 0xA46F,
    0xAC8F, 0xAC6F, 0xAC90, 0xACB0, 0xCE38, 0x7BD1, 0x5AED, 0xBE18, 0xBE17, 0xBE18, 0xBE18, 0xB5F7,
    0xADD7, 0xAD96, 0xA575, 0x9513, 0xA554, 0xBDF6, 0x94F2, 0xC637, 0xC67A, 0x84D7, 0x7CB8, 0x7CB8,
    0x7C97, 0x7476, 0x7455, 0x9D16, 0x9D14, 0x6B8D, 0x8C91, 0x94D3, 0x94D3, 0x8CB2, 0xA533, 0xEF19,
    0xF75A, 0xFF5A, 0xFF5A, 0xFF39, 0xF73A, 0xDE77, 0xDE77, 0xF739, 0xF719, 0xF719, 0xF719, 0xF719,
    0xF719, 0xF739, 0xF739, 0xF739, 0xF739, 0xF739, 0xF739, 0xF739, 0xF739, 0xF739, 0xF739, 0xF739,
    0xF739, 0xF739, 0xF739, 0xF739, 0xF739, 0xF739, 0xF739, 0xF739, 0xF739, 0xF719, 0xF719, 0xF719,
    0xEF19, 0xF739, 0xD676, 0x634B, 0x7BEF, 0x94B2, 0x8C91, 0x8C91, 0x842F, 0xD656, 0xF719, 0xEEF9,
    0xEEF8, 0xE6D8, 0xE6D8, 0xE6D8, 0xE6B8, 0xDEB7, 0xDEB7, 0xDE97, 0xDE97, 0xDE97, 0xDE97, 0xDE76,
    0xDE76, 0xDE77, 0xDE76, 0xDE76, 0xDE76, 0xDE76, 0xDE76, 0xDE76, 0xDE76, 0xDE77, 0xDE77, 0xDE97,
    0xDE77, 0xDE77, 0xDE77, 0xDE77, 0xDE77, 0xDE77, 0xDE77, 0xDE77, 0xDE77, 0xDE77, 0xDE77, 0xDE97,
    0x8CD3, 0x4AAA, 0x3A28, 0x4249, 0x4249, 0x8450, 0xB5D6, 0xBDF6, 0x94D2, 0x3A49, 0x3A08, 0x3A08,
    0x31A6, 0x52CA, 0xA533, 0xBDF6, 0x94F3, 0x94F4, 0x94D3, 0x8C91, 0xA533, 0xAD53, 0x94D1, 0xAD53,
    0xB5D5, 0xAD94, 0xAD74, 0xA553, 0x8CB1, 0x8491, 0x8CF3, 0x9513, 0x94F2, 0x8450, 0x8CB2, 0x9514,
    0x9514, 0x8491, 0x94D1, 0xB5B4, 0xAD73, 0xA532, 0xC615, 0x8C6F, 0x844F, 0x9CF1, 0x9D12, 0x9D12,
    0x8C90, 0x8450, 0x8450, 0x7BEF, 0x7C0F, 0x7C0F, 0x8450, 0x8C91, 0x94D2, 0x94D3, 0x9CF3, 0x8450,
    0x632C, 0x6B6D, 0x94F3, 0xA5B7, 0xADD7, 0xAD95, 0x8C50, 0x8C70, 0x8C70, 0x8C70, 0x9CD2, 0x7C0F,
    0x1905, 0x1905, 0x18C3, 0x73CE, 0x8C4F, 0x5A68, 0x6227, 0x5A27, 0x5A26, 0x5206, 0x49E5, 0x49E5,
    0x41C5, 0x39A5, 0x39A5, 0x3985, 0x3985, 0x39A5, 0x39A5, 0x39A5, 0x41C5, 0x41C5, 0x41C6, 0x41E6,
    0x4A06, 0x49E6, 0x4A06, 0x5247, 0x5247, 0x5227, 0x5A68, 0x5A68, 0x62A9, 0x6AE9, 0x6B0A, 0x6B0A,
    0x732A, 0x7B4B, 0x7B8B, 0x8BED, 0x8BED, 0x9C2D, 0x9C4E, 0x9C2E, 0x9C4E, 0xA44E, 0xA46F, 0xA46F,
    0xAC6F, 0xAC90, 0xAC6F, 0xACB1, 0xC5F7, 0xB5D8, 0x31A9, 0x73B0, 0xAD75, 0x9D34, 0xA534, 0xAD75,
    0xAD75, 0xAD54, 0xA554, 0x9D13, 0xAD95, 0x9CF2, 0x6BAE, 0x7C0F, 0xAD96, 0x8CF7, 0x7456, 0x7476,
    0x7CB7, 0x8D18, 0x7C96, 0x84B6, 0x8C92, 0x638D, 0x8C92, 0x94D3, 0x94D3, 0x8CB2, 0xA553, 0xE71A,
    0xE6F9, 0xE719, 0xEF1A, 0xF73A, 0xFF5A, 0xDEB7, 0xDE97, 0xF719, 0xF719, 0xF719, 0xF719, 0xF719,
    0xF719, 0xF719, 0xEF19, 0xEF19, 0xEF18, 0xEF18, 0xEF18, 0xEF18, 0xEEF9, 0xEEF8, 0xEEF8, 0xEEF8,
    0xEEF8, 0xEEF8, 0xEEF8, 0xEEF8, 0xEF18, 0xEF18, 0xEF18, 0xEF18, 0xF719, 0xF719, 0xF719, 0xF719,
    0xEF18, 0xF739, 0xCE56, 0x632B, 0x7C0F, 0x8C92, 0x8C91, 0x8C71, 0x8450, 0xD677, 0xF719, 0xEF19,
    0xEF19, 0xEEF8, 0xEEF8, 0xEF19, 0xEF19, 0xEEF9, 0xEEF8, 0xEEF8, 0xEF18, 0xEF18, 0xEF18, 0xEF18,
    0xEF18, 0xEF18, 0xEF18, 0xEF18, 0xEEF8, 0xEEF8, 0xEEF8, 0xF718, 0xF719, 0xF719, 0xEF19, 0xEF18,
    0xEF18, 0xEEF8, 0xEF19, 0xEF19, 0xEEF8, 0xEEF8, 0xEEF8, 0xEEF8, 0xEEF9, 0xEEF9, 0xEEF9, 0xEF19,
    0x7410, 0x3A28, 0x3A28, 0x3A28, 0x4289, 0xAD94, 0xE719, 0xD6B8, 0x7C0F, 0x31E7, 0x4249, 0x3A29,
    0x4248, 0x6B8D, 0x8450, 0x8CB2, 0x94F3, 0x9514, 0x8CD3, 0x94F2, 0xDEB7, 0xE6F8, 0xD697, 0xC636,
    0xD6B8, 0xDEF9, 0xDED9, 0xB5D5, 0x7C50, 0x94F3, 0x94F2, 0x94D1, 0x9D12, 0x8C91, 0x8CB2, 0x9D14,
    0x94F3, 0x94F2, 0xC657, 0xE6F8, 0xEF19, 0xDEB8, 0xBDB3, 0xA4EF, 0xB572, 0xAD52, 0xB573, 0xC636,
    0xDEB8, 0xBDD5, 0x6BAD, 0x5AEB, 0x5B2B, 0x632C, 0x636D, 0x6B8E, 0x73CE, 0x73CE, 0x8430, 0x7C2F,
    0x5B2C, 0x636D, 0x94F3, 0x9556, 0x9556, 0xA595, 0x8C70, 0x8C70, 0x8C50, 0x94B1, 0x8C71, 0x39E8,
    0x18E4, 0x18E4, 0x2945, 0x8C51, 0x94B1, 0x6B2B, 0x5A27, 0x6247, 0x5A27, 0x5206, 0x5226, 0x49E5,
    0x49E6, 0x41C5, 0x39A5, 0x39A5, 0x41C5, 0x41C5, 0x39A5, 0x41C6, 0x41C5, 0x41E6, 0x41E6, 0x4A06,
    0x4A06, 0x5247, 0x5227, 0x5227, 0x5268, 0x5A68, 0x5A68, 0x6288, 0x62A9, 0x6AE9, 0x6B0A, 0x732A,
    0x7B4B, 0x7B6B, 0x83AC, 0x8BED, 0x940D, 0x9C4E, 0xA44E, 0xA46F, 0xA46F, 0xA44E, 0xA46F, 0xA46F,
    0xAC8F, 0xAC90, 0xAC70, 0xACB1, 0xBDB7, 0xCE9B, 0x426C, 0x39EA, 0x73D0, 0x8450, 0x9CF2, 0xD698,
    0xDEB8, 0xDEB8, 0xDED9, 0xE6F9, 0xD6B8, 0x94D2, 0x73EE, 0x7C0F, 0xA554, 0x9516, 0x7C76, 0x7C75,
    0x8496, 0x94F7, 0x8475, 0x8454, 0x7C11, 0x6B8D, 0x8CB2, 0x94D3, 0x94D3, 0x8C91, 0x94D2, 0xB5F7,
    0xC679, 0xC67A, 0xBE38, 0xD699, 0xF75B, 0xE6D8, 0xDEB8, 0xF719, 0xF719, 0xEF19, 0xEF19, 0xEF19,
    0xEF19, 0xEF19, 0xEF19, 0xF719, 0xF719, 0xF719, 0xF719, 0xF719, 0xF719, 0xF719, 0xEF18, 0xF718,
    0xF718, 0xF718, 0xF719, 0xF719, 0xF719, 0xF719, 0xF719, 0xF719, 0xF719, 0xF719, 0xF719, 0xF719,
    0xEF18, 0xF739, 0xCE15, 0x632B, 0x8430, 0x8C92, 0x8C91, 0x8C71, 0x8C70, 0xDE97, 0xF719, 0xF719,
    0xF719, 0xF719, 0xF719, 0xF719, 0xF719, 0xF739, 0xF739, 0xF739, 0xF739, 0xF739, 0xF739, 0xF739,
    0xF739, 0xF719, 0xF719, 0xF719, 0xF719, 0xF719, 0xF719, 0xF739, 0xF739, 0xF739, 0xF719, 0xF719,
    0xF719, 0xF719, 0xF739, 0xF739, 0xF739, 0xF759, 0xFF7B, 0xFF7B, 0xFF7B, 0xFF7B, 0xFF7B, 0xFF7B,
    0x5B2C, 0x3A08, 0x4249, 0x3A28, 0x530B, 0xBDF6, 0xE719, 0xD698, 0x5B2B, 0x31C7, 0x31E8, 0x31E7,
    0x4248, 0x6B6C, 0x8450, 0x9513, 0x94F3, 0x94F3, 0x8CD3, 0x94F2, 0xC5F4, 0xCE56, 0xD676, 0xCE35,
    0xCE35, 0xD697, 0xD6B7, 0xCE56, 0xB5B4, 0xD698, 0xCE77, 0xE6F9, 0xF77B, 0xD6B8, 0x94F3, 0x9514,
    0x94F3, 0x94F2, 0xD697, 0xDEB7, 0xDEB8, 0xD697, 0xC614, 0xC5F4, 0xC615, 0xBDD4, 0xDEB8, 0xE6D8,
    0xE6D8, 0xC636, 0x6B8D, 0x31E7, 0x39E7, 0x31E7, 0x29A6, 0x31A6, 0x39E7, 0x3A07, 0x4A69, 0x5B2B,
    0x5B2C, 0x636D, 0x94F3, 0x9D76, 0xADB7, 0xAD95, 0x8C70, 0x8C50, 0x9491, 0x7C10, 0x39C8, 0x2125,
    0x1905, 0x10C4, 0x31A7, 0x9491, 0x9491, 0x8C2F, 0x5A47, 0x6227, 0x6247, 0x5A47, 0x5206, 0x5206,
    0x5206, 0x49E6, 0x41E6, 0x41C6, 0x41C5, 0x41C5, 0x41C5, 0x41C6, 0x41C6, 0x41C6, 0x41E6, 0x4A06,
    0x4A07, 0x5227, 0x5227, 0x5247, 0x5247, 0x5A68, 0x5A88, 0x62A9, 0x6AC9, 0x6B0A, 0x6AE9, 0x730A,
    0x7B6B, 0x838C, 0x8BCD, 0x940D, 0x9C4E, 0xA44E, 0xA46E, 0xAC8F, 0xA46F, 0xA46F, 0xA46F, 0xA46F,
    0xAC8F, 0xAC90, 0xB4B0, 0xACD1, 0xBDB7, 0xD6DC, 0x52CD, 0x2968, 0x4A8C, 0x7C31, 0x8471, 0xD678,
    0xF75B, 0xF75A, 0xF75B, 0xF77B, 0xEF3A, 0xA554, 0x73EF, 0x7C10, 0xA534, 0x94F5, 0x7C75, 0x7C54,
    0x7C34, 0x7C74, 0x6BF2, 0x8452, 0x8C51, 0x6B8E, 0x8CB2, 0x94D3, 0x94D3, 0x8C92, 0x8CD2, 0xADB6,
    0xB5F8, 0xADD9, 0x8D57, 0x9577, 0xB5F8, 0xAD96, 0xD677, 0xF739, 0xF719, 0xEEF9, 0xE6D8, 0xDE97,
    0xDE97, 0xD677, 0xD677, 0xDE98, 0xDEB8, 0xE6D8, 0xEEF9, 0xEEF9, 0xEEF9, 0xEEF9, 0xEEF8, 0xEEF8,
    0xEEF8, 0xEEF8, 0xEEF8, 0xEEF8, 0xEED8, 0xEED8, 0xEED8, 0xE6D8, 0xE6D8, 0xE6B7, 0xEED8, 0xEEF8,
    0xEED8, 0xF719, 0xC5D4, 0x5B0B, 0x8430, 0x8C92, 0x8C91, 0x8C71, 0x8C90, 0xE6B8, 0xF719, 0xEF19,
    0xEF19, 0xEF19, 0xF719, 0xF719, 0xF719, 0xF719, 0xF719, 0xF719, 0xF718, 0xEF18, 0xEF18, 0xF718,
    0xEEF8, 0xEEF8, 0xEEF8, 0xEEF8, 0xEED8, 0xEED8, 0xEED8, 0xEED8, 0xEED8, 0xE6D7, 0xE6D7, 0xE6B7,
    0xE6D7, 0xE6D8, 0xEED8, 0xEED8, 0xE6F8, 0xE6F9, 0xDED9, 0xDED9, 0xDEFA, 0xE71A, 0xE71A, 0xEF3B,
    0x3A49, 0x3208, 0x3A49, 0x426A, 0x6BAE, 0xB5B5, 0xC636, 0x8C50, 0x31E7, 0x31E7, 0x4AAA, 0x634D,
    0x842F, 0x842F, 0x94B2, 0xB5D7, 0x8CD3, 0x8CF3, 0x8CB2, 0xBDD5, 0xEF5A, 0xEF59, 0xEF39, 0xE719,
    0xE718, 0xEF19, 0xEF19, 0xEF19, 0xEF39, 0xE6F8, 0xD696, 0xE6D8, 0xDEB8, 0xB593, 0x94D3, 0x9534,
    0x8CF3, 0x94F2, 0xCE35, 0xBDD5, 0xBDF6, 0xB5F6, 0xB5D6, 0xB5D5, 0xB5D5, 0xB5B5, 0xD677, 0xDEB8,
    0xDEB8, 0xBDD5, 0x7C0E, 0x52EA, 0x52CA, 0x52EA, 0x52EB, 0x5B0B, 0x6B8D, 0x7BEF, 0x8470, 0x7BEF,
    0x5B0B, 0x636D, 0x94F3, 0xA596, 0xBE38, 0xAD94, 0x842F, 0x9491, 0x7BEF, 0x2986, 0x2146, 0x2125,
    0x1905, 0x10C4, 0x39C8, 0x9492, 0x8C71, 0x94B1, 0x7B6C, 0x5A06, 0x6247, 0x6247, 0x5A26, 0x5A26,
    0x5226, 0x4A06, 0x4A06, 0x49E6, 0x41C5, 0x41C5, 0x41C5, 0x41C6, 0x41C6, 0x41C6, 0x41C6, 0x49E6,
    0x5227, 0x5227, 0x5247, 0x5247, 0x5A47, 0x5A68, 0x6288, 0x62A8, 0x62A8, 0x6AE9, 0x6B09, 0x734A,
    0x838C, 0x838C, 0x8BED, 0x942E, 0x9C4E, 0xA46F, 0xAC8F, 0xAC90, 0xA44F, 0xA46F, 0xA46F, 0xAC6F,
    0xAC90, 0xAC90, 0xB4B1, 0xACD2, 0xBDF8, 0xD6FD, 0x6B70, 0x2147, 0x39EA, 0x634F, 0x73F0, 0xA554,
    0xCE58, 0xCE37, 0xCE58, 0xCE78, 0xCE78, 0xB5F6, 0x8471, 0x7C0F, 0x9D34, 0x7C32, 0x6BB2, 0x6370,
    0x6370, 0x6BB0, 0x73F1, 0xA514, 0x9CD2, 0x73AE, 0x94B2, 0x94D3, 0x94D2, 0x8C91, 0x9D13, 0xC638,
    0xB5B6, 0x9515, 0x84F6, 0x84F6, 0x9557, 0x8D15, 0xB5D6, 0xEF19, 0xE6D8, 0xE6B8, 0xDE97, 0xD677,
    0xCE36, 0xC5F6, 0xB5B5, 0xAD74, 0xA553, 0xA554, 0xAD94, 0xB5D5, 0xBDF6, 0xBDF5, 0xBDF5, 0xBDD5,
    0xBDD5, 0xBDD5, 0xC5F5, 0xCE16, 0xCE36, 0xCE56, 0xD657, 0xD677, 0xDE97, 0xDEB8, 0xE6D8, 0xE6D8,
    0xE6D8, 0xEF19, 0xB593, 0x5B0B, 0x8450, 0x8C92, 0x8C92, 0x8470, 0x94B1, 0xE6B8, 0xEED8, 0xE6D8,
    0xEED8, 0xE6D8, 0xE6D8, 0xE6D8, 0xEED8, 0xEED8, 0xEED8, 0xEED8, 0xEED8, 0xEED8, 0xEED8, 0xEEF8,
    0xEEF8, 0xEED8, 0xEED8, 0xEEF8, 0xF73A, 0xF75B, 0xF77B, 0xF77B, 0xF77C, 0xF79C, 0xF79C, 0xFF9C,
    0xFF9C, 0xF75B, 0xEEF8, 0xEEF8, 0xEF19, 0xE6F9, 0xD6B9, 0xD699, 0xCE99, 0xC658, 0xBE38, 0xBE18,
    0x3A08, 0x3A08, 0x3208, 0x3A69, 0x7430, 0x9D13, 0xA532, 0x6B6C, 0x29A6, 0x31C7, 0x4AAB, 0x7C10,
    0xB5D6, 0xA553, 0x94D2, 0xADB6, 0x8492, 0x8CD3, 0x8CB2, 0xAD95, 0xC657, 0x9D32, 0x94D1, 0xB5B4,
    0xE75A, 0xEF5A, 0xEF5A, 0xEF5A, 0xEF5A, 0xEF39, 0xEF39, 0xEF39, 0xEF39, 0xBDD5, 0x94D3, 0x9D34,
    0x8CD3, 0xA574, 0xEF18, 0xBDF6, 0xBDF6, 0xBDF6, 0xB5D6, 0xB5D6, 0xADB5, 0xB5B5, 0xD6B8, 0xEF19,
    0xEF19, 0xCE57, 0x7C0F, 0x5B0B, 0x5B0B, 0x5B0B, 0x632C, 0x636C, 0x73AE, 0x8C71, 0x9D13, 0x8C71,
    0x5B0B, 0x636D, 0x94D3, 0xA596, 0xC658, 0xAD54, 0x8C70, 0x7BCF, 0x2966, 0x2126, 0x2946, 0x1905,
    0x1905, 0x10C4, 0x31C8, 0x8C92, 0x8C91, 0x8C91, 0x9CB2, 0x732B, 0x5A06, 0x6A67, 0x6267, 0x5A47,
    0x5A26, 0x5226, 0x5226, 0x4A06, 0x49E5, 0x41C5, 0x41C5, 0x41C6, 0x49E6, 0x41C6, 0x49E6, 0x4A06,
    0x4A07, 0x5207, 0x5A68, 0x5A68, 0x5A68, 0x5A68, 0x62A8, 0x6288, 0x62C9, 0x6B09, 0x732A, 0x838B,
    0x838B, 0x8BED, 0x93ED, 0x9C2E, 0xA46F, 0xA48F, 0xAC90, 0xA48F, 0xAC6F, 0xAC6F, 0xA46F, 0xAC90,
    0xAC90, 0xB4B0, 0xB4D1, 0xAD14, 0xC63A, 0xD6DC, 0x8C74, 0x2127, 0x31CA, 0x424C, 0x7411, 0x94F3,
    0x9D13, 0x9D13, 0xA554, 0xB5B5, 0xC616, 0xCE77, 0xC637, 0xBDF6, 0xAD74, 0x8450, 0x8C71, 0x94D2,
    0xA534, 0xAD74, 0xAD74, 0x8C71, 0x6B8D, 0x6BAE, 0x94D3, 0x94D2, 0x94D2, 0x8C91, 0xA534, 0xDEBA,
    0xCE58, 0xB5D7, 0x8D36, 0x7494, 0x9557, 0x9D77, 0x9D14, 0xB5B5, 0xB5B4, 0xB594, 0xB594, 0xB594,
    0xB5D5, 0xBDD5, 0xC616, 0xC637, 0xCE57, 0xCE57, 0xD677, 0xD698, 0xDE98, 0xDEB8, 0xDE98, 0xDEB8,
    0xDEB8, 0xDE98, 0xDE77, 0xD677, 0xD657, 0xD656, 0xD656, 0xD656, 0xD657, 0xD677, 0xDE97, 0xDE97,
    0xDE97, 0xE6D8, 0xA511, 0x5B0B, 0x8C71, 0x8C92, 0x8C92, 0x8450, 0x94D1, 0xE6D8, 0xEED8, 0xE6D8,
    0xE6D8, 0xE6B8, 0xE6B7, 0xE6D8, 0xE6B8, 0xE6B8, 0xE6D8, 0xE6D8, 0xE6D8, 0xE6D8, 0xE6D8, 0xE6D8,
    0xE6D8, 0xE6D8, 0xE6D8, 0xF79C, 0xFFFE, 0xFFFE, 0xFFFF, 0xFFFF, 0xFFFF, 0xFFDE, 0xF7BD, 0xEF7C,
    0xE71B, 0xD699, 0xE6D8, 0xEF3A, 0xE6D9, 0xE719, 0xEF5A, 0xEF3A, 0xCE78, 0x8CF3, 0x7C72, 0x7C93,
    0x31E7, 0x31E7, 0x31E7, 0x532C, 0x8471, 0xA533, 0xB594, 0x5B0B, 0x2986, 0x29A7, 0x29A6, 0x530C,
    0x7C2F, 0x6B8D, 0x6B8D, 0x73EF, 0x7410, 0x8492, 0x8CB2, 0x9513, 0x94F3, 0x52EB, 0x4ACA, 0x6BAE,
    0x8CD2, 0x94F2, 0xBE16, 0xBE37, 0xC657, 0xCE78, 0xD698, 0xD6B8, 0xD6D9, 0xADB5, 0x94D3, 0x9514,
    0x8CD3, 0x94D2, 0xBDD4, 0xAD74, 0xAD74, 0xB5B4, 0xAD74, 0x9D33, 0xAD74, 0xAD53, 0xDEB8, 0xF73A,
    0xEF19, 0xEF19, 0x94B1, 0x5AEB, 0x630B, 0x5B0B, 0x632B, 0x636C, 0x73AE, 0x8450, 0x9CF3, 0x8450,
    0x5B0B, 0x636D, 0x8CD3, 0xA597, 0xA596, 0x9CF2, 0x73CF, 0x2986, 0x2105, 0x2146, 0x2126, 0x18E5,
    0x18E5, 0x10C4, 0x2967, 0x8451, 0x8C92, 0x8C91, 0x9491, 0x94B2, 0x6B0B, 0x5A27, 0x6A88, 0x6267,
    0x5A47, 0x5A47, 0x5A46, 0x5226, 0x4A05, 0x49E5, 0x49E5, 0x49E5, 0x49E6, 0x49C6, 0x49E6, 0x5227,
    0x4A06, 0x5226, 0x5227, 0x5227, 0x5A47, 0x5A67, 0x6288, 0x62A8, 0x6AE9, 0x732A, 0x7B6B, 0x8BAC,
    0x83AC, 0x940D, 0x9C2E, 0xA46F, 0xAC90, 0xAC90, 0xAC90, 0xAC8F, 0xAC6F, 0xA44F, 0xAC6F, 0xAC70,
    0xAC90, 0xB4D1, 0xA491, 0xBD97, 0xC65B, 0xCE9C, 0xA557, 0x2148, 0x31AA, 0x39EB, 0x5B0E, 0x8C93,
    0xA554, 0x9513, 0x9D13, 0xBDF6, 0xD677, 0xD677, 0xCE57, 0xC616, 0xB594, 0xAD74, 0xBDD5, 0xCE37,
    0xCE37, 0xBDD6, 0x9D13, 0x6BAE, 0x634D, 0x73EE, 0x94D3, 0x94D3, 0x94D3, 0x8C91, 0x9CF2, 0xBDD5,
    0xAD74, 0x8C92, 0x7C52, 0x7411, 0x9D35, 0xAD96, 0xAD75, 0xD698, 0xDEB8, 0xE6D9, 0xE6F9, 0xEEF9,
    0xEF19, 0xEEF9, 0xEF19, 0xEF19, 0xEF19, 0xEF19, 0xF719, 0xF719, 0xF719, 0xF719, 0xEF19, 0xEF19,
    0xEF19, 0xEEF9, 0xEEF9, 0xEEF8, 0xEEF8, 0xEEF8, 0xEEF8, 0xEEF8, 0xEED8, 0xEEF8, 0xEED8, 0xEEF8,
    0xE6D8, 0xEF19, 0x9CF1, 0x5B0B, 0x8C91, 0x8C92, 0x8C92, 0x8430, 0x9CF2, 0xEEF9, 0xEF19, 0xEF19,
    0xEEF8, 0xEEF8, 0xEEF9, 0xF719, 0xEF19, 0xEF19, 0xEF19, 0xEF19, 0xEF19, 0xEF19, 0xEF19, 0xEF18,
    0xF719, 0xEF18, 0xF75A, 0xFFFF, 0xFFFF, 0xFFFF, 0xFFFF, 0xFFFF, 0xE75C, 0xC638, 0xC637, 0xBE17,
    0xBE17, 0xBDD6, 0xE6B8, 0xEF3A, 0xCE36, 0xD656, 0xE6F9, 0xF75A, 0xCE78, 0x7410, 0x5B8F, 0x7C93,
    0x4AEB, 0x4AAB, 0x42AB, 0x63CF, 0x8CB3, 0xB5B6, 0xC658, 0x5B0B, 0x29C7, 0x31E7, 0x31E8, 0x4AAB,
    0x6B8E, 0x8C91, 0xADB5, 0x9D13, 0x8CD2, 0x8CB2, 0x8492, 0xA555, 0xB5F6, 0x6B8D, 0x5AEA, 0x6BCE,
    0x6BCE, 0x6B8D, 0xA574, 0xA574, 0x9D54, 0x9D54, 0xA554, 0xA574, 0xAD95, 0x94D2, 0x94F3, 0x9514,
    0x94F3, 0x8451, 0x7C30, 0x7C50, 0xA512, 0xDEB7, 0xD676, 0xC5F5, 0xDEB8, 0xE6D8, 0xEF19, 0xF75A,
    0xF739, 0xF75A, 0x9CD1, 0x52EB, 0x5B0B, 0x5B0B, 0x632C, 0x6B6D, 0x73AE, 0x8450, 0x9CF3, 0x8450,
    0x5B0B, 0x636D, 0x8CD3, 0x9D96, 0xBE38, 0x7C10, 0x2146, 0x2126, 0x2126, 0x2126, 0x2106, 0x18E5,
    0x18E5, 0x18C4, 0x1905, 0x73D0, 0x8C92, 0x8C92, 0x8C71, 0x94B2, 0x94B2, 0x6ACA, 0x5A27, 0x6267,
    0x6267, 0x6247, 0x6267, 0x5A46, 0x5226, 0x5226, 0x5226, 0x49E5, 0x49E6, 0x49E6, 0x4A06, 0x4A06,
    0x5226, 0x5247, 0x5247, 0x5A47, 0x5A47, 0x62A8, 0x62A8, 0x6AC9, 0x730A, 0x7B4B, 0x838B, 0x83AC,
    0x8BED, 0x940D, 0x9C4E, 0x9C4F, 0xA490, 0xAC90, 0xACB0, 0xAC90, 0xAC6F, 0xA44F, 0xAC70, 0xAC6F,
    0xACB0, 0xAC91, 0xA4B3, 0xC63A, 0xC63A, 0xC67B, 0xBE1A, 0x31CA, 0x2989, 0x39EA, 0x426D, 0x6330,
    0x73D1, 0x9D14, 0x9D33, 0x94D2, 0x9CF2, 0xA532, 0xAD53, 0x9CF2, 0x94B2, 0x94D2, 0x94B1, 0x8C91,
    0x8C71, 0x8C71, 0x7C10, 0x73CF, 0x6B6D, 0x7BEE, 0x94D3, 0x94D3, 0x94D2, 0x8C91, 0xA553, 0xCE36,
    0xC616, 0x8C92, 0x6BAE, 0xA513, 0xBDB5, 0xC5F6, 0xC616, 0xE6F9, 0xEEF9, 0xEF19, 0xEF19, 0xEF19,
    0xEEF9, 0xEEF9, 0xEEF9, 0xEEF9, 0xEF19, 0xEF19, 0xEF19, 0xF719, 0xF719, 0xEF19, 0xEEF9, 0xEF19,
    0xEF19, 0xEF19, 0xEF19, 0xEF19, 0xEF19, 0xF719, 0xF719, 0xF719, 0xF719, 0xF719, 0xF719, 0xF719,
    0xF719, 0xF739, 0x9CD1, 0x632B, 0x8C91, 0x8C92, 0x94B2, 0x8430, 0x9CF2, 0xEEF9, 0xEEF9, 0xEEF8,
    0xEEF8, 0xEEF8, 0xEEF8, 0xEEF8, 0xEEF8, 0xEEF8, 0xEEF8, 0xEEF8, 0xEEF8, 0xEEF8, 0xEEF8, 0xEEF8,
    0xF718, 0xEF18, 0xEF3A, 0xD6DA, 0xCEB9, 0xD6DA, 0xDF1B, 0xEF7C, 0xC638, 0xBDF7, 0xC638, 0xC638,
    0xC638, 0xBE17, 0xDEB8, 0xEF1A, 0xDEB8, 0xE6F9, 0xF75B, 0xFF9B, 0xD6B9, 0x8D15, 0x9536, 0xA5B7,
    0x42AB, 0x428A, 0x42AB, 0x532D, 0x5B4E, 0x63AE, 0x84B3, 0x8492, 0x7451, 0x6C10, 0x6BD0, 0x6BF0,
    0x8CD3, 0xAD95, 0xCEB9, 0xADB6, 0x8CB2, 0x8CD3, 0x8492, 0xA575, 0xB617, 0x73CE, 0x630B, 0x94D2,
    0xCE98, 0xA533, 0x9D13, 0x9D34, 0x8CD3, 0x94F3, 0xB5D6, 0xB5B5, 0xAD95, 0x94F3, 0x94F3, 0x9514,
    0x8CD3, 0x9513, 0xA595, 0x9513, 0xA554, 0xCE98, 0xDED8, 0xD6B8, 0xD6B8, 0xDEF9, 0xE6F9, 0xE6F9,
    0xE6F9, 0xE71A, 0x94B1, 0x52EB, 0x5B0B, 0x5B0B, 0x632C, 0x6B6D, 0x73CE, 0x8C91, 0x9D13, 0x8450,
    0x5B2C, 0x636D, 0x8CD3, 0xB618, 0x94D3, 0x2966, 0x2126, 0x2106, 0x1905, 0x2126, 0x2106, 0x18E5,
    0x18E5, 0x18E5, 0x18C4, 0x632D, 0x8C92, 0x8C92, 0x8C92, 0x8C91, 0x94B2, 0x9CB2, 0x6ACA, 0x5A06,
    0x6267, 0x6267, 0x6267, 0x6267, 0x5A47, 0x5A67, 0x5226, 0x5226, 0x5206, 0x5226, 0x5226, 0x5226,
    0x5226, 0x5A67, 0x6288, 0x62A8, 0x62A8, 0x6AE9, 0x6AC9, 0x7309, 0x7B4B, 0x7B6B, 0x838C, 0x8BAC,
    0x8BCD, 0x93ED, 0x9C4F, 0x9C6F, 0xA490, 0xACB0, 0xAC90, 0xAC6F, 0xA46F, 0xAC70, 0xAC4F, 0xAC90,
    0xAC90, 0x9C10, 0xBDB7, 0xC65B, 0xBE3A, 0xC65B, 0xCE9C, 0x424C, 0x2148, 0x39CB, 0x3A2C, 0x5B2F,
    0x530F, 0x5B2F, 0xA555, 0xB5D5, 0xA512, 0xBD93, 0xBDD3, 0xBDB3, 0xC5F5, 0xC616, 0xBDD5, 0xB5B5,
    0xAD54, 0xAD54, 0xB595, 0xAD74, 0x7BEE, 0x7BEF, 0x94D3, 0x94D3, 0x94D3, 0x8C91, 0xAD53, 0xBDB4,
    0xAD53, 0x9D12, 0xA533, 0xAD53, 0xB594, 0xBDF6, 0xBDD5, 0xC5F6, 0xCE36, 0xCE36, 0xCE36, 0xCE36,
    0xCE36, 0xCE36, 0xCE56, 0xD656, 0xD657, 0xD656, 0xD657, 0xD657, 0xD677, 0xD677, 0xDE77, 0xDE97,
    0xDE97, 0xDEB7, 0xE6B8, 0xE6B8, 0xE6B8, 0xE6B8, 0xE6D8, 0xE6D8, 0xE6D8, 0xE6D8, 0xEED8, 0xEED8,
    0xEED8, 0xEF19, 0x8C8F, 0x634C, 0x8C92, 0x8C92, 0x94B2, 0x8430, 0xA512, 0xEEF8, 0xEED8, 0xE6D8,
    0xE6B8, 0xE6B8, 0xE6B8, 0xE6B7, 0xE6B7, 0xE6D8, 0xE6D8, 0xEED8, 0xEED8, 0xEED8, 0xEED8, 0xEED8,
    0xEEF8, 0xEEF8, 0xEF3A, 0xBE17, 0xADB6, 0xA594, 0xADB5, 0xCE79, 0xAD96, 0xBE17, 0xC638, 0xC618,
    0xC617, 0xBDF6, 0xD677, 0xDEB8, 0xDED9, 0xE6FA, 0xEF1A, 0xEF5A, 0xCE99, 0x7CB4, 0x6454, 0x7CD5,
    0x4ACB, 0x428A, 0x3A49, 0x3A28, 0x3208, 0x29E8, 0x3A49, 0x638E, 0x5B6E, 0x4AEC, 0x4AEC, 0x63AF,
    0x9534, 0xB5D7, 0xB5F7, 0x94F3, 0x8492, 0x84B2, 0x8492, 0x9D55, 0xADD6, 0x73AE, 0x632B, 0x9CF2,
    0xD6B9, 0xA512, 0x94B1, 0x94F3, 0x8CB2, 0x9D34, 0xD6DA, 0xC658, 0xB5D6, 0x94F3, 0x94F3, 0x9514,
    0x8CD3, 0x9D34, 0xB5D7, 0xA555, 0x9534, 0x9D75, 0xADB6, 0xADD6, 0xADD6, 0xADB6, 0xADD6, 0xADF7,
    0xADD6, 0xADD6, 0x7C30, 0x5B0B, 0x5B0B, 0x5B0B, 0x634C, 0x6B8D, 0x634D, 0x6B6E, 0x8471, 0x8471,
    0x5B2C, 0x636E, 0x8CB3, 0x73F0, 0x2146, 0x1905, 0x2126, 0x1905, 0x2105, 0x2126, 0x1905, 0x18E5,
    0x18E5, 0x18E5, 0x10A4, 0x4A6B, 0x8C92, 0x8C92, 0x94B2, 0x8C92, 0x9491, 0x94D2, 0x9CF3, 0x732C,
    0x5A27, 0x6268, 0x6267, 0x6267, 0x6267, 0x5A67, 0x5A47, 0x5A47, 0x5226, 0x5247, 0x5A47, 0x5247,
    0x5A67, 0x62A8, 0x62A8, 0x6AC8, 0x6AE9, 0x6AE9, 0x6AE9, 0x732A, 0x7B6B, 0x7B6B, 0x838B, 0x8BCC,
    0x8BCD, 0x942E, 0x9C4F, 0xA46F, 0xA490, 0xA46F, 0xAC90, 0xAC70, 0xA470, 0xA46F, 0xAC6F, 0xB490,
    0x9C0F, 0xB535, 0xC65A, 0xBE3A, 0xBE3A, 0xC63B, 0xCEBC, 0x5B2F, 0x2148, 0x31CA, 0x3A0B, 0x4AAD,
    0x5B50, 0x4AAE, 0x4AAD, 0x7C11, 0x8C70, 0xAD11, 0xC5B2, 0xD655, 0xB573, 0x83F0, 0x9CF3, 0x9CF3,
    0x9CD2, 0xAD33, 0xCE15, 0xDEB8, 0x94B1, 0x7C30, 0x9CF4, 0x9CF3, 0x94D3, 0x8C91, 0xC636, 0xEF19,
    0xD677, 0xCE36, 0xD677, 0xCE36, 0xCE36, 0xCE37, 0xBDD5, 0xC5F6, 0xDEB8, 0xE6B8, 0xE6B8, 0xDEB8,
    0xE6B8, 0xDEB8, 0xDEB8, 0xDEB8, 0xDEB8, 0xDE98, 0xD677, 0xD677, 0xD677, 0xD677, 0xD677, 0xD677,
    0xD677, 0xD677, 0xD677, 0xD677, 0xD677, 0xD677, 0xD677, 0xD657, 0xD677, 0xD677, 0xDE77, 0xDE77,
    0xDE97, 0xDE97, 0x840E, 0x634C, 0x94B2, 0x8C91, 0x8C91, 0x7C2F, 0xA533, 0xE6B8, 0xDE97, 0xDE97,
    0xDE97, 0xE6B8, 0xE6B8, 0xE6B7, 0xE6B7, 0xE6B7, 0xE6B7, 0xE6B7, 0xE6B7, 0xE6B7, 0xE6B7, 0xE6B7,
    0xE6B7, 0xE6F8, 0xFFDD, 0xF7DE, 0xF7BD, 0xEF9D, 0xEF7C, 0xE73B, 0xB5D6, 0xBDF7, 0xBE17, 0xBDF7,
    0xBE17, 0xC616, 0xDE77, 0xDE77, 0xD657, 0xD678, 0xD678, 0xDED9, 0xBE18, 0x6453, 0x4BD2, 0x6454,
    0x636D, 0x638E, 0x6BAE, 0x6B8E, 0x636E, 0x636D, 0x5B2C, 0x52EB, 0x52EC, 0x530C, 0x5B2D, 0x636E,
    0x7C30, 0x8CD3, 0x9D34, 0x73EF, 0x6BCF, 0x7410, 0x6BF0, 0x7C51, 0x8491, 0x636C, 0x632B, 0x8CB2,
    0xBE38, 0x94F3, 0x8CB2, 0x94F3, 0x94F3, 0xA555, 0xC658, 0xB5F6, 0xA574, 0x8CD2, 0x94F3, 0x9514,
    0x8CD3, 0x9D34, 0xB5B6, 0xA555, 0x9D35, 0xA575, 0xADD7, 0xADD7, 0xADD6, 0xADF7, 0xB618, 0xA5B6,
    0xADD7, 0xB617, 0x740F, 0x52AA, 0x5AA9, 0x6B2B, 0x5AEB, 0x31C8, 0x2988, 0x2126, 0x52CC, 0x8C92,
    0x5B0C, 0x52CB, 0x3A09, 0x2126, 0x2126, 0x2126, 0x1905, 0x1905, 0x1905, 0x2126, 0x18E5, 0x18E5,
    0x18E5, 0x18E5, 0x18C4, 0x31A8, 0x8C72, 0x8C92, 0x8CB3, 0x8CB2, 0x8CB2, 0x8C92, 0x9CD3, 0xA513,
    0x83AE, 0x5A48, 0x6268, 0x6267, 0x6268, 0x5A47, 0x5A67, 0x5A67, 0x5A47, 0x5A47, 0x5A67, 0x5A47,
    0x5A67, 0x6288, 0x62A8, 0x6AC9, 0x6AC9, 0x730A, 0x730A, 0x732A, 0x7B4B, 0x836B, 0x8BAC, 0x93ED,
    0x93ED, 0x9C4E, 0xA46F, 0x9C4F, 0xA46F, 0xAC90, 0xAC90, 0xAC6F, 0xAC6F, 0xAC6F, 0xB490, 0x9C0F,
    0xA4B2, 0xC63A, 0xBE1A, 0xBE1A, 0xBE3A, 0xC63B, 0xCEBC, 0x73D2, 0x2148, 0x31CA, 0x39EB, 0x426D,
    0x52EF, 0x52EE, 0x4A8D, 0x426D, 0x634F, 0x8410, 0x9CB1, 0xB553, 0x9CB2, 0x3A09, 0x39E9, 0x4A6C,
    0x5AEB, 0xBDB3, 0xBD51, 0xAD11, 0x6B2C, 0x422A, 0x73B0, 0x8452, 0x94D3, 0x94B2, 0xD677, 0xEF39,
    0xEF19, 0xF75A, 0xEF19, 0xEF3A, 0xD677, 0xBDB4, 0xD698, 0xCE57, 0xCE36, 0xE6D8, 0xEEF9, 0xEEF9,
    0xEEF8, 0xEEF9, 0xEEF9, 0xEED9, 0xE6D9, 0xE6D9, 0xE6D9, 0xE6D9, 0xE6D9, 0xE6D9, 0xE6D8, 0xE6D8,
    0xE6D8, 0xE6D8, 0xE6D8, 0xE6B8, 0xE6B8, 0xE6B8, 0xE6B8, 0xE6B8, 0xE6B8, 0xE6D8, 0xE6D8, 0xE6D8,
    0xE6D8, 0xDED8, 0x7C0E, 0x6B6D, 0x8CB2, 0x8C91, 0x8CB2, 0x7C2F, 0xAD74, 0xE6D8, 0xE6B8, 0xE6B8,
    0xE6B8, 0xE6B8, 0xE6B8, 0xE6B7, 0xE6B7, 0xE6B7, 0xE6B7, 0xE6B7, 0xE6B7, 0xE6B7, 0xE6B7, 0xE6B8,
    0xE6B7, 0xEF19, 0xFFFD, 0xFFFE, 0xFFFE, 0xFFFF, 0xFFDE, 0xDEFA, 0xB5D6, 0xBDF7, 0xBDF7, 0xBDF7,
    0xBDF7, 0xB594, 0xCE36, 0xE6B8, 0xCE16, 0xB5D6, 0xC659, 0xB5D7, 0x9515, 0x6433, 0x53D2, 0x6C53,
    0x638E, 0x428A, 0x4AAB, 0x52EB, 0x52EB, 0x530C, 0x5B4D, 0x636D, 0x636D, 0x638E, 0x6B8E, 0x638E,
    0x6BAF, 0x7410, 0x63AE, 0x636D, 0x638E, 0x7C31, 0x7410, 0x6BAF, 0x7C51, 0x636D, 0x632B, 0x8471,
    0xADB6, 0x9D55, 0x9514, 0x9514, 0x9514, 0x9514, 0x9D55, 0x9534, 0x8CD3, 0x84B2, 0x94F3, 0x9514,
    0x8CD3, 0xA534, 0xB5B6, 0xA555, 0x9D55, 0x9D14, 0xAD96, 0xBE18, 0xB618, 0x9D75, 0x6BD0, 0x3A4A,
    0x73F0, 0x8471, 0x5AEA, 0x7B8A, 0x9C6D, 0xA4EF, 0x738B, 0x2966, 0x31A8, 0x2146, 0x4A8B, 0x4A8B,
    0x39E9, 0x2967, 0x2146, 0x2126, 0x2126, 0x2126, 0x1905, 0x1905, 0x1905, 0x1905, 0x1905, 0x18E5,
    0x18E5, 0x18E5, 0x18E5, 0x2105, 0x7BF1, 0x94B3, 0x94B3, 0x94B3, 0x94B2, 0x94B2, 0x94B2, 0x94D2,
    0xA534, 0x8C30, 0x6289, 0x6247, 0x6A88, 0x6288, 0x6268, 0x5A67, 0x5A67, 0x5A67, 0x5A47, 0x5A47,
    0x6268, 0x6288, 0x6AA8, 0x6AC8, 0x72C9, 0x72EA, 0x730A, 0x7B4B, 0x836B, 0x8BAC, 0x8BCD, 0x8BED,
    0x940E, 0x9C2E, 0x9C4F, 0xA44F, 0xA490, 0xAC90, 0xAC70, 0xAC6F, 0xAC70, 0xAC90, 0x9C0F, 0x9C72,
    0xC619, 0xBE19, 0xBE1A, 0xBE3A, 0xBE3A, 0xBE3B, 0xCE9C, 0x7C33, 0x2148, 0x31CA, 0x39EB, 0x424C,
    0x4AAE, 0x4ACE, 0x4A8D, 0x426C, 0x424C, 0x4AAE, 0x4A8C, 0x4A6B, 0x5AED, 0x6B6E, 0x31A7, 0x39E9,
    0x422A, 0x734C, 0xBD92, 0xD634, 0xBD92, 0x4A69, 0x3A2B, 0x52EE, 0x634F, 0x7C11, 0x94D3, 0x94B1,
    0x94D1, 0xA512, 0xA533, 0xB5B5, 0xAD94, 0xA533, 0xBDF6, 0xC657, 0xCE57, 0xE6F9, 0xEF19, 0xEEF9,
    0xEEF9, 0xEEF9, 0xEEF9, 0xEF19, 0xEEF9, 0xEEF9, 0xEED9, 0xE6D8, 0xE6D8, 0xE6D8, 0xE6D8, 0xE6D8,
    0xE6B8, 0xE6B8, 0xE6B8, 0xE6B8, 0xE6B8, 0xE6B8, 0xE6B8, 0xE6B8, 0xE6B7, 0xE6B7, 0xE6B8, 0xE6B8,
    0xE6D8, 0xDEB8, 0x7BED, 0x6B8D, 0x94B2, 0x8C92, 0x8C92, 0x7C2F, 0xBDB4, 0xEEF8, 0xE6D8, 0xE6D8,
    0xE6B8, 0xE6B8, 0xE6B8, 0xE6B8, 0xE6B8, 0xE6B7, 0xE6B8, 0xE6D8, 0xE6D8, 0xE6B8, 0xE6B8, 0xE6B7,
    0xE6B8, 0xE6D8, 0xDED9, 0xCE78, 0xD6B9, 0xE75B, 0xCE79, 0xAD95, 0xB5B6, 0xB5B6, 0x94F3, 0x8471,
    0x9D14, 0xC616, 0xBDB4, 0xB574, 0xA512, 0x8C91, 0x8CB2, 0x7431, 0x7411, 0x63D1, 0x5370, 0x63F1,
    0x7430, 0x5B6D, 0x638E, 0x638E, 0x5B4D, 0x638E, 0x63AF, 0x73F0, 0x4AAA, 0x428A, 0x4AAA, 0x428A,
    0x530C, 0x7410, 0x4ACA, 0x530B, 0x5B2C, 0x638E, 0x532C, 0x5B4D, 0x73EF, 0x634C, 0x632C, 0x8451,
    0xADB6, 0xA5B6, 0xA5B7, 0xA5D7, 0xADD7, 0xA596, 0x84B2, 0x9514, 0x8CF3, 0x7430, 0x8471, 0x8492,
    0x8492, 0x94F3, 0x9D34, 0x9D35, 0xA596, 0xAD96, 0xA575, 0x8492, 0x5B0D, 0x31E9, 0x2987, 0x2988,
    0x2987, 0x52A9, 0x9C8E, 0xACEE, 0x946D, 0x6B09, 0x3185, 0x2967, 0x2147, 0x10C4, 0x2126, 0x2167,
    0x2147, 0x2126, 0x2146, 0x2126, 0x2126, 0x1905, 0x1905, 0x1905, 0x1905, 0x1905, 0x1905, 0x18E5,
    0x1905, 0x1905, 0x1905, 0x10C4, 0x5B0D, 0x94D4, 0x8CB3, 0x94D3, 0x94D3, 0x94D3, 0x94B2, 0x94B2,
    0x94D2, 0xA514, 0x9CB2, 0x6AEA, 0x5A47, 0x6288, 0x6268, 0x6268, 0x6268, 0x5A67, 0x5A67, 0x6288,
    0x62A8, 0x6288, 0x6AA8, 0x6AC9, 0x72E9, 0x72EA, 0x7B0A, 0x7B4B, 0x836C, 0x8BAC, 0x93ED, 0x93ED,
    0x940E, 0x9C4F, 0x9C4F, 0x9C6F, 0xA46F, 0xAC70, 0xA46F, 0xAC6F, 0xAC70, 0x9C0E, 0x9C51, 0xC619,
    0xBE19, 0xBDF9, 0xBE1A, 0xBE3A, 0xBE3B, 0xBE3B, 0xC67C, 0x8433, 0x2148, 0x31CA, 0x39EB, 0x3A2C,
    0x428D, 0x4AAE, 0x42AD, 0x426D, 0x426C, 0x424C, 0x424C, 0x3A0B, 0x2988, 0x2126, 0x2125, 0x10C4,
    0x2968, 0x31A8, 0x4208, 0x6B2B, 0x83ED, 0x5AEA, 0x3188, 0x52CE, 0x4AAE, 0x52CE, 0x5AEF, 0x5B2E,
    0x5B2E, 0x5B0C, 0x5AEA, 0x4A69, 0x4A89, 0x52CA, 0x5B0B, 0x634C, 0x6BAD, 0x73EE, 0x842F, 0xD697,
    0xEF1A, 0xEEF9, 0xE6F8, 0xCE56, 0xD677, 0xDED8, 0xE6F9, 0xEEF9, 0xEF19, 0xEF3A, 0xF73A, 0xF73A,
    0xF73A, 0xF73A, 0xF73A, 0xF73A, 0xEEF9, 0xE6D9, 0xE6D8, 0xE6B8, 0xE6B8, 0xE6B8, 0xE6B8, 0xE6B8,
    0xE6D8, 0xDE77, 0x73AD, 0x73AE, 0x94B2, 0x8C92, 0x9492, 0x840F, 0xBDD5, 0xEEF9, 0xE6D8, 0xE6D8,
    0xE6B8, 0xE6B8, 0xE6B8, 0xE6B8, 0xE6B8, 0xE6B7, 0xE6B7, 0xE6B7, 0xE6B7, 0xE6D7, 0xE6D8, 0xE6B8,
    0xE6D8, 0xE6B8, 0xAD73, 0x842F, 0xAD73, 0xB5B5, 0x9CF3, 0x6B8E, 0x8450, 0x9CF3, 0x636D, 0x52CB,
    0x8450, 0xDEB9, 0xC616, 0x842F, 0x8450, 0xC616, 0xB594, 0x73EF, 0x6BAF, 0x73F0, 0x7C31, 0x8492,
    0x84B2, 0x8CF4, 0x8CF4, 0x84B3, 0x84B2, 0x9555, 0x8D14, 0x9D96, 0x7410, 0x42AB, 0x4ACB, 0x530C,
    0x5B4D, 0x7410, 0x636D, 0x4269, 0x52EB, 0x5B4D, 0x4AAA, 0x4ACB, 0x5B0B, 0x5AEB, 0x632B, 0x8430,
    0x8CD3, 0x638E, 0x6BEF, 0x7430, 0x8471, 0x8CD3, 0x8471, 0x9513, 0x9534, 0x7C51, 0x7C71, 0x8471,
    0x7C51, 0x7C51, 0x8492, 0x9513, 0x94D3, 0x73F0, 0x424A, 0x2987, 0x2987, 0x31A8, 0x31A8, 0x31A8,
    0x2987, 0x52A9, 0x5AA8, 0x4206, 0x2945, 0x20E4, 0x2946, 0x2946, 0x10C4, 0x10A3, 0x1926, 0x2146,
    0x2126, 0x2126, 0x2126, 0x2126, 0x1926, 0x1905, 0x1905, 0x1926, 0x1905, 0x1905, 0x1905, 0x18E5,
    0x1905, 0x1905, 0x1905, 0x10C4, 0x39E9, 0x94D4, 0x8CB3, 0x94D4, 0x94D3, 0x94D3, 0x94D3, 0x94D3,
    0x94D3, 0x94F3, 0xA534, 0xA513, 0x7BAD, 0x5A48, 0x6268, 0x6AA8, 0x6288, 0x6288, 0x62A8, 0x6288,
    0x6288, 0x62A8, 0x6AA9, 0x6AA8, 0x72E9, 0x730A, 0x7B0A, 0x7B2B, 0x8BAC, 0x8BAC, 0x8BCD, 0x940E,
    0x9C2E, 0x9C4F, 0x9C2F, 0xA44F, 0xA44F, 0xA470, 0xA470, 0xAC70, 0x9C0E, 0xA451, 0xC5F8, 0xBE19,
    0xBE19, 0xBE1A, 0xBE1A, 0xBE3A, 0xC63B, 0xBE3A, 0xC65B, 0x7C13, 0x2148, 0x31AA, 0x31CA, 0x3A2C,
    0x428D, 0x4AAE, 0x4AAD, 0x426D, 0x424C, 0x424C, 0x424C, 0x3A0B, 0x3188, 0x2967, 0x1905, 0x10A4,
    0x10A3, 0x2105, 0x2987, 0x31A9, 0x2968, 0x2947, 0x2988, 0x426C, 0x52CF, 0x4ACE, 0x52CF, 0x52EF,
    0x5B30, 0x5B0E, 0x840F, 0xAD32, 0x738B, 0x5289, 0x4228, 0x4228, 0x4228, 0x3A07, 0x5B0B, 0xDED8,
    0xEF19, 0xEF19, 0xCE56, 0x5AEA, 0x52CA, 0x634B, 0x6B8C, 0x73CD, 0x7C2F, 0x8C90, 0x9CD1, 0xA532,
    0xAD73, 0xB594, 0xB5B4, 0xBDD5, 0xDEB8, 0xEF1A, 0xEF19, 0xEF19, 0xEF19, 0xEEF9, 0xEEF9, 0xEEF9,
    0xEEF9, 0xDE97, 0x73AD, 0x73CE, 0x94B2, 0x8C92, 0x9492, 0x842F, 0xC616, 0xEEF9, 0xE6D8, 0xE6B8,
    0xE6D8, 0xE6B8, 0xE6B8, 0xE6B8, 0xE697, 0xE6B7, 0xE6B7, 0xE6B7, 0xE6B7, 0xE6B7, 0xE6B7, 0xE6B8,
    0xE6B8, 0xE6D8, 0xC5B4, 0xA512, 0xCDF5, 0xB573, 0x9CB1, 0x7BAD, 0x842F, 0xAD33, 0x8C91, 0x842F,
    0xB573, 0xC5D4, 0xC5F5, 0x9CD1, 0xA512, 0xEF39, 0xEF19, 0xC5F6, 0x9491, 0xC617, 0xE6FA, 0xE6FA,
    0x7431, 0x6BF0, 0x6BF0, 0x7451, 0x8CF4, 0x9555, 0x9555, 0x9D76, 0x84B3, 0x6BF0, 0x84B3, 0x84D3,
    0x8CF4, 0x7C72, 0x7C71, 0x7410, 0x7410, 0x7C31, 0x5B2C, 0x4ACB, 0x52EB, 0x52EB, 0x5B0B, 0x7C30,
    0x8CD3, 0x530C, 0x52EB, 0x52EB, 0x4ACB, 0x52EB, 0x6BCE, 0x636D, 0x5B2C, 0x634C, 0x634D, 0x636D,
    0x6B8D, 0x842F, 0x7C0F, 0x4A6A, 0x31E9, 0x2967, 0x2987, 0x3188, 0x31A8, 0x31A8, 0x2988, 0x2987,
    0x2967, 0x2147, 0x2125, 0x1905, 0x2966, 0x2966, 0x2105, 0x10A3, 0x0883, 0x18E5, 0x1926, 0x1926,
    0x1906, 0x1926, 0x1926, 0x1926, 0x1926, 0x1905, 0x1905, 0x1905, 0x1905, 0x1905, 0x18E5, 0x18E5,
    0x1905, 0x1905, 0x1905, 0x1905, 0x1905, 0x7BF1, 0x94D4, 0x94D4, 0x94F4, 0x94F4, 0x94F4, 0x94F4,
    0x94F3, 0x9CF3, 0x9CF3, 0x9D14, 0xAD55, 0x9471, 0x6ACA, 0x6268, 0x6AA8, 0x6AA8, 0x6AA8, 0x6AA8,
    0x62A8, 0x6AA9, 0x6AA8, 0x6AC9, 0x72E9, 0x730A, 0x7B0A, 0x834B, 0x838C, 0x8BCD, 0x93ED, 0x9C0E,
    0x9C2E, 0x9C2E, 0x9C4F, 0xA44F, 0xA44F, 0xA46F, 0xAC70, 0x9C0F, 0xA471, 0xBDD8, 0xBE19, 0xBDF9,
    0xB619, 0xBE1A, 0xBE1A, 0xBE3B, 0xC63B, 0xBE1A, 0xBE3B, 0x73D1, 0x2128, 0x31AA, 0x31CA, 0x3A0B,
    0x424C, 0x42AD, 0x4AAD, 0x426D, 0x3A4C, 0x3A2B, 0x3A0B, 0x3A0B, 0x31C9, 0x2988, 0x2947, 0x2126,
    0x18C4, 0x10A3, 0x10A4, 0x1905, 0x2988, 0x31A8, 0x2167, 0x31EA, 0x3A2B, 0x426D, 0x4AAE, 0x52CF,
    0x52EF, 0x530F, 0x52CD, 0xBDB2, 0xE6B5, 0xC5F3, 0x7BCD, 0x5289, 0x4A89, 0x39E7, 0x8C90, 0xEF5A,
    0xEEF9, 0xEF3A, 0xAD32, 0x4227, 0x4228, 0x3A08, 0x3A07, 0x3A07, 0x3A07, 0x3A07, 0x3A07, 0x3A07,
    0x3A27, 0x4228, 0x4227, 0x52C9, 0xC636, 0xE6F9, 0xE6D8, 0xE6D9, 0xE6D9, 0xE6D8, 0xE6D9, 0xE6D9,
    0xE6F9, 0xD657, 0x6B8C, 0x7BEF, 0x94B2, 0x9492, 0x9491, 0x842F, 0xCE16, 0xEEF9, 0xE6B8, 0xE6D8,
    0xE6B8, 0xE698, 0xE698, 0xDE97, 0xDE77, 0xDE77, 0xDE77, 0xDE57, 0xDE77, 0xDE77, 0xDE97, 0xDE97,
    0xDE97, 0xE6B7, 0xE6B7, 0xDEB8, 0xDE76, 0xDE76, 0xDE77, 0xDE97, 0xDE98, 0xE6D8, 0xCE16, 0xB573,
    0xEF19, 0xEED8, 0xEEF8, 0xCE36, 0xA553, 0xD699, 0xD698, 0xC617, 0xA554, 0xC637, 0xCE78, 0xC638,
    0x7431, 0x63CF, 0x63CF, 0x7431, 0x7C72, 0x8CD3, 0x9535, 0xA5B7, 0x9555, 0x84D3, 0x9555, 0x9535,
    0x8D14, 0x7C72, 0x7C71, 0x7C31, 0x6BCF, 0x6BAF, 0x63AE, 0x6C10, 0x7C51, 0x636D, 0x5AEB, 0x7C30,
    0x9D55, 0x7C72, 0x7431, 0x6BF0, 0x6BAF, 0x638E, 0x6BCF, 0x6B8E, 0x632C, 0x634C, 0x6B4C, 0x7BAC,
    0xA4EF, 0xBD4F, 0xB54F, 0x4A48, 0x2967, 0x31A8, 0x2988, 0x31A8, 0x3188, 0x2988, 0x2967, 0x2147,
    0x2146, 0x2126, 0x2146, 0x2126, 0x2105, 0x10E4, 0x0882, 0x0862, 0x10C4, 0x1905, 0x1926, 0x1926,
    0x1926, 0x1926, 0x2146, 0x1926, 0x1926, 0x1926, 0x1905, 0x1905, 0x1905, 0x1905, 0x1905, 0x18E5,
    0x1905, 0x1905, 0x1905, 0x1905, 0x18E5, 0x4AAC, 0x94D4, 0x8CB4, 0x94D4, 0x94F4, 0x94F4, 0x9CF4,
    0x9CF4, 0x9CF4, 0x9D14, 0x9D14, 0x9D14, 0xA555, 0xA513, 0x7B6C, 0x6288, 0x6AC9, 0x6AC9, 0x6AA9,
    0x6AA9, 0x6AA9, 0x6AA8, 0x6AC9, 0x72E9, 0x72EA, 0x7B0A, 0x834B, 0x836C, 0x8BAC, 0x93ED, 0x9C0E,
    0x9C0E, 0x9C0E, 0xA44F, 0xA44F, 0xA44F, 0xAC70, 0x9BEE, 0x9C51, 0xBDD7, 0xBE19, 0xBE19, 0xBE19,
    0xBE1A, 0xBE3A, 0xBE3B, 0xBE3B, 0xBE3B, 0xBE1A, 0xBE1A, 0x6350, 0x2148, 0x31A9, 0x31CA, 0x3A0B,
    0x3A4C, 0x428D, 0x4AAE, 0x428D, 0x3A4C, 0x3A2B, 0x3A0B, 0x39EB, 0x31EA, 0x31CA, 0x2989, 0x2967,
    0x2146, 0x1905, 0x10C4, 0x10A4, 0x10A4, 0x18E5, 0x2126, 0x2147, 0x2967, 0x31A9, 0x3A0A, 0x424C,
    0x52AE, 0x530F, 0x52CF, 0x7BCD, 0xD652, 0xDE72, 0xD654, 0x7BAC, 0x9CD0, 0x840D, 0xB574, 0xF75A,
    0xEF19, 0xE719, 0x840E, 0x3A07, 0x4248, 0x4228, 0x4228, 0x4248, 0x4249, 0x4249, 0x4A28, 0x4A28,
    0x4A29, 0x4A49, 0x4208, 0x73EE, 0xDED9, 0xE6D8, 0xDED8, 0xDEB8, 0xDEB8, 0xDEB8, 0xDEB8, 0xDEB8,
    0xE6D8, 0xC616, 0x636C, 0x7C10, 0x94B2, 0x94B2, 0x9492, 0x8430, 0xCE36, 0xE6D8, 0xE6B8, 0xDEB8,
    0xDE97, 0xDE97, 0xDE97, 0xE698, 0xE6B8, 0xE6B8, 0xE6B8, 0xE6B8, 0xE6B8, 0xE6B8, 0xE6D8, 0xE6D8,
    0xE6D8, 0xE6D8, 0xE6D8, 0xE6D8, 0xE6F8, 0xEEF8, 0xEEF9, 0xEEF8, 0xEEF9, 0xEF3B, 0xE71A, 0xDED9,
    0xE71A, 0xE71A, 0xE6FA, 0xD6DA, 0xB618, 0xB5F8, 0xB618, 0xB618, 0xBE39, 0xBE39, 0xB639, 0xB639,
    0x84B2, 0x7451, 0x7C71, 0x84D3, 0x8CD3, 0xA595, 0xB618, 0xCEFB, 0xBE79, 0x84B2, 0x8CF4, 0x9D75,
    0x8D14, 0x8CF4, 0x9D96, 0x8CD3, 0x7431, 0x7C72, 0x84B3, 0x9D55, 0xB638, 0x7C51, 0x52EA, 0x7C30,
    0xA5B7, 0xADF8, 0xADF8, 0xA5B7, 0x9D76, 0x9D55, 0x84B2, 0x8C91, 0x8430, 0x5AEC, 0x840D, 0xC590,
    0xC56F, 0xBD6F, 0xBD4E, 0xACCE, 0x39E7, 0x31A8, 0x31A8, 0x2988, 0x2967, 0x2967, 0x2147, 0x2126,
    0x2125, 0x18E5, 0x10C4, 0x10A3, 0x0862, 0x0862, 0x0883, 0x10C4, 0x1926, 0x1926, 0x1926, 0x1926,
    0x1926, 0x2126, 0x2126, 0x1926, 0x1926, 0x1905, 0x1905, 0x1905, 0x1905, 0x1905, 0x1905, 0x18E5,
    0x1905, 0x1905, 0x1905, 0x1905, 0x1905, 0x2967, 0x8472, 0x94B4, 0x94D4, 0x94F4, 0x9D14, 0x9D14,
    0x9D15, 0x9D15, 0x9D14, 0x9D14, 0x9D14, 0x9D14, 0xA535, 0xAD55, 0x8C30, 0x6AEA, 0x6AA9, 0x72EA,
    0x72C9, 0x72C9, 0x72C9, 0x72C9, 0x72C9, 0x72EA, 0x7B2A, 0x834B, 0x838C, 0x8BAD, 0x93ED, 0x9C0E,
    0x9C0E, 0x9C2E, 0xA42F, 0xA42F, 0xA44F, 0x9BEE, 0x9C71, 0xBDD7, 0xBE19, 0xBDF9, 0xBDF9, 0xBE1A,
    0xBE1A, 0xBE3A, 0xBE3B, 0xBE3B, 0xBE1A, 0xBE1A, 0xB5D9, 0x5B0F, 0x2968, 0x31CA, 0x31EA, 0x3A0B,
    0x3A2C, 0x426D, 0x42AD, 0x428D, 0x424C, 0x3A2C, 0x3A0B, 0x3A0B, 0x39EA, 0x31EA, 0x31A9, 0x2988,
    0x2968, 0x2147, 0x2126, 0x1905, 0x10C4, 0x08A3, 0x10A3, 0x10A3, 0x10C4, 0x18E5, 0x2126, 0x2988,
    0x39EB, 0x4A6D, 0x52EF, 0x630C, 0xC5B1, 0xD611, 0xDE73, 0x9CAF, 0x83AD, 0xDEB5, 0xD653, 0xDE76,
    0xE6D8, 0xDE97, 0x52C9, 0x4228, 0x4A49, 0x4228, 0x4228, 0x4228, 0x4228, 0x4228, 0x4228, 0x4228,
    0x4248, 0x4248, 0x4248, 0x94F2, 0xE6F9, 0xE6B8, 0xDEB8, 0xDEB8, 0xDEB8, 0xDEB8, 0xDEB8, 0xDEB8,
    0xE6D9, 0xBDF5, 0x634C, 0x8430, 0x94B2, 0x94B2, 0x8C91, 0x8C50, 0xD677, 0xEEF9, 0xE6F9, 0xEEF9,
    0xEEF9, 0xEEF9, 0xEEF9, 0xEEF9, 0xEEF9, 0xEEF9, 0xEEF9, 0xEEF9, 0xEEF9, 0xEEF8, 0xEEF8, 0xEEF8,
    0xE6D8, 0xE6D8, 0xE6D8, 0xE6D8, 0xE6D8, 0xE6D8, 0xE6D8, 0xEEF8, 0xDEB9, 0xBE38, 0xC6BB, 0xCEFC,
    0xCF1C, 0xCF1C, 0xD71C, 0xD71C, 0xD75D, 0xD75E, 0xDF5E, 0xDF7E, 0xDF5E, 0xDF5E, 0xDF5E, 0xDF7E,
    0x7430, 0x6C10, 0x6C10, 0x7C72, 0x9514, 0xA595, 0x9D75, 0xB618, 0xB617, 0x84B3, 0x9535, 0xA5D7,
    0x9D96, 0xB638, 0xCEFB, 0xADF7, 0x8CF3, 0x8CF3, 0x8CD3, 0xA5B7, 0xCEDB, 0x94F3, 0x52EA, 0x7C0F,
    0xB618, 0xCEBB, 0xCEBB, 0xCEDB, 0xBE7A, 0xBE17, 0xB593, 0xAD51, 0x9CAF, 0x4A4A, 0x4229, 0xA48D,
    0xBD6E, 0xBD4F, 0xBD2E, 0xBD6E, 0x83CB, 0x3187, 0x31A8, 0x2967, 0x2967, 0x2126, 0x1906, 0x18E5,
    0x10A3, 0x0883, 0x0883, 0x0883, 0x0883, 0x10C4, 0x1905, 0x1926, 0x2126, 0x1926, 0x1926, 0x1925,
    0x1926, 0x1926, 0x1926, 0x1926, 0x1926, 0x1926, 0x1905, 0x1905, 0x1905, 0x1905, 0x1905, 0x1905,
    0x1905, 0x1905, 0x2105, 0x1905, 0x2126, 0x18E5, 0x632E, 0x94D4, 0x94B4, 0x94F4, 0x9514, 0x9D14,
    0x9D15, 0x9D15, 0x9D35, 0x9D35, 0x9D35, 0x9D35, 0xA534, 0xA534, 0xAD55, 0xA4F3, 0x7B6D, 0x72CA,
    0x7B0A, 0x7B0A, 0x7AEA, 0x72EA, 0x730A, 0x7B0A, 0x7B2A, 0x834B, 0x838C, 0x8BAD, 0x93ED, 0x9BEE,
    0x9C0E, 0x9C2F, 0xA44F, 0xA42F, 0x93CE, 0x9C71, 0xBDB7, 0xBDF9, 0xBE19, 0xBE19, 0xBE19, 0xBE1A,
    0xBE3A, 0xBE3B, 0xC65B, 0xBE3B, 0xBE1A, 0xB5FA, 0xAD98, 0x52EE, 0x2168, 0x3189, 0x31CA, 0x3A0B,
    0x3A2C, 0x3A4C, 0x426D, 0x428D, 0x426C, 0x3A2C, 0x3A0B, 0x39EB, 0x39EB, 0x31EA, 0x31CA, 0x2989,
    0x2988, 0x2968, 0x2167, 0x2147, 0x2126, 0x10E5, 0x10A3, 0x0883, 0x0883, 0x0883, 0x10A3, 0x10C4,
    0x2106, 0x2968, 0x3A0A, 0x4A4A, 0xACEF, 0xD631, 0xD652, 0xC5F1, 0x6B4B, 0xB551, 0xE6B4, 0xDE73,
    0xAD30, 0xA511, 0x7BED, 0x4207, 0x39E7, 0x4228, 0x4248, 0x4228, 0x4228, 0x4228, 0x4228, 0x4228,
    0x4228, 0x4228, 0x4AA9, 0xBDF6, 0xEF1A, 0xE6F9, 0xE6F9, 0xE6D8, 0xE6D8, 0xE6D8, 0xE6D8, 0xE6D8,
    0xEEF9, 0xBDD5, 0x634C, 0x8451, 0x94B2, 0x94B2, 0x8C71, 0x8C70, 0xE6D8, 0xEF19, 0xEEF9, 0xEEF9,
    0xEEF9, 0xE6D8, 0xE6D8, 0xE6D8, 0xE6D8, 0xE6D8, 0xE6D8, 0xE6D8, 0xE6D8, 0xE6D8, 0xE6D8, 0xE6D8,
    0xE6D8, 0xE6D8, 0xEED8, 0xEEF8, 0xEEF8, 0xEEF8, 0xEEF8, 0xEEF9, 0xDEB8, 0x6BCE, 0x532C, 0x63AF,
    0x6BF0, 0x7451, 0x7CB3, 0x84F4, 0x9535, 0x9D76, 0x9DB7, 0xA5D7, 0xADF8, 0xAE18, 0xB639, 0xB659,
    0x8492, 0x7431, 0x7431, 0x84B2, 0xA5B6, 0xB617, 0xADF7, 0xB638, 0xADD7, 0x84D3, 0x8CF4, 0x9535,
    0x84B2, 0x9514, 0xA5D7, 0x9514, 0x84B3, 0x84D3, 0x8CD3, 0xA596, 0xC6BB, 0x9513, 0x52EB, 0x740F,
    0xB617, 0xCEDB, 0xD6FC, 0xC639, 0xB5B4, 0xB54F, 0xBD6E, 0xBD6E, 0xC58F, 0x83ED, 0x39E9, 0x5289,
    0xBD4F, 0xBD4E, 0xBD6F, 0xB52E, 0xBD4E, 0x5A88, 0x2946, 0x2146, 0x1905, 0x10C4, 0x0883, 0x0862,
    0x0862, 0x0862, 0x0882, 0x10A3, 0x1905, 0x1926, 0x2126, 0x2126, 0x2126, 0x1926, 0x1926, 0x1926,
    0x1926, 0x2127, 0x1926, 0x1926, 0x1926, 0x1926, 0x1905, 0x1905, 0x1925, 0x1905, 0x1905, 0x1905,
    0x1905, 0x1905, 0x1905, 0x1905, 0x2126, 0x18E5, 0x31A8, 0x8C93, 0x94B4, 0x94D4, 0x94F4, 0x9D14,
    0x9D35, 0x9D35, 0x9D35, 0xA535, 0xA555, 0xA555, 0xA535, 0xA535, 0xA534, 0xAD75, 0xAD55, 0x8C30,
    0x730A, 0x7B0A, 0x832B, 0x7B2A, 0x7B2A, 0x7B2B, 0x7B2B, 0x834B, 0x8B8C, 0x93AD, 0x93EE, 0x9C0E,
    0xA42F, 0xA42F, 0xA40F, 0x93CE, 0xA492, 0xBDB7, 0xBDF8, 0xBE19, 0xBDF9, 0xBE19, 0xBE1A, 0xBE3A,
    0xBE3B, 0xBE3B, 0xC65B, 0xBE3B, 0xBE1A, 0xB5F9, 0xA557, 0x52CE, 0x2968, 0x2989, 0x31A9, 0x31EB,
    0x3A2C, 0x3A4C, 0x3A6C, 0x3A6C, 0x426C, 0x3A2B, 0x3A0B, 0x3A0B, 0x39EB, 0x39EB, 0x31EA, 0x31AA,
    0x2989, 0x2989, 0x2988, 0x2968, 0x2967, 0x2147, 0x2126, 0x1905, 0x18E4, 0x10A4, 0x10A3, 0x0883,
    0x1083, 0x10C4, 0x18E4, 0x3165, 0x942C, 0xBD6E, 0xCDD0, 0xCE11, 0x83ED, 0x944F, 0xE6B4, 0xDE93,
    0xD652, 0x7BCC, 0xBDB3, 0xC612, 0x83EC, 0x4A68, 0x3A08, 0x3A08, 0x4228, 0x4228, 0x4228, 0x4228,
    0x4228, 0x4208, 0x6B8D, 0xEF9C, 0xFFBC, 0xFFBC, 0xF79C, 0xF77B, 0xEF3A, 0xEF1A, 0xEF19, 0xEEF9,
    0xEF19, 0xB5B4, 0x634C, 0x8C71, 0x94B2, 0x94B2, 0x8C71, 0x94B1, 0xE6D8, 0xEEF9, 0xEED9, 0xE6D8,
    0xE6D8, 0xE6D9, 0xE6D8, 0xE6D8, 0xE6D8, 0xE6D8, 0xE6D8, 0xE6D8, 0xE6D8, 0xE6D8, 0xE6D8, 0xEEF8,
    0xEEF9, 0xEEF8, 0xEED8, 0xE6B8, 0xE6B7, 0xE6B8, 0xDE98, 0xDE98, 0xD657, 0x73CE, 0x52AA, 0x4228,
    0x2965, 0x29A6, 0x29C7, 0x31C7, 0x31E7, 0x3228, 0x3A49, 0x3A49, 0x3A69, 0x3A69, 0x428A, 0x42AB,
    0x84B3, 0x7C51, 0x7C51, 0x8492, 0x9D75, 0xADF7, 0xADD6, 0xA5B6, 0x9534, 0x84B3, 0x9535, 0xB638,
    0xADD6, 0xADD7, 0xB638, 0xA596, 0x8CF4, 0x8CF4, 0x8CD3, 0x9535, 0xB618, 0x8CB2, 0x52CA, 0x73EF,
    0xBE17, 0xD698, 0x9D12, 0x426A, 0x62EA, 0xBD70, 0xB52D, 0xC5AF, 0xBD6E, 0xC5B0, 0x630A, 0x2988,
    0x734A, 0xC58E, 0xBD2E, 0xBD2E, 0xB50D, 0x8C0A, 0x2104, 0x10C4, 0x0882, 0x0862, 0x0062, 0x0882,
    0x08A3, 0x10C4, 0x10E4, 0x1905, 0x1926, 0x1926, 0x2127, 0x2126, 0x1926, 0x1926, 0x1925, 0x1926,
    0x2127, 0x2147, 0x2127, 0x1926, 0x1926, 0x1926, 0x1925, 0x1925, 0x1925, 0x1905, 0x1905, 0x1905,
    0x1905, 0x1905, 0x1905, 0x1926, 0x1905, 0x2126, 0x1905, 0x6B8F, 0x94D4, 0x94D4, 0x94F4, 0x9514,
    0x9D15, 0x9D35, 0xA535, 0xA555, 0xA556, 0xA556, 0xA556, 0xA555, 0xA555, 0xA555, 0xAD55, 0xB597,
    0xA4F3, 0x838D, 0x7B2B, 0x834B, 0x832B, 0x834B, 0x834B, 0x836B, 0x8B8C, 0x93AD, 0x93EE, 0x9BEE,
    0xA42F, 0x9C0F, 0x93CE, 0xA4D3, 0xB5B7, 0xBDD8, 0xBDF9, 0xBDF9, 0xBDF9, 0xBE1A, 0xBE3A, 0xBE3B,
    0xBE3B, 0xBE3B, 0xC65B, 0xBE3B, 0xBE1A, 0xB5D9, 0x9D37, 0x52EE, 0x2968, 0x2989, 0x31CA, 0x31CA,
    0x3A0B, 0x3A4C, 0x3A6C, 0x3A6C, 0x3A4C, 0x3A4C, 0x3A0B, 0x3A0B, 0x39EB, 0x39EB, 0x31EA, 0x31EB,
    0x31AA, 0x29A9, 0x2989, 0x2988, 0x2988, 0x2968, 0x2968, 0x2967, 0x2147, 0x2126, 0x1905, 0x18E5,
    0x10C4, 0x10A3, 0x0882, 0x18E3, 0x5225, 0x7327, 0x944B, 0xB50D, 0x736A, 0x6B2B, 0xD632, 0xDE52,
    0xDE92, 0xA4CF, 0x73AD, 0xE6D5, 0xEED4, 0xC5F2, 0x6B4B, 0x5ACA, 0x41E7, 0x39E7, 0x4228, 0x4249,
    0x4248, 0x3A07, 0x94D2, 0xFFFE, 0xFFDD, 0xFFFE, 0xFFFE, 0xFFFE, 0xFFFE, 0xFFDD, 0xEF1A, 0xE6D9,
    0xEF19, 0xAD73, 0x634C, 0x8C91, 0x94B2, 0x94B2, 0x8C71, 0x94D1, 0xE6F9, 0xEEF9, 0xE6F9, 0xE6F9,
    0xEEF8, 0xEEF9, 0xE6D9, 0xE6D8, 0xE6D8, 0xE6D8, 0xE6D8, 0xE6B8, 0xE6D8, 0xE6B8, 0xE6B7, 0xE6B8,
    0xE6B8, 0xD677, 0xC5F5, 0xC5B4, 0xD5D3, 0xCDF4, 0xB594, 0xAD53, 0xA512, 0x636D, 0x5B0B, 0x4228,
    0x18E4, 0x1904, 0x18E4, 0x18E4, 0x18E4, 0x1904, 0x2104, 0x1904, 0x1904, 0x1904, 0x2965, 0x2986,
    0x7C92, 0x7C72, 0x7C51, 0x7C72, 0x84B2, 0x8CF3, 0x8D14, 0x8CF4, 0x84D3, 0x84B3, 0x84D3, 0x9D75,
    0xA5B6, 0xBE79, 0xBE38, 0xA5B6, 0x9534, 0x8D14, 0x8CF4, 0xA596, 0xCEDB, 0x9D34, 0x6B4B, 0x946E,
    0xBD91, 0xB52E, 0xACEE, 0x5ACA, 0x31C9, 0x83CC, 0xC5B0, 0xBD6E, 0xC5AF, 0xC56E, 0xB52F, 0x4228,
    0x39C7, 0x9C8C, 0xBD2D, 0xACCC, 0x9409, 0x7327, 0x2923, 0x0042, 0x0862, 0x10A3, 0x10C4, 0x18E5,
    0x1905, 0x1926, 0x1926, 0x2126, 0x2127, 0x2127, 0x2127, 0x2127, 0x1926, 0x1926, 0x1926, 0x1926,
    0x2127, 0x2127, 0x1927, 0x1926, 0x2126, 0x1926, 0x1905, 0x1925, 0x1905, 0x1905, 0x1905, 0x1905,
    0x1905, 0x1905, 0x1905, 0x1905, 0x1905, 0x2126, 0x18E5, 0x3A2A, 0x94D4, 0x94D4, 0x94F5, 0x9515,
    0x9D15, 0x9D35, 0x9D55, 0xA556, 0xA576, 0xA576, 0xA576, 0xA576, 0xA576, 0xA576, 0xAD56, 0xAD76,
    0xB5B7, 0xAD55, 0x9451, 0x836D, 0x836C, 0x8B6C, 0x8B8C, 0x8B8C, 0x93CD, 0x9BEE, 0x9C0E, 0x9C0F,
    0x93EE, 0x9430, 0xAD35, 0xB5B7, 0xBDD8, 0xBDF9, 0xBDF9, 0xBE1A, 0xBE1A, 0xBE3A, 0xBE3B, 0xBE3A,
    0xBE3B, 0xC63B, 0xC65B, 0xC65B, 0xBE1A, 0xB5D9, 0x9D37, 0x52EE, 0x2168, 0x2989, 0x31A9, 0x31CA,
    0x39EB, 0x3A2B, 0x426C, 0x3A6C, 0x3A4C, 0x3A2B, 0x3A2B, 0x3A0B, 0x39EB, 0x39EB, 0x31EA, 0x31EA,
    0x31CA, 0x29AA, 0x29A9, 0x29A9, 0x2989, 0x2989, 0x2989, 0x2988, 0x2968, 0x2968, 0x2968, 0x2967,
    0x2147, 0x2126, 0x1905, 0x18C4, 0x10A3, 0x2102, 0x3183, 0x5246, 0x2123, 0x39C5, 0xB52F, 0xCDD0,
    0xDE32, 0xC5D1, 0x6B4B, 0xBD71, 0xDE73, 0xE6B4, 0xA510, 0x8C4F, 0xB572, 0x738C, 0x4227, 0x39E7,
    0x4229, 0x3A28, 0x9D33, 0xFFFE, 0xFFDD, 0xFFDD, 0xF7BD, 0xEF9C, 0xEF5C, 0xD6D9, 0xD698, 0xDEB8,
    0xE6F9, 0xA512, 0x634C, 0x9492, 0x94B2, 0x94B2, 0x8450, 0x9CF2, 0xEF19, 0xEF19, 0xEEF9, 0xE6B7,
    0xDE76, 0xDE76, 0xDE97, 0xE6B8, 0xE6B8, 0xE6B8, 0xE6B8, 0xE6D8, 0xE6B8, 0xDEB8, 0xE6D9, 0xE6D9,
    0xE6D9, 0xDEB9, 0xAD54, 0x944D, 0xB4AD, 0xC571, 0xBD52, 0xAD12, 0x9491, 0x632C, 0x5B0B, 0x4228,
    0x1904, 0x2104, 0x1904, 0x1904, 0x1904, 0x1904, 0x2104, 0x1904, 0x18E4, 0x18E4, 0x2966, 0x2986,
    0x84B2, 0x7C92, 0x7C72, 0x7C92, 0x84B3, 0x8CF4, 0x9535, 0x8D15, 0x84D3, 0x84B3, 0x84B3, 0x84B3,
    0x9D76, 0xC6BA, 0xCEBA, 0xADF7, 0x9514, 0x8CF4, 0x8D14, 0xA5B6, 0xBE38, 0x73EF, 0x83ED, 0xC56F,
    0xBD4E, 0xC58F, 0xBD4F, 0xA4CF, 0x4249, 0x4229, 0xACCF, 0xC58F, 0xC58F, 0xC56E, 0xC5AF, 0x83EC,
    0x31A7, 0x5A67, 0x940A, 0x6AE6, 0x41E4, 0x18C1, 0x1082, 0x10C4, 0x18E4, 0x1905, 0x1926, 0x2126,
    0x2126, 0x2146, 0x2147, 0x2127, 0x2127, 0x2127, 0x2127, 0x1906, 0x1906, 0x1926, 0x1926, 0x2126,
    0x2127, 0x1927, 0x2127, 0x1926, 0x1926, 0x1926, 0x1905, 0x1905, 0x1905, 0x1905, 0x1905, 0x1905,
    0x1905, 0x1905, 0x1905, 0x1905, 0x1926, 0x1926, 0x1926, 0x2126, 0x7C11, 0x94F5, 0x94F5, 0x9CF5,
    0x9D15, 0x9D15, 0x9D35, 0x9D56, 0xA576, 0xA576, 0xA577, 0xA577, 0xAD77, 0xAD97, 0xAD97, 0xAD97,
    0xB5B7, 0xB5D8, 0xB5D8, 0xA514, 0x9410, 0x8B8D, 0x8B8D, 0x93CD, 0x93EE, 0x93EE, 0x93CE, 0x93CE,
    0xA4B3, 0xB597, 0xB5B8, 0xBDD8, 0xBDF9, 0xBDF9, 0xBE1A, 0xBE1A, 0xBE3A, 0xBE3A, 0xBE3A, 0xBE3B,
    0xBE3B, 0xC65B, 0xC65B, 0xC65B, 0xBE3B, 0xB5D9, 0x9D37, 0x52CE, 0x2148, 0x2989, 0x31A9, 0x31A9,
    0x39EA, 0x3A0B, 0x3A4C, 0x3A6C, 0x3A6C, 0x3A4C, 0x3A2B, 0x3A0B, 0x39EB, 0x31EA, 0x31EA, 0x31CA,
    0x31EA, 0x31CA, 0x29A9, 0x29A9, 0x2989, 0x2989, 0x2989, 0x2989, 0x2989, 0x2989, 0x2989, 0x2988,
    0x2988, 0x2988, 0x2988, 0x2987, 0x2967, 0x2126, 0x18E4, 0x10C3, 0x1082, 0x2923, 0x5AA6, 0x8BCA,
    0x944B, 0xA4EE, 0x5AEA, 0x9C8F, 0xDE73, 0xDE53, 0xCDF2, 0x6B4C, 0xB572, 0xE6D5, 0xBDB2, 0x734B,
    0x4229, 0x4269, 0x8450, 0xBDF7, 0xDEDA, 0xD6B9, 0xC658, 0xBE17, 0xBE17, 0xB5B6, 0xBE17, 0xCE57,
    0xDEB9, 0x94D1, 0x634D, 0x94B2, 0x94B2, 0x94D2, 0x8450, 0xA532, 0xF73A, 0xF77A, 0xF75A, 0xEEF7,
    0xE6B7, 0xC5D5, 0xDEB8, 0xF75A, 0xEF3B, 0xEF5B, 0xEF5B, 0xF75B, 0xEF3B, 0xE6FA, 0xE71B, 0xEF3B,
    0xDEDA, 0xDEB9, 0xAD33, 0x838A, 0xA44A, 0xCDB1, 0xCDB3, 0xC5B4, 0x9CD1, 0x632C, 0x5B0B, 0x4228,
    0x18E4, 0x1904, 0x1904, 0x18E4, 0x18E4, 0x1904, 0x1904, 0x18E4, 0x18E4, 0x1904, 0x2966, 0x2986,
    0x8CF4, 0x84B3, 0x8493, 0x84B3, 0x84D3, 0x9535, 0xA5B7, 0xA5B7, 0x8CF4, 0x84D3, 0x84D3, 0x84B3,
    0x9555, 0xC6BA, 0xCEDA, 0xB638, 0x9535, 0x9513, 0x9CF2, 0xAD31, 0x9C8E, 0x39E7, 0x4208, 0xA4EE,
    0xBD4E, 0xC58F, 0xBD4E, 0xC590, 0x83EC, 0x39E8, 0x630A, 0xBD6F, 0xBD4E, 0xBD8E, 0xACCB, 0x942B,
    0x2964, 0x10A2, 0x3163, 0x18C1, 0x1082, 0x18C4, 0x1905, 0x2126, 0x2146, 0x2126, 0x2147, 0x2147,
    0x2147, 0x2127, 0x2127, 0x2127, 0x2127, 0x2127, 0x1906, 0x1926, 0x1926, 0x1926, 0x1926, 0x2127,
    0x2127, 0x1927, 0x1927, 0x1926, 0x1926, 0x1926, 0x1926, 0x1926, 0x1905, 0x1905, 0x1905, 0x1905,
    0x1905, 0x1905, 0x1905, 0x1905, 0x1926, 0x1926, 0x2126, 0x1905, 0x52CC, 0x9D15, 0x94F5, 0x9D15,
    0x9D15, 0x9D15, 0x9D35, 0x9D36, 0xA556, 0xA576, 0xAD97, 0xAD97, 0xAD97, 0xAD97, 0xAD97, 0xB5B7,
    0xB5D8, 0xB5B8, 0xBDF9, 0xC639, 0xAD55, 0xA514, 0xA4D3, 0xAD35, 0xB576, 0xB556, 0x9CB3, 0xB576,
    0xC639, 0xBE19, 0xBDF9, 0xBDF9, 0xBDF9, 0xBE1A, 0xBE3A, 0xBE3A, 0xBE3A, 0xBE3A, 0xBE3A, 0xBE3B,
    0xBE3B, 0xC63B, 0xC65B, 0xC65B, 0xBE3B, 0xB5D9, 0x9516, 0x52CD, 0x2968, 0x2989, 0x29A9, 0x31CA,
    0x31CA, 0x39EB, 0x3A2B, 0x3A4C, 0x3A4C, 0x3A4C, 0x3A2B, 0x3A0B, 0x3A0B, 0x39EB, 0x31EA, 0x31EA,
    0x31EA, 0x39EB, 0x31AA, 0x31AA, 0x31A9, 0x2989, 0x29A9, 0x2989, 0x29A9, 0x29A9, 0x29A9, 0x29A9,
    0x29A9, 0x29A9, 0x29A9, 0x31A9, 0x31A9, 0x31A9, 0x31A8, 0x2987, 0x2146, 0x1905, 0x18C3, 0x2123,
    0x39C4, 0x4206, 0x2103, 0x6B09, 0xCDB0, 0xCDF1, 0xDE73, 0x8C2E, 0x7BAD, 0xD633, 0xDE94, 0xCE33,
    0x6B6C, 0x636D, 0xB5F6, 0xB5F6, 0xCE99, 0xCE99, 0xC658, 0xC638, 0xCE58, 0xB5F7, 0xBDF7, 0xD699,
    0xDEDA, 0x8CB1, 0x636D, 0x94B2, 0x94B2, 0x94D2, 0x8450, 0xAD53, 0xEF3A, 0xEF3A, 0xEF3A, 0xF75A,
    0xF79B, 0xDF1B, 0xF79D, 0xFFFE, 0xF7DE, 0xF7BE, 0xEF7D, 0xE75D, 0xDF1D, 0xCEDB, 0xBE5A, 0xADD9,
    0xA576, 0xBDD6, 0xB531, 0xA44B, 0xBD0D, 0xD5D2, 0xD634, 0xEEB5, 0xB572, 0x630B, 0x5AEB, 0x4208,
    0x1904, 0x1904, 0x18E4, 0x18E4, 0x18C4, 0x18E4, 0x18E4, 0x18E4, 0x18C3, 0x18E4, 0x2966, 0x2986,
    0x9D96, 0x8D14, 0x8CD4, 0x8CD4, 0x8CF4, 0x9D76, 0xBE79, 0xBE79, 0x8D15, 0x84F4, 0x84D4, 0x84D4,
    0x9535, 0xBE79, 0xD6FB, 0xC69A, 0xAD95, 0xAD10, 0xB54F, 0xB50D, 0xC58F, 0x738B, 0x2987, 0x5ACA,
    0xBD6F, 0xBD4D, 0xC5AF, 0xBD4E, 0xBD6F, 0x5AEA, 0x39C7, 0x8C0C, 0xACED, 0x9409, 0x6AE6, 0x41C4,
    0x20E2, 0x0882, 0x10A3, 0x1905, 0x2146, 0x2146, 0x2146, 0x2147, 0x2147, 0x2147, 0x2127, 0x2127,
    0x2147, 0x2127, 0x2127, 0x2127, 0x2127, 0x2127, 0x1927, 0x1906, 0x1926, 0x1906, 0x1926, 0x2127,
    0x2127, 0x1927, 0x2127, 0x1926, 0x1926, 0x1926, 0x1926, 0x1926, 0x1905, 0x1905, 0x1905, 0x1905,
    0x1905, 0x1905, 0x1905, 0x1905, 0x1905, 0x1926, 0x1926, 0x2126, 0x29A8, 0x8CB4, 0x9D15, 0x9D15,
    0x9D15, 0x9D15, 0x9D35, 0x9D35, 0xA536, 0xA576, 0xAD97, 0xAD97, 0xADB7, 0xADB8, 0xADB8, 0xB5D8,
    0xB5B8, 0xBE19, 0xBE18, 0x7BF0, 0x5AEC, 0x9493, 0xAD76, 0xB5B7, 0xAD76, 0xA535, 0xA535, 0x8C93,
    0x630D, 0x9493, 0xBE39, 0xC63A, 0xBE1A, 0xBE1A, 0xBE3B, 0xC63B, 0xBE3A, 0xBE3A, 0xBE3B, 0xC63B,
    0xBE3B, 0xBE3B, 0xC65B, 0xC65B, 0xBE3B, 0xB5D9, 0x9516, 0x4AAD, 0x2968, 0x31A9, 0x29A9, 0x31CA,
    0x31EA, 0x31CA, 0x3A0B, 0x3A4C, 0x3A4C, 0x3A4C, 0x3A4C, 0x3A2B, 0x3A0B, 0x39EB, 0x31EA, 0x31EA,
    0x31EA, 0x39EB, 0x31CA, 0x31A9, 0x31AA, 0x31A9, 0x31A9, 0x29A9, 0x31AA, 0x31AA, 0x31AA, 0x31AA,
    0x31AA, 0x31AA, 0x31AA, 0x31CA, 0x31CA, 0x31CA, 0x31CA, 0x31C9, 0x31A9, 0x31A9, 0x2988, 0x2147,
    0x2105, 0x18C3, 0x10A2, 0x4A05, 0x7B47, 0xA46B, 0xBD6E, 0x9C8E, 0x6B2B, 0xCDF2, 0xD612, 0xDE73,
    0x946F, 0x632D, 0xC638, 0xD6DA, 0xD6B9, 0xCE99, 0xC658, 0xC658, 0xC658, 0xADD7, 0xBE5A, 0xCEBA,
    0xC639, 0x7C30, 0x6B8D, 0x94B2, 0x94B2, 0x94B2, 0x8430, 0xA574, 0xDF1C, 0xD6FC, 0xD6DB, 0xCE9B,
    0xBE39, 0xB63A, 0xADF9, 0x9DD9, 0x9D98, 0x8D38, 0x7CD7, 0x7CB7, 0x7497, 0x6C76, 0x6C56, 0x6415,
    0x7454, 0xC5F7, 0xB530, 0xA44A, 0xAC8C, 0xA48E, 0xA48D, 0xC590, 0xA4AF, 0x5AEB, 0x5AEB, 0x3A08,
    0x18E4, 0x18E4, 0x18E4, 0x18E4, 0x18C4, 0x18C4, 0x18C4, 0x18C3, 0x10C3, 0x18E4, 0x2986, 0x2986,
    0x9D96, 0x8CF4, 0x8CF4, 0x8CF4, 0x8CF4, 0x9555, 0xADF8, 0xAE18, 0x9556, 0x8D15, 0x84F4, 0x84F4,
    0x8D35, 0xBE7A, 0xBE38, 0x638E, 0x738C, 0xB52E, 0xBD2D, 0xBD6E, 0xBD4E, 0xBD70, 0x5289, 0x31A8,
    0x83EC, 0xC58F, 0xBD6E, 0xC5AF, 0xBD6E, 0x942C, 0x2944, 0x39A5, 0x62A7, 0x3122, 0x18C2, 0x10A2,
    0x18E4, 0x1925, 0x2126, 0x2146, 0x2147, 0x2147, 0x2147, 0x2147, 0x2147, 0x2147, 0x2147, 0x2127,
    0x2147, 0x2147, 0x2127, 0x2127, 0x2127, 0x1927, 0x1927, 0x1927, 0x1926, 0x1906, 0x1926, 0x2147,
    0x2127, 0x1927, 0x2147, 0x2127, 0x1926, 0x1926, 0x1926, 0x1926, 0x1905, 0x1925, 0x1925, 0x1925,
    0x1905, 0x1905, 0x1905, 0x1905, 0x1926, 0x1926, 0x1926, 0x2146, 0x1926, 0x6BB0, 0xA556, 0x9D15,
    0x9D15, 0x9D35, 0x9D35, 0x9D35, 0xA556, 0xA556, 0xAD77, 0xAD97, 0xAD97, 0xADB8, 0xB5D8, 0xB5B8,
    0xBE19, 0x9D15, 0x4A8B, 0x39E9, 0x422A, 0x4A6B, 0x52CC, 0x4A6B, 0x422A, 0x39E9, 0x39E9, 0x39C9,
    0x2947, 0x2947, 0x5AED, 0x9D15, 0xC67B, 0xC63B, 0xC63B, 0xC65B, 0xC65B, 0xBE3B, 0xBE3B, 0xBE3B,
    0xBE3B, 0xC65B, 0xC65B, 0xC65B, 0xBE5B, 0xB5D9, 0x94F6, 0x4AAD, 0x2968, 0x31A9, 0x31AA, 0x31CA,
    0x31CA, 0x31CA, 0x31EA, 0x3A2B, 0x3A4C, 0x3A4C, 0x3A4C, 0x3A4C, 0x3A0B, 0x3A0B, 0x31EA, 0x31CA,
    0x31EA, 0x31EB, 0x3A0B, 0x31CA, 0x31AA, 0x31AA, 0x31AA, 0x31AA, 0x29A9, 0x31AA, 0x31AA, 0x31AA,
    0x31AA, 0x31AA, 0x31CA, 0x31CA, 0x31CA, 0x31CA, 0x31CA, 0x31CA, 0x31CA, 0x31CA, 0x31CA, 0x31CA,
    0x31CA, 0x31A9, 0x2967, 0x2104, 0x2903, 0x3983, 0x62C6, 0x4A26, 0x39C6, 0xB50F, 0xD612, 0xD632,
    0xBDB2, 0x52AB, 0x8452, 0xD6B9, 0xC658, 0xC638, 0xC617, 0xCE38, 0xC639, 0x8D58, 0x7519, 0x7D39,
    0x7CB5, 0x5B4E, 0x6BAE, 0x94B2, 0x94B2, 0x94D2, 0x8450, 0x8CB2, 0x8CF6, 0x7CD7, 0x6C76, 0x6C76,
    0x84F8, 0x6C56, 0x6C54, 0x63F3, 0x7475, 0x6456, 0x4BD6, 0x4BF7, 0x5C17, 0x6458, 0x7497, 0x7477,
    0x84B6, 0xCE16, 0xBD72, 0xACCE, 0xA46D, 0xA48E, 0xACF0, 0xBD72, 0x9490, 0x52CB, 0x5AEB, 0x3A07,
    0x10C3, 0x18E3, 0x10C3, 0x10A3, 0x10A3, 0x10A3, 0x10A3, 0x10A3, 0x10A3, 0x18E3, 0x4228, 0x4228,
    0xA5B7, 0x8D14, 0x8CF4, 0x8CF4, 0x8CF4, 0x9535, 0x9D97, 0xA5F8, 0x9D96, 0x8D35, 0x8D14, 0x84F4,
    0x9556, 0xADD7, 0x31E9, 0x29A8, 0x39C8, 0x942C, 0xBD2E, 0xBD6E, 0xBD2E, 0xC58F, 0x9C6D, 0x39E8,
    0x4A69, 0xB54F, 0xBD4E, 0xBD6E, 0x9C6A, 0x7307, 0x18E2, 0x0841, 0x1082, 0x10C4, 0x1905, 0x2146,
    0x2146, 0x2146, 0x2127, 0x2147, 0x2147, 0x2147, 0x2147, 0x2147, 0x2147, 0x2147, 0x2147, 0x2147,
    0x2147, 0x2127, 0x2147, 0x1927, 0x2127, 0x1927, 0x1927, 0x1927, 0x1926, 0x1926, 0x2127, 0x2127,
    0x2127, 0x2127, 0x2127, 0x2127, 0x1927, 0x1926, 0x1926, 0x1926, 0x1926, 0x1926, 0x1905, 0x1925,
    0x1905, 0x1905, 0x1905, 0x1905, 0x1925, 0x1926, 0x1926, 0x2146, 0x1926, 0x4A6B, 0x9D36, 0x9D36,
    0x9D36, 0x9D36, 0x9D36, 0x9D35, 0xA536, 0xA556, 0xAD77, 0xAD97, 0xAD98, 0xADB8, 0xB5B8, 0xBE19,
    0x8432, 0x2126, 0x1906, 0x2167, 0x2147, 0x2147, 0x2126, 0x2147, 0x2968, 0x2988, 0x2988, 0x29A9,
    0x31C9, 0x31C9, 0x2168, 0x2147, 0x6B90, 0xC65A, 0xC67B, 0xC65B, 0xC65B, 0xC65B, 0xC65B, 0xBE3B,
    0xBE3B, 0xBE3B, 0xBE3B, 0xC65B, 0xC65B, 0xB5D9, 0x94F6, 0x4AAD, 0x2968, 0x2989, 0x31A9, 0x31CA,
    0x31CA, 0x31CA, 0x39EB, 0x39EB, 0x3A2C, 0x3A4C, 0x3A4C, 0x3A4C, 0x3A2B, 0x3A0B, 0x39EA, 0x31EA,
    0x31CA, 0x39EB, 0x3A0B, 0x3A0B, 0x31CA, 0x31CA, 0x31AA, 0x31AA, 0x31AA, 0x31AA, 0x31AA, 0x31AA,
    0x31AA, 0x31CA, 0x31CA, 0x31CA, 0x31CA, 0x31CA, 0x31CA, 0x31CA, 0x31CA, 0x31CA, 0x31CA, 0x31EB,
    0x31EA, 0x39EA, 0x39EA, 0x31C9, 0x2967, 0x1905, 0x18C3, 0x1082, 0x2943, 0x8389, 0xA4CC, 0xC5B0,
    0xCDD1, 0x6B4D, 0x6B90, 0xC659, 0xDEDA, 0xD699, 0xC637, 0xCE78, 0xC679, 0x7D59, 0x64D9, 0x6CF9,
    0x74B6, 0x5B4E, 0x73CE, 0x94B3, 0x94B2, 0x94B2, 0x8450, 0x8CB3, 0x84B4, 0x74B7, 0x5C38, 0x4C18,
    0x5C79, 0x5417, 0x8CF7, 0xA536, 0x9517, 0x6C97, 0x4BF7, 0x4BF8, 0x5418, 0x6C58, 0x7497, 0x7476,
    0x84B6, 0xD657, 0xE6B7, 0xCE14, 0xBD51, 0xDE96, 0xD676, 0xC5D5, 0x94B1, 0x52EB, 0x52CA, 0x4A89,
    0x3A07, 0x39E7, 0x31C6, 0x31C7, 0x31A6, 0x3186, 0x2965, 0x2965, 0x2124, 0x2124, 0x2985, 0x31A5,
    0xAE18, 0x9535, 0x8D14, 0x8D14, 0x8D14, 0x9555, 0xA5D7, 0xAE39, 0xA5D7, 0x9576, 0x8D35, 0x9535,
    0x9576, 0xAE18, 0x4ACC, 0x29A8, 0x31E9, 0x5268, 0xB52E, 0xBD2D, 0xC58E, 0xB52D, 0xBD6F, 0x6B2A,
    0x3187, 0x5AA8, 0x942A, 0x6AE5, 0x5224, 0x20E2, 0x10C3, 0x18E4, 0x2125, 0x2146, 0x2146, 0x2146,
    0x2146, 0x2147, 0x2147, 0x2147, 0x2147, 0x2147, 0x2147, 0x2147, 0x2147, 0x2147, 0x2147, 0x2127,
    0x2127, 0x2147, 0x2147, 0x1927, 0x2127, 0x1927, 0x2127, 0x2127, 0x1926, 0x1906, 0x2127, 0x2127,
    0x2127, 0x2147, 0x2127, 0x2127, 0x1927, 0x1926, 0x1926, 0x1926, 0x1926, 0x1926, 0x1926, 0x1925,
    0x1905, 0x1905, 0x1905, 0x1905, 0x1905, 0x1926, 0x1946, 0x2146, 0x2146, 0x2988, 0x8C94, 0xA556,
    0xA556, 0x9D36, 0x9D36, 0xA536, 0xA556, 0xA556, 0xA577, 0xAD97, 0xAD97, 0xAD97, 0xBE19, 0x73AF,
    0x10C4, 0x1926, 0x2167, 0x2167, 0x2968, 0x2988, 0x2988, 0x29A9, 0x31A9, 0x31C9, 0x31CA, 0x31CA,
    0x31CA, 0x31CA, 0x39EA, 0x31C9, 0x10C5, 0x4A6B, 0xB5D9, 0xCE9C, 0xC65B, 0xC65B, 0xC65B, 0xC65B,
    0xBE3B, 0xBE3B, 0xBE3B, 0xC65B, 0xBE3B, 0xB5D9, 0x94F6, 0x4A8C, 0x2968, 0x31A9, 0x31A9, 0x31AA,
    0x31CA, 0x31EA, 0x31EA, 0x31EA, 0x31EB, 0x3A4C, 0x3A4C, 0x3A4C, 0x3A4C, 0x3A0B, 0x39EB, 0x31EA,
    0x31EA, 0x39EB, 0x3A0B, 0x3A0C, 0x39EB, 0x31AA, 0x31AA, 0x31AA, 0x31AA, 0x31AA, 0x31AA, 0x31AA,
    0x31AA, 0x31CA, 0x31AA, 0x31CA, 0x31CA, 0x31CA, 0x31CA, 0x31CA, 0x31CA, 0x31CA, 0x31CA, 0x31EB,
    0x31EB, 0x31EB, 0x3A0B, 0x3A0B, 0x3A0B, 0x39EA, 0x29A8, 0x2967, 0x2925, 0x3143, 0x4A25, 0x7348,
    0x8C0B, 0x4A6A, 0x426C, 0x5B0E, 0xAD56, 0xDEDA, 0xC617, 0xCE58, 0xC659, 0x7D38, 0x64F9, 0x6CF9,
    0x74B6, 0x5B4E, 0x73CF, 0x94D3, 0x94B2, 0x94B2, 0x8451, 0x8CB3, 0x7CB4, 0x6CB7, 0x5C79, 0x4419,
    0x3BF9, 0x43D8, 0x8CD6, 0xAD55, 0x8CD5, 0x6C56, 0x5C38, 0x5C37, 0x6457, 0x7477, 0x7C96, 0x7476,
    0x8CF6, 0xBDD6, 0xAD32, 0x8C6F, 0x7BCC, 0x9CD1, 0x8C4F, 0x7BEE, 0x7BEE, 0x5AEB, 0x52AA, 0x52CA,
    0x5AEA, 0x52CA, 0x5AEB, 0x632B, 0x632C, 0x632B, 0x632B, 0x632B, 0x632B, 0x630B, 0x5AEA, 0x5AEA,
    0xB638, 0x9DB6, 0x9555, 0x9535, 0x9535, 0x9D96, 0xBE99, 0xCEFB, 0xB659, 0x9DB7, 0x9576, 0x9556,
    0x9DB7, 0xBE9A, 0x8CD4, 0x2146, 0x31C9, 0x2987, 0x8BEB, 0xC54D, 0xBD4E, 0xBD2D, 0xACCC, 0x8BEA,
    0x2103, 0x10A2, 0x2923, 0x18A1, 0x10A3, 0x1905, 0x2126, 0x2146, 0x2147, 0x2147, 0x2147, 0x2147,
    0x2147, 0x2147, 0x2147, 0x2147, 0x2147, 0x2147, 0x2147, 0x2147, 0x2147, 0x2147, 0x2147, 0x2127,
    0x2127, 0x2147, 0x2147, 0x2127, 0x2127, 0x2127, 0x2127, 0x2127, 0x1926, 0x1926, 0x2147, 0x2147,
    0x2127, 0x2127, 0x2127, 0x2147, 0x2147, 0x2127, 0x1926, 0x1926, 0x1926, 0x1926, 0x1926, 0x1925,
    0x1905, 0x1905, 0x1905, 0x1905, 0x1905, 0x1926, 0x2126, 0x2126, 0x2167, 0x2126, 0x636F, 0xA557,
    0xA556, 0xA556, 0xA556, 0xA556, 0xA556, 0xA556, 0xA577, 0xAD77, 0xAD97, 0xB5F8, 0x634E, 0x0883,
    0x18E5, 0x2126, 0x2147, 0x2167, 0x2988, 0x2988, 0x2989, 0x29A9, 0x29A9, 0x29A9, 0x31CA, 0x31CA,
    0x31EA, 0x31EA, 0x39EA, 0x31EA, 0x2988, 0x0863, 0x2967, 0xA577, 0xCE9C, 0xC67B, 0xC65B, 0xC65B,
    0xC65B, 0xBE3B, 0xBE3B, 0xBE3B, 0xBE3B, 0xADD9, 0x8CD5, 0x426C, 0x2968, 0x31A9, 0x31A9, 0x31AA,
    0x31CA, 0x31EA, 0x31CA, 0x31CA, 0x31CA, 0x31EB, 0x3A4C, 0x426C, 0x3A4C, 0x3A2B, 0x3A0B, 0x39EB,
    0x39EB, 0x39EB, 0x39EB, 0x3A0C, 0x422C, 0x31CA, 0x31AA, 0x31AA, 0x31AA, 0x31AA, 0x31AA, 0x31AA,
    0x31AA, 0x31AA, 0x31AA, 0x31CA, 0x31AA, 0x31AA, 0x31CA, 0x31CA, 0x31CA, 0x31CA, 0x31CA, 0x31CB,
    0x39EB, 0x31EB, 0x39EB, 0x3A0B, 0x3A0B, 0x3A0B, 0x3A2B, 0x3A0A, 0x31CA, 0x3188, 0x2126, 0x2104,
    0x2103, 0x2105, 0x39EA, 0x3A2B, 0x4A8D, 0x9CF4, 0xCE79, 0xCE58, 0xC659, 0x8558, 0x74F8, 0x8518,
    0x7CB5, 0x5B4D, 0x7BEF, 0x94D3, 0x94B3, 0x94D2, 0x8471, 0x94D3, 0x7C94, 0x5C56, 0x4C39, 0x4419,
    0x43F9, 0x4BF8, 0x9517, 0xB596, 0x9D56, 0x7476, 0x6C57, 0x7497, 0x7CB8, 0x7CB7, 0x7C96, 0x7C77,
    0x8CD6, 0xCE37, 0xB594, 0xA512, 0xA532, 0xAD53, 0xB574, 0xC616, 0x9D12, 0x52CB, 0x52CB, 0x52CA,
    0x52CA, 0x52CA, 0x52CA, 0x5AEB, 0x5B0B, 0x5B0B, 0x5B0B, 0x5B0B, 0x632B, 0x632B, 0x630B, 0x630B,
    0xBE9A, 0xADF8, 0x9555, 0x9555, 0x9535, 0x9D96, 0xB659, 0xC69A, 0xB639, 0xA5D8, 0x9D96, 0xA5D8,
    0x8CF4, 0x5B2E, 0x31E9, 0x2966, 0x2987, 0x2988, 0x41E7, 0xACCC, 0xB4EC, 0xA48B, 0x8388, 0x5A66,
    0x20E3, 0x10A3, 0x18C4, 0x2105, 0x2146, 0x2147, 0x2147, 0x2147, 0x2147, 0x2167, 0x2147, 0x2147,
    0x2147, 0x2147, 0x2147, 0x2147, 0x2147, 0x2147, 0x2147, 0x2147, 0x2147, 0x2147, 0x2147, 0x2147,
    0x2147, 0x2147, 0x2147, 0x2147, 0x2127, 0x2127, 0x2127, 0x2127, 0x1906, 0x2127, 0x2147, 0x2147,
    0x2147, 0x2147, 0x2147, 0x2127, 0x2127, 0x1927, 0x1926, 0x1926, 0x1926, 0x1926, 0x1926, 0x1905,
    0x1905, 0x1905, 0x1905, 0x1905, 0x1926, 0x1926, 0x2126, 0x2126, 0x2147, 0x2147, 0x422B, 0x9D16,
    0xA556, 0xA576, 0xA556, 0xA556, 0xA556, 0xA576, 0xA577, 0xAD97, 0xADB7, 0x5AEC, 0x0042, 0x10C4,
    0x18E4, 0x1905, 0x2126, 0x2147, 0x2968, 0x2988, 0x29A8, 0x2989, 0x29A9, 0x29C9, 0x31CA, 0x31CA,
    0x31CA, 0x31CA, 0x31EA, 0x31CA, 0x2988, 0x18E4, 0x10A3, 0x5B0D, 0xA556, 0xCE7B, 0xC65B, 0xC65B,
    0xC65B, 0xC65B, 0xBE3B, 0xBE3B, 0xBE1B, 0xADB9, 0x8CD5, 0x424C, 0x2968, 0x31A9, 0x31A9, 0x31CA,
    0x31CA, 0x31CA, 0x31EA, 0x31CA, 0x31CA, 0x31CA, 0x39EB, 0x424C, 0x426C, 0x424C, 0x3A2B, 0x3A0B,
    0x39EB, 0x39EB, 0x39EB, 0x3A0B, 0x3A0B, 0x3A0B, 0x31CA, 0x31CA, 0x31CA, 0x31CA, 0x31AA, 0x29A9,
    0x31AA, 0x31AA, 0x31AA, 0x31AA, 0x31AA, 0x31AA, 0x31AA, 0x31AA, 0x31AA, 0x31CA, 0x31CA, 0x31CA,
    0x31CB, 0x31EB, 0x31EB, 0x3A0B, 0x3A0C, 0x3A0C, 0x3A0C, 0x3A2C, 0x3A0B, 0x3A2B, 0x3A0B, 0x39CA,
    0x3188, 0x2946, 0x3188, 0x3A0A, 0x426D, 0x52CD, 0xAD76, 0xC658, 0xBE18, 0x9D97, 0xA598, 0xB5F9,
    0x94F4, 0x5B4D, 0x7C10, 0x94D3, 0x94D3, 0x94B3, 0x8471, 0x9CF3, 0x9515, 0x7CD7, 0x5C58, 0x4C39,
    0x4C18, 0x5C37, 0x8CD5, 0x94F4, 0x9D36, 0x7496, 0x6437, 0x6457, 0x6457, 0x6C57, 0x7477, 0x6C57,
    0x9517, 0xEF5B, 0xF75A, 0xF73A, 0xF73A, 0xF73A, 0xF73A, 0xF75A, 0xBDD5, 0x52EB, 0x52CB, 0x52CB,
    0x52EB, 0x52EB, 0x52CB, 0x5AEB, 0x5AEB, 0x52CB, 0x52CB, 0x52CB, 0x52CB, 0x52CB, 0x52CB, 0x52CB,
    0xB659, 0xADF7, 0x9D76, 0x9556, 0x9555, 0x9D96, 0xB639, 0xBE9A, 0xC6BA, 0xBE9A, 0xBE9A, 0x7431,
    0x2987, 0x2147, 0x2146, 0x1906, 0x2126, 0x2967, 0x2126, 0x5AA7, 0x83A8, 0x4A04, 0x2943, 0x10C3,
    0x1905, 0x2126, 0x2147, 0x2147, 0x2147, 0x2147, 0x2147, 0x2167, 0x2167, 0x2167, 0x2147, 0x2147,
    0x2147, 0x2147, 0x2147, 0x2147, 0x2147, 0x2147, 0x2147, 0x2147, 0x2147, 0x2147, 0x2147, 0x2147,
    0x2147, 0x2147, 0x2147, 0x2147, 0x2127, 0x2127, 0x2127, 0x1926, 0x1906, 0x2147, 0x2147, 0x2147,
    0x2147, 0x2147, 0x2147, 0x2147, 0x2127, 0x1926, 0x1927, 0x1927, 0x2126, 0x2126, 0x1926, 0x1926,
    0x1905, 0x1905, 0x1905, 0x1926, 0x1926, 0x1925, 0x1926, 0x2126, 0x2147, 0x2147, 0x2968, 0x8453,
    0xA557, 0xA576, 0xA577, 0xA577, 0xA577, 0xA576, 0xA577, 0xADB7, 0x5B0D, 0x0021, 0x10A3, 0x10A3,
    0x10C4, 0x18E4, 0x1905, 0x2126, 0x2147, 0x2167, 0x2988, 0x29A9, 0x29A9, 0x29CA, 0x31EA, 0x31EA,
    0x31EA, 0x31EA, 0x31CA, 0x31CA, 0x2988, 0x10A4, 0x3A08, 0x52AB, 0x5B0C, 0xA556, 0xC67C, 0xC67B,
    0xC65B, 0xC65B, 0xC65B, 0xBE3B, 0xBE1A, 0xAD99, 0x8C95, 0x424B, 0x2968, 0x31A9, 0x31A9, 0x31CA,
    0x31CA, 0x31CA, 0x31CA, 0x31CA, 0x31AA, 0x31CA, 0x31CA, 0x39EB, 0x424C, 0x424C, 0x422B, 0x3A0B,
    0x39EA, 0x3A0B, 0x39EB, 0x39EA, 0x31CA, 0x31CA, 0x31CA, 0x31CA, 0x31CA, 0x31CA, 0x31CA, 0x31AA,
    0x31AA, 0x31AA, 0x31AA, 0x31AA, 0x31AA, 0x31AA, 0x31AA, 0x31AA, 0x31AA, 0x31CA, 0x31CA, 0x31CA,
    0x31CB, 0x31CB, 0x31CB, 0x39EB, 0x39EB, 0x3A0B, 0x3A0B, 0x3A0C, 0x3A0B, 0x3A0B, 0x3A0C, 0x3A0B,
    0x3A0B, 0x3A0B, 0x31CA, 0x31A9, 0x424C, 0x424C, 0x73D1, 0xC638, 0xB5B7, 0xA556, 0xADB7, 0xBE18,
    0x9D14, 0x5B2D, 0x7C30, 0x94D3, 0x94D3, 0x94B2, 0x8C71, 0x9D13, 0xA555, 0x9537, 0x74B8, 0x6478,
    0x6438, 0x6C56, 0x94F5, 0x94F5, 0xA577, 0x84D7, 0x5417, 0x4BF8, 0x4BF7, 0x4BF8, 0x5C38, 0x53F7,
    0x84B7, 0xDEB9, 0xDED8, 0xEF19, 0xEF19, 0xEEF9, 0xEEF9, 0xF719, 0xBDD5, 0x52EB, 0x52CB, 0x52EA,
    0x52EB, 0x52EB, 0x52CB, 0x5AEB, 0x5AEB, 0x52CB, 0x52CB, 0x52EB, 0x52EB, 0x52EB, 0x52EB, 0x52EB,
    0xC6DB, 0xBE9A, 0xA5B7, 0x9D76, 0x9D76, 0xADF8, 0xC6DB, 0xD73C, 0xD71C, 0xD75D, 0x8D14, 0x2167,
    0x3188, 0x29A8, 0x2987, 0x1926, 0x18E5, 0x1905, 0x18C4, 0x18C3, 0x2943, 0x18C3, 0x2105, 0x2147,
    0x2147, 0x2147, 0x2147, 0x2147, 0x2968, 0x2167, 0x2167, 0x2167, 0x2167, 0x2147, 0x2147, 0x2147,
    0x2147, 0x2147, 0x2147, 0x2147, 0x2147, 0x2147, 0x2147, 0x2147, 0x2147, 0x2147, 0x2147, 0x2147,
    0x2147, 0x2147, 0x2147, 0x2147, 0x2147, 0x2127, 0x2127, 0x1906, 0x1906, 0x2147, 0x2147, 0x2147,
    0x2147, 0x2147, 0x2147, 0x2147, 0x2127, 0x2127, 0x1927, 0x1927, 0x1927, 0x1926, 0x2126, 0x1926,
    0x1925, 0x1905, 0x1926, 0x1926, 0x1926, 0x1926, 0x1926, 0x2146, 0x2146, 0x2167, 0x2127, 0x5B2E,
    0xA557, 0xA556, 0xA577, 0xA577, 0xA577, 0xA577, 0xAD97, 0x8411, 0x31A7, 0x1905, 0x0883, 0x10A3,
    0x10A3, 0x10A4, 0x10C4, 0x18E5, 0x1926, 0x2147, 0x2968, 0x29A8, 0x29A9, 0x29CA, 0x31EA, 0x31EA,
    0x31EB, 0x320B, 0x31EA, 0x31C9, 0x2147, 0x2967, 0x52CB, 0x5ACB, 0x5AEC, 0x634E, 0xA577, 0xC67C,
    0xC65C, 0xC65B, 0xC65B, 0xBE3B, 0xBDFA, 0xA578, 0x8474, 0x422B, 0x2968, 0x31A9, 0x31CA, 0x31CA,
    0x31EA, 0x31CA, 0x31CA, 0x31AA, 0x31AA, 0x31CA, 0x31CA, 0x31CA, 0x3A0B, 0x422C, 0x3A2B, 0x3A0B,
    0x39EB, 0x39EA, 0x31A9, 0x2147, 0x18E5, 0x2147, 0x31CA, 0x31CB, 0x31AA, 0x31AA, 0x31CA, 0x31AA,
    0x29A9, 0x31AA, 0x31AA, 0x31AA, 0x31CA, 0x31AA, 0x31AA, 0x31AA, 0x31AA, 0x31AA, 0x31AA, 0x31CA,
    0x31CB, 0x31CB, 0x31CB, 0x31CB, 0x31EB, 0x39EB, 0x39EB, 0x39EB, 0x39EB, 0x3A0B, 0x3A0B, 0x3A0B,
    0x3A0B, 0x3A0B, 0x39EB, 0x2989, 0x3A0B, 0x424C, 0x52CE, 0xB5D8, 0xCE9A, 0xC659, 0xC67A, 0xD6DB,
    0xB5F8, 0x638E, 0x8471, 0x9CF4, 0x94F3, 0x94B3, 0x8C71, 0x9CF3, 0xA555, 0x9D56, 0x7CB8, 0x7498,
    0x6C77, 0x6C56, 0x94F6, 0x94F4, 0xA598, 0x7CB7, 0x4BD7, 0x43D7, 0x3BB7, 0x43D7, 0x4BD7, 0x4B96,
    0x6C15, 0xA534, 0xC5F5, 0xEF19, 0xEEF9, 0xEEF9, 0xEEF9, 0xEF19, 0xB5B4, 0x52EB, 0x52CB, 0x52CB,
    0x52EB, 0x52CB, 0x52CB, 0x5AEB, 0x5AEB, 0x52CB, 0x52CB, 0x52EB, 0x52EB, 0x52EB, 0x52EB, 0x52EB,
    0xCEFB, 0xBE9A, 0xA5B7, 0x9D76, 0x9D76, 0xA5D7, 0xC6BA, 0xCEFB, 0xCF1C, 0xBE9A, 0x3A29, 0x2988,
    0x2987, 0x2988, 0x2167, 0x2146, 0x1905, 0x10C4, 0x10C3, 0x1905, 0x2126, 0x2967, 0x2967, 0x2167,
    0x2147, 0x2147, 0x2147, 0x2147, 0x2168, 0x2168, 0x2168, 0x2168, 0x2167, 0x2147, 0x2147, 0x2147,
    0x2147, 0x2147, 0x2147, 0x2147, 0x2147, 0x2147, 0x2147, 0x2147, 0x2147, 0x2147, 0x2147, 0x2147,
    0x2147, 0x2147, 0x2147, 0x2147, 0x2147, 0x2147, 0x2147, 0x1906, 0x0883, 0x08A3, 0x10E4, 0x1926,
    0x2147, 0x2147, 0x2147, 0x2147, 0x2147, 0x2147, 0x2127, 0x1926, 0x1926, 0x2127, 0x2126, 0x2126,
    0x1926, 0x1926, 0x1926, 0x1926, 0x1926, 0x1926, 0x1926, 0x2146, 0x2146, 0x2147, 0x2147, 0x3A0A,
    0x9D16, 0xA557, 0xA577, 0xA577, 0xA577, 0xAD97, 0x8C93, 0x5AEC, 0x528A, 0x4229, 0x2125, 0x10A3,
    0x10A4, 0x10A3, 0x10A3, 0x10C4, 0x18E5, 0x1926, 0x2167, 0x2988, 0x31C9, 0x31CA, 0x31EA, 0x320B,
    0x320B, 0x320B, 0x31EA, 0x31A9, 0x2967, 0x528B, 0x62EC, 0x6B4D, 0x6B4D, 0x5AEC, 0x6B6F, 0xAD97,
    0xC67C, 0xC65B, 0xBE3B, 0xBE3B, 0xB5DA, 0xA557, 0x8453, 0x422B, 0x2968, 0x2989, 0x31CA, 0x31EA,
    0x31EA, 0x31EA, 0x31CA, 0x31CA, 0x31AA, 0x31AA, 0x31AA, 0x39EA, 0x31CA, 0x31EA, 0x3A0C, 0x39EB,
    0x31C9, 0x2147, 0x10C5, 0x10E5, 0x2147, 0x31AA, 0x31CB, 0x31CA, 0x31CA, 0x31CA, 0x31CA, 0x31AA,
    0x29A9, 0x29A9, 0x31AA, 0x31AA, 0x31CA, 0x31CA, 0x31AA, 0x31AA, 0x31AA, 0x31AA, 0x31CA, 0x31CA,
    0x31EB, 0x31CA, 0x31CB, 0x31CA, 0x31EB, 0x39EB, 0x39EB, 0x39EB, 0x31CB, 0x39EB, 0x39EB, 0x39EB,
    0x39EB, 0x39EB, 0x39EB, 0x29A9, 0x39EA, 0x3A2C, 0x4A8D, 0x6BB0, 0x6BCF, 0x73F0, 0x8451, 0x8492,
    0x8C92, 0x740F, 0x8450, 0x8C92, 0x8CB2, 0x8C92, 0x8C91, 0xA555, 0xB5D6, 0xB5F8, 0x8D38, 0x84D8,
    0x7CB7, 0x7455, 0x9D57, 0x9D15, 0x9D37, 0x6C55, 0x4395, 0x4BB6, 0x53F6, 0x6C76, 0x8D18, 0x84F6,
    0x84B4, 0x9CD3, 0xCE57, 0xF739, 0xF719, 0xEF1A, 0xEEF9, 0xEF19, 0xB594, 0x52EB, 0x52CB, 0x52CB,
    0x52EB, 0x5AEB, 0x52CB, 0x52EB, 0x5AEB, 0x52EB, 0x52CB, 0x52CB, 0x52EB, 0x52EB, 0x52EB, 0x52EB,
    0xBE9A, 0xB659, 0xA5B6, 0x9D96, 0x9D76, 0xA5D7, 0xC6BA, 0xCEFB, 0xDF7D, 0x84B3, 0x2947, 0x3188,
    0x2967, 0x2968, 0x2968, 0x2968, 0x2147, 0x18E5, 0x2126, 0x2147, 0x2147, 0x2167, 0x2168, 0x2168,
    0x2167, 0x2168, 0x2167, 0x2167, 0x2167, 0x2168, 0x2168, 0x2168, 0x2168, 0x2168, 0x2167, 0x2147,
    0x2147, 0x2147, 0x2147, 0x2147, 0x2147, 0x2147, 0x2147, 0x2147, 0x2147, 0x2147, 0x2147, 0x2147,
    0x2147, 0x2147, 0x2147, 0x2147, 0x2147, 0x2147, 0x2147, 0x2126, 0x10C4, 0x0862, 0x0041, 0x0062,
    0x0883, 0x10C4, 0x18E5, 0x1926, 0x2126, 0x2127, 0x2127, 0x1926, 0x2127, 0x2127, 0x1927, 0x2127,
    0x2127, 0x1926, 0x1926, 0x1926, 0x1926, 0x1926, 0x1926, 0x1926, 0x2146, 0x2147, 0x2167, 0x2147,
    0x7C32, 0xA577, 0xA577, 0xA577, 0xAD97, 0x94D4, 0x6B8F, 0x73AF, 0x738E, 0x630C, 0x4A6A, 0x2126,
    0x10C4, 0x10C4, 0x10A4, 0x10A4, 0x10C4, 0x1905, 0x2146, 0x2968, 0x29A9, 0x31CA, 0x31EA, 0x320B,
    0x320B, 0x31EA, 0x31EA, 0x2988, 0x4A8B, 0x738E, 0x7BAF, 0x7BF0, 0x73AF, 0x6B6E, 0x632D, 0x73AF,
    0xA577, 0xC65B, 0xBE3B, 0xBE1A, 0xB5D9, 0x9D37, 0x7C32, 0x3A0A, 0x2968, 0x31A9, 0x31CA, 0x31EA,
    0x31EA, 0x31EA, 0x31EA, 0x31CA, 0x31AA, 0x31A9, 0x31A9, 0x31AA, 0x31CA, 0x31CA, 0x31C9, 0x2147,
    0x10E5, 0x1906, 0x2147, 0x2988, 0x31AA, 0x31CA, 0x31EA, 0x31CB, 0x31CA, 0x31CA, 0x31AA, 0x31AA,
    0x29A9, 0x2989, 0x29A9, 0x31AA, 0x31AA, 0x31CA, 0x31AA, 0x31AA, 0x31AA, 0x31AA, 0x31AA, 0x31AA,
    0x31CA, 0x31CA, 0x31CA, 0x31CA, 0x31CA, 0x31EA, 0x31EA, 0x39EB, 0x31EB, 0x31CB, 0x31EB, 0x31EB,
    0x31EB, 0x31CB, 0x31EA, 0x2988, 0x31CA, 0x3A0B, 0x422C, 0x634F, 0x9514, 0x7C31, 0x532C, 0x73EF,
    0x636E, 0x530B, 0x5B0B, 0x5B0C, 0x5B0C, 0x634C, 0x634D, 0x6B8E, 0x7C10, 0x8471, 0x84B3, 0x8CD5,
    0x94F5, 0x9536, 0xA597, 0x9515, 0x9516, 0x9537, 0x9558, 0xADD9, 0xB5D8, 0xADB8, 0xB5D7, 0xAD76,
    0x94B2, 0xAD54, 0xD678, 0xD699, 0xCE58, 0xDEB8, 0xEF1A, 0xF73A, 0xB5B4, 0x52EB, 0x52EB, 0x52CB,
    0x52CB, 0x52EB, 0x52EB, 0x52EB, 0x5AEB, 0x52EB, 0x52CB, 0x52CB, 0x52EB, 0x52EB, 0x52EB, 0x52EB,
    0xC6DA, 0xBE9A, 0xA5D7, 0x9D96, 0x9D96, 0xA5D7, 0xBE9A, 0xCEFB, 0xD75D, 0x530D, 0x2967, 0x2967,
    0x2147, 0x2147, 0x2968, 0x2968, 0x2968, 0x2147, 0x2147, 0x2147, 0x2167, 0x2147, 0x2167, 0x2167,
    0x2168, 0x2168, 0x2167, 0x2167, 0x2168, 0x2168, 0x2168, 0x2168, 0x2168, 0x2168, 0x2168, 0x2147,
    0x2147, 0x2147, 0x2147, 0x2147, 0x2147, 0x2147, 0x2147, 0x2147, 0x2147, 0x2147, 0x2147, 0x2147,
    0x2147, 0x2147, 0x2147, 0x2147, 0x2147, 0x2147, 0x2147, 0x2147, 0x2126, 0x1905, 0x18E5, 0x10C4,
    0x0883, 0x0862, 0x0862, 0x0862, 0x1083, 0x10C4, 0x1906, 0x1926, 0x2127, 0x2127, 0x2147, 0x2127,
    0x1927, 0x2126, 0x1926, 0x1926, 0x1926, 0x1926, 0x1926, 0x1926, 0x2146, 0x2147, 0x2167, 0x2127,
    0x5AEE, 0xA557, 0xA557, 0xAD77, 0x9CF5, 0x73AF, 0x73D0, 0x8431, 0x8452, 0x7C10, 0x6B4E, 0x4A8A,
    0x2146, 0x10C4, 0x10C4, 0x10A4, 0x10C4, 0x10C5, 0x1926, 0x2168, 0x29A9, 0x31CA, 0x31EB, 0x3A0B,
    0x3A2B, 0x3A0A, 0x31C9, 0x424B, 0x8411, 0x8431, 0x8C93, 0x8C73, 0x8431, 0x73CF, 0x738E, 0x6B4E,
    0x73B0, 0xAD77, 0xC65B, 0xBE1A, 0xADB9, 0x9D16, 0x7C12, 0x31EA, 0x2968, 0x29A9, 0x31AA, 0x31EA,
    0x39EB, 0x39EB, 0x39EB, 0x31EA, 0x31AA, 0x31A9, 0x31A9, 0x31A9, 0x31AA, 0x39EA, 0x2147, 0x10C5,
    0x2167, 0x31A9, 0x31AA, 0x31AA, 0x31CA, 0x31CA, 0x31CA, 0x31CA, 0x31CA, 0x31CA, 0x31AA, 0x31AA,
    0x29A9, 0x2989, 0x29A9, 0x31AA, 0x29A9, 0x31CA, 0x31AA, 0x31AA, 0x31A9, 0x31A9, 0x31A9, 0x31A9,
    0x31CA, 0x31AA, 0x31AA, 0x31CA, 0x31CA, 0x31CA, 0x31CA, 0x39EB, 0x31EB, 0x31CA, 0x31CB, 0x31EB,
    0x31CA, 0x31EA, 0x31CA, 0x2168, 0x31A9, 0x3A0B, 0x3A2B, 0x5B0F, 0xB619, 0xB618, 0x7410, 0xBE7A,
    0xA597, 0x636E, 0x7C51, 0x8472, 0x7C31, 0x73EF, 0x6BCF, 0x7C31, 0x7410, 0x6BAF, 0x5B6D, 0x5B4D,
    0x5B4D, 0x5B6D, 0x636E, 0x6BAE, 0x73F0, 0x7C31, 0x8CB2, 0x9513, 0x9514, 0x9D14, 0x9D34, 0x9D14,
    0x94F3, 0xAD96, 0xB5D6, 0xAD96, 0x9D35, 0xB595, 0xCE37, 0xDEB8, 0xAD54, 0x52CB, 0x52EB, 0x52CB,
    0x52CB, 0x52EB, 0x52EB, 0x52EB, 0x5AEB, 0x52CB, 0x52CB, 0x52CB, 0x52EB, 0x52EB, 0x52EB, 0x52EB,
    0xCEDB, 0xBEBA, 0xA5D7, 0x9D76, 0x9D96, 0xA5B6, 0xBE79, 0xCF1B, 0xC6BA, 0x3A29, 0x2987, 0x2967,
    0x2147, 0x2147, 0x2147, 0x2147, 0x2968, 0x2147, 0x2147, 0x2147, 0x2168, 0x2148, 0x2167, 0x2167,
    0x2168, 0x2167, 0x2168, 0x2167, 0x2167, 0x2168, 0x2168, 0x2168, 0x2168, 0x2168, 0x2147, 0x2147,
    0x2147, 0x2147, 0x2147, 0x2147, 0x2147, 0x2147, 0x2147, 0x2147, 0x2147, 0x2147, 0x2147, 0x2147,
    0x2147, 0x2147, 0x2147, 0x2147, 0x2147, 0x2147, 0x2147, 0x2147, 0x2147, 0x2147, 0x2147, 0x2147,
    0x1926, 0x1905, 0x18E5, 0x10A3, 0x0862, 0x0022, 0x10E5, 0x1926, 0x1926, 0x2147, 0x2147, 0x2127,
    0x1926, 0x1927, 0x1927, 0x1926, 0x1926, 0x1926, 0x1926, 0x2146, 0x2146, 0x2147, 0x2147, 0x2147,
    0x39EA, 0x9CF6, 0xA577, 0xA536, 0x7C32, 0x7BF1, 0x8432, 0x8C73, 0x8C93, 0x8C93, 0x7C11, 0x6B4E,
    0x424A, 0x2146, 0x10E5, 0x18E5, 0x10C4, 0x10C4, 0x1906, 0x2147, 0x29A9, 0x31CA, 0x31EB, 0x3A0B,
    0x3A2B, 0x3A0B, 0x31C9, 0x7BF1, 0x94B4, 0x94D4, 0x9CF5, 0x94D4, 0x9493, 0x8C52, 0x8411, 0x7BF1,
    0x73AF, 0x7BF1, 0xAD98, 0xBE1A, 0xADB8, 0x9CF6, 0x73D1, 0x31A9, 0x2968, 0x2989, 0x31CA, 0x39EA,
    0x39EB, 0x39EB, 0x31EA, 0x31CA, 0x31CA, 0x31A9, 0x31A9, 0x31A9, 0x31A9, 0x31CA, 0x31CA, 0x31CA,
    0x31CA, 0x31CA, 0x31CA, 0x31AA, 0x31CA, 0x31CA, 0x31CB, 0x31CA, 0x31CA, 0x31AA, 0x31AA, 0x29A9,
    0x29A9, 0x2989, 0x29A9, 0x29A9, 0x31AA, 0x31AA, 0x31CA, 0x31AA, 0x31AA, 0x29A9, 0x29A9, 0x31A9,
    0x31A9, 0x31AA, 0x31AA, 0x31CA, 0x31AA, 0x31CA, 0x31CA, 0x31CA, 0x31CA, 0x31CA, 0x31CA, 0x31CA,
    0x31CA, 0x31CA, 0x31A9, 0x2147, 0x31A9, 0x31EA, 0x3A2B, 0x4A8D, 0x636F, 0x636D, 0x5B4D, 0x7C71,
    0x7410, 0x636E, 0x6BCF, 0x73F0, 0x8451, 0x7C51, 0x8CD3, 0xBE5A, 0xBE9B, 0xC69B, 0xBE7A, 0xB639,
    0xA5D8, 0x9D56, 0x8CF4, 0x7C72, 0x7410, 0x63AE, 0x5B6E, 0x532D, 0x532C, 0x530C, 0x532C, 0x5B4D,
    0x63AE, 0x73EF, 0x7C51, 0x94D3, 0x9D35, 0xA575, 0xAD95, 0xC617, 0x94B2, 0x52CB, 0x52EB, 0x52CB,
    0x52EB, 0x5AEB, 0x52EB, 0x52EB, 0x52EB, 0x52CB, 0x52CB, 0x52CB, 0x52CB, 0x52CB, 0x52CB, 0x52EB,
    0xC6BA, 0xBEBA, 0xA5F7, 0x9D76, 0x9D96, 0xA5B6, 0xBE79, 0xD73C, 0xAE18, 0x31A8, 0x2967, 0x2967,
    0x2147, 0x2147, 0x2147, 0x2147, 0x2968, 0x2968, 0x2127, 0x2147, 0x2167, 0x2167, 0x2167, 0x2168,
    0x2168, 0x2168, 0x2168, 0x2168, 0x2168, 0x2168, 0x2968, 0x2168, 0x2168, 0x2168, 0x2167, 0x2167,
    0x2147, 0x2147, 0x2147, 0x2147, 0x2147, 0x2147, 0x2147, 0x2147, 0x2147, 0x2147, 0x2147, 0x2147,
    0x2147, 0x2147, 0x2147, 0x2147, 0x2147, 0x2147, 0x2147, 0x2147, 0x2147, 0x2147, 0x2147, 0x2147,
    0x2127, 0x2147, 0x1927, 0x1926, 0x10E5, 0x18E5, 0x2147, 0x1926, 0x1906, 0x2126, 0x2127, 0x2127,
    0x2127, 0x1927, 0x1927, 0x1927, 0x1926, 0x1926, 0x1926, 0x2146, 0x1926, 0x2146, 0x2147, 0x2968,
    0x2168, 0x7C32, 0xA577, 0x94B4, 0x94D5, 0x94D5, 0x8CB4, 0x94D5, 0x94D5, 0x94D4, 0x8C93, 0x8411,
    0x632D, 0x4A8B, 0x2146, 0x18E5, 0x10E5, 0x10C4, 0x10E5, 0x2126, 0x29A9, 0x31EA, 0x320B, 0x3A2C,
    0x3A2C, 0x31EA, 0x5B2E, 0x9D15, 0x9D15, 0x9D15, 0xA536, 0x9D15, 0x9CF5, 0x94D4, 0x94B4, 0x9493,
    0x9493, 0x8432, 0x8432, 0xAD98, 0xADB8, 0x9CF6, 0x6B70, 0x31A9, 0x2968, 0x3189, 0x31CA, 0x39EB,
    0x31EB, 0x39EB, 0x39EB, 0x31CA, 0x31CA, 0x31CA, 0x31A9, 0x31A9, 0x31A9, 0x31CA, 0x31A9, 0x31CA,
    0x3A0B, 0x31CA, 0x31CA, 0x31CA, 0x31CA, 0x31AA, 0x31CA, 0x31CA, 0x31CA, 0x31AA, 0x29A9, 0x29A9,
    0x29A9, 0x2989, 0x2989, 0x29A9, 0x31AA, 0x31AA, 0x31AA, 0x31AA, 0x31AA, 0x29A9, 0x2989, 0x2989,
    0x31A9, 0x31A9, 0x31A9, 0x31AA, 0x31AA, 0x31AA, 0x31CA, 0x31CA, 0x31CA, 0x31CA, 0x31CA, 0x31CA,
    0x31CA, 0x31CA, 0x31A9, 0x2147, 0x31A9, 0x31EA, 0x39EB, 0x424C, 0x634E, 0x5B0C, 0x632D, 0x5B4C,
    0x5B0C, 0x5B0C, 0x4AAA, 0x4AAB, 0x52EB, 0x4ACB, 0x52EC, 0x636E, 0x6BD0, 0x7C52, 0x8CD4, 0x9556,
    0xA5B7, 0xAE18, 0xB65A, 0xBE9B, 0xC6BB, 0xC69B, 0xBE7A, 0xB639, 0xA5D8, 0x9D76, 0x8CF4, 0x7C72,
    0x7431, 0x63CF, 0x638E, 0x5B6D, 0x5B2C, 0x532C, 0x5B4D, 0x6B8E, 0x632C, 0x52EB, 0x52EB, 0x52EB,
    0x52CB, 0x52CB, 0x52EB, 0x52EB, 0x52EB, 0x52EB, 0x52CB, 0x52CB, 0x52CB, 0x52CB, 0x52CB, 0x52CB,
    0xC6DA, 0xC6DB, 0xAE18, 0x9D76, 0x9D96, 0xA5B6, 0xB659, 0xD75C, 0xA596, 0x2987, 0x2967, 0x2146,
    0x2147, 0x2147, 0x2147, 0x2147, 0x2147, 0x2988, 0x2147, 0x2127, 0x2147, 0x2167, 0x2167, 0x2167,
    0x2167, 0x2168, 0x2168, 0x2168, 0x2168, 0x2168, 0x2168, 0x2168, 0x2167, 0x2167, 0x2168, 0x2168,
    0x2147, 0x2147, 0x2147, 0x2147, 0x2147, 0x2147, 0x2147, 0x2147, 0x2147, 0x2167, 0x2147, 0x2147,
    0x2147, 0x2147, 0x2147, 0x2147, 0x2147, 0x2147, 0x2147, 0x2147, 0x2147, 0x2147, 0x2147, 0x2147,
    0x2147, 0x2127, 0x2127, 0x1926, 0x2127, 0x2147, 0x2127, 0x1926, 0x1906, 0x1906, 0x1927, 0x2127,
    0x2127, 0x1927, 0x2127, 0x2127, 0x1926, 0x1926, 0x2146, 0x1926, 0x1926, 0x2146, 0x2147, 0x2968,
    0x2147, 0x5B0E, 0x94D5, 0x94F5, 0xA557, 0x9D37, 0x9CF6, 0x94F6, 0x9CF6, 0x94D5, 0x94B4, 0x8C73,
    0x7C11, 0x6B8F, 0x528B, 0x2146, 0x10E5, 0x10C4, 0x10C4, 0x1906, 0x2988, 0x31CA, 0x3A0B, 0x3A4C,
    0x3A0B, 0x4A8C, 0x94D5, 0xA536, 0xA557, 0xA556, 0xA557, 0xA556, 0xA536, 0xA536, 0x9D16, 0x9D16,
    0xA537, 0xAD78, 0x94D5, 0x8C73, 0xA557, 0x94D5, 0x5B0E, 0x31CA, 0x2948, 0x31A9, 0x31CA, 0x31EA,
    0x31EB, 0x31EB, 0x39EB, 0x31CA, 0x31CA, 0x31CA, 0x31A9, 0x31A9, 0x31A9, 0x31CA, 0x31A9, 0x2989,
    0x31CA, 0x3A0B, 0x39EB, 0x31AA, 0x31CA, 0x31CA, 0x31AA, 0x31AA, 0x31AA, 0x31AA, 0x29A9, 0x29A9,
    0x29A9, 0x2989, 0x29A9, 0x29A9, 0x31AA, 0x31AA, 0x31AA, 0x31AA, 0x31AA, 0x29A9, 0x2989, 0x2989,
    0x2989, 0x31A9, 0x31AA, 0x31AA, 0x31AA, 0x31A9, 0x31AA, 0x31CA, 0x31A9, 0x31A9, 0x31A9, 0x31AA,
    0x31CA, 0x31A9, 0x2988, 0x2147, 0x29A9, 0x31CA, 0x39EA, 0x3A2B, 0x52ED, 0x4AAA, 0x5B0B, 0x5AEB,
    0x52CB, 0x52CB, 0x52CA, 0x634C, 0x52EB, 0x4A69, 0x4A8A, 0x4A8A, 0x4A8A, 0x4A8A, 0x4AAB, 0x4AAB,
    0x4ACB, 0x530C, 0x5B2D, 0x638E, 0x6BD0, 0x7431, 0x8493, 0x9515, 0x9D76, 0xA5D8, 0xB639, 0xBE7A,
    0xC69B, 0xBE9B, 0xBE7A, 0xB659, 0xAE18, 0xA5B7, 0x9D76, 0x8CF4, 0x6BAE, 0x52CB, 0x52CB, 0x52CB,
    0x52CB, 0x52EB, 0x52EB, 0x52EB, 0x52EB, 0x52EB, 0x52CB, 0x52CB, 0x52CB, 0x52EB, 0x52CB, 0x52CB,
    0xC6BA, 0xC6BA, 0xAE18, 0x9D76, 0x9D96, 0xA596, 0xAE18, 0xCF3C, 0x8CF4, 0x2146, 0x2967, 0x2146,
    0x2146, 0x2126, 0x2147, 0x2147, 0x2147, 0x2968, 0x2168, 0x2127, 0x2147, 0x2147, 0x2168, 0x2168,
    0x2168, 0x2168, 0x2168, 0x2168, 0x2168, 0x2168, 0x2168, 0x2168, 0x2167, 0x2168, 0x2167, 0x2167,
    0x2147, 0x2147, 0x2147, 0x2147, 0x2147, 0x2147, 0x2147, 0x2147, 0x2147, 0x2147, 0x2147, 0x2147,
    0x2147, 0x2147, 0x2167, 0x2147, 0x2147, 0x2147, 0x2147, 0x2147, 0x2147, 0x2147, 0x2127, 0x2147,
    0x2127, 0x1927, 0x1926, 0x2127, 0x2147, 0x2147, 0x2147, 0x2127, 0x1926, 0x1926, 0x2127, 0x2127,
    0x2127, 0x2127, 0x2127, 0x1927, 0x2126, 0x1926, 0x1926, 0x1926, 0x1926, 0x2146, 0x2147, 0x2167,
    0x2147, 0x3A0A, 0x94B4, 0xA537, 0xA578, 0xA578, 0xA537, 0x9D36, 0x9D16, 0x9CF6, 0x94D5, 0x9494,
    0x8452, 0x8432, 0x73B0, 0x4A8B, 0x1905, 0x10E4, 0x10C4, 0x18E5, 0x2968, 0x31EA, 0x3A0B, 0x424C,
    0x3A2B, 0x7C12, 0xA577, 0xA577, 0xAD98, 0xAD98, 0xAD77, 0xA577, 0xA577, 0xA577, 0xA577, 0xA577,
    0xAD98, 0xB5D9, 0xB5D9, 0x94B4, 0x8473, 0x7C12, 0x5B0E, 0x39EA, 0x2948, 0x3189, 0x31AA, 0x39EB,
    0x39EB, 0x31EB, 0x31EA, 0x31CA, 0x31CA, 0x31AA, 0x31AA, 0x31AA, 0x31AA, 0x31CA, 0x31CA, 0x29A9,
    0x2989, 0x31CA, 0x3A0B, 0x3A0B, 0x31AA, 0x31CA, 0x31CA, 0x31AA, 0x31AA, 0x29A9, 0x29A9, 0x29A9,
    0x29A9, 0x29A9, 0x29A9, 0x29A9, 0x31AA, 0x31AA, 0x31AA, 0x31AA, 0x31CA, 0x31AA, 0x2989, 0x2989,
    0x2989, 0x31A9, 0x31AA, 0x31AA, 0x31A9, 0x31A9, 0x31A9, 0x31A9, 0x31A9, 0x31A9, 0x31A9, 0x31A9,
    0x31A9, 0x31A9, 0x2968, 0x2147, 0x2988, 0x31A9, 0x39EA, 0x3A0B, 0x4A8D, 0x52EC, 0x530C, 0x52CB,
    0x426A, 0x52EC, 0x636D, 0x636D, 0x4AAA, 0x4249, 0x4269, 0x4A69, 0x4A8A, 0x52AA, 0x52AB, 0x52CB,
    0x52EB, 0x52EB, 0x52CB, 0x52CB, 0x4ACB, 0x4AAA, 0x4AAA, 0x4ACB, 0x4ACB, 0x52EC, 0x532D, 0x5B6E,
    0x63CF, 0x7410, 0x7C72, 0x8CF4, 0x9556, 0xA5D7, 0xB639, 0xBE9A, 0x8472, 0x4AAA, 0x52CB, 0x52CB,
    0x52CB, 0x52CB, 0x52CB, 0x52EB, 0x52EB, 0x52EB, 0x52EB, 0x52CB, 0x52EB, 0x52EB, 0x52EB, 0x52EB,
    0xBE9A, 0xBE9A, 0xAE18, 0x9D96, 0x9D76, 0x9D96, 0xADF7, 0xCF1C, 0x7C51, 0x2146, 0x2967, 0x2146,
    0x1926, 0x2126, 0x2126, 0x2147, 0x2147, 0x2168, 0x2968, 0x1927, 0x2147, 0x2147, 0x2167, 0x2147,
    0x2168, 0x2168, 0x2168, 0x2168, 0x2168, 0x2167, 0x2168, 0x2168, 0x2167, 0x2167, 0x2167, 0x2147,
    0x2147, 0x2147, 0x2147, 0x2147, 0x2147, 0x2147, 0x2147, 0x2147, 0x2167, 0x2147, 0x2147, 0x2168,
    0x2168, 0x2147, 0x2147, 0x2147, 0x2147, 0x2147, 0x2147, 0x2147, 0x2147, 0x2147, 0x2127, 0x2147,
    0x2127, 0x1927, 0x2127, 0x2147, 0x2147, 0x2147, 0x2147, 0x2147, 0x1927, 0x1926, 0x2127, 0x2127,
    0x2147, 0x2127, 0x2127, 0x2127, 0x2127, 0x2126, 0x1926, 0x1926, 0x1926, 0x2126, 0x2127, 0x2147,
    0x2968, 0x2968, 0x8453, 0xA557, 0xA578, 0xAD98, 0xA578, 0xA537, 0x9D16, 0x9D16, 0x94F5, 0x94B5,
    0x8C93, 0x8C93, 0x8C73, 0x6B8F, 0x31A8, 0x10C4, 0x10A4, 0x10C4, 0x10E5, 0x2147, 0x29A9, 0x29CA,
    0x320A, 0x94F6, 0xAD98, 0xB5B9, 0xB5D9, 0xAD98, 0xAD98, 0xAD98, 0xAD98, 0xAD98, 0xAD98, 0xAD98,
    0xADB9, 0xB5FA, 0xB5FA, 0xA577, 0x7BF2, 0x5B0E, 0x6BB0, 0x31C9, 0x2147, 0x2989, 0x31AA, 0x31EA,
    0x39EB, 0x31EB, 0x31CA, 0x31CA, 0x31CA, 0x31AA, 0x31AA, 0x31AA, 0x31AA, 0x31CA, 0x31CA, 0x31A9,
    0x2989, 0x29A9, 0x31AA, 0x3A0B, 0x3A0B, 0x31CA, 0x31AA, 0x31CA, 0x31AA, 0x29A9, 0x29A9, 0x29A9,
    0x29A9, 0x29A9, 0x29A9, 0x29AA, 0x31AA, 0x31AA, 0x31AA, 0x31AA, 0x31AA, 0x29AA, 0x2989, 0x2988,
    0x2988, 0x2989, 0x29A9, 0x2989, 0x31A9, 0x29A9, 0x31A9, 0x31A9, 0x2989, 0x31A9, 0x29A9, 0x29A9,
    0x29A9, 0x31A9, 0x2167, 0x2127, 0x2988, 0x31A9, 0x31CA, 0x31EA, 0x426C, 0x6BB0, 0x638E, 0x6BF0,
    0x638F, 0x638E, 0x6B8E, 0x636E, 0x5B2C, 0x5B0C, 0x52EB, 0x52CB, 0x4AAA, 0x4AAA, 0x4A8A, 0x4A8A,
    0x4A8A, 0x4A8A, 0x4A8A, 0x4A8A, 0x4AAA, 0x52AA, 0x52CB, 0x52EB, 0x52CB, 0x52CB, 0x52EB, 0x52CB,
    0x4ACB, 0x4AAA, 0x4AAA, 0x4AAA, 0x4AAA, 0x4ACB, 0x530C, 0x5B4D, 0x5B2C, 0x52CB, 0x52CB, 0x52CB,
    0x52CB, 0x52CB, 0x52CB, 0x52EB, 0x52EB, 0x52EB, 0x52EB, 0x52EB, 0x52EB, 0x52EB, 0x52EB, 0x52EB,
    0xC6BA, 0xC6DB, 0xBE79, 0xA5B6, 0x9D96, 0xA596, 0xA5F7, 0xCF1C, 0x73F0, 0x2126, 0x2967, 0x2146,
    0x2126, 0x2146, 0x2126, 0x2127, 0x2147, 0x2167, 0x2988, 0x2147, 0x2147, 0x2147, 0x2168, 0x2168,
    0x2168, 0x2168, 0x2168, 0x2167, 0x2147, 0x2168, 0x2168, 0x2168, 0x2168, 0x2167, 0x2147, 0x2147,
    0x2147, 0x2147, 0x2147, 0x2147, 0x2147, 0x2147, 0x2147, 0x2147, 0x2147, 0x2167, 0x2147, 0x2167,
    0x2168, 0x2168, 0x2167, 0x2147, 0x2167, 0x2147, 0x2147, 0x2147, 0x2147, 0x2127, 0x2127, 0x2127,
    0x1906, 0x2127, 0x2147, 0x2147, 0x2147, 0x2147, 0x2147, 0x2147, 0x2147, 0x1927, 0x2127, 0x2127,
    0x2147, 0x2147, 0x2127, 0x2127, 0x2127, 0x1927, 0x1926, 0x1926, 0x1926, 0x1926, 0x2126, 0x2147,
    0x2968, 0x2147, 0x632F, 0xA578, 0xA577, 0xAD98, 0xAD98, 0xA557, 0x9D37, 0x9D16, 0x9CF6, 0x94D5,
    0x8CB4, 0x94B4, 0x94D5, 0x8452, 0x52CC, 0x10A4, 0x10A3, 0x10C4, 0x1926, 0x29A9, 0x3A0B, 0x320B,
    0x428D, 0xADB9, 0xADB8, 0xB5D9, 0xB5FA, 0xADB9, 0xADB9, 0xADB9, 0xADB9, 0xADB9, 0xAD98, 0xAD98,
    0xADB9, 0xBDFA, 0xBDFA, 0xAD98, 0x8474, 0x73D1, 0x7C32, 0x31A9, 0x2147, 0x2988, 0x31CA, 0x31CA,
    0x31EA, 0x31EB, 0x31EA, 0x31CA, 0x31CA, 0x31AA, 0x31AA, 0x31AA, 0x31AA, 0x31CA, 0x31AA, 0x31A9,
    0x29A9, 0x29A9, 0x31A9, 0x31C9, 0x3A0B, 0x422C, 0x31CA, 0x31AA, 0x31AA, 0x31AA, 0x31A9, 0x2989,
    0x29A9, 0x29A9, 0x29AA, 0x31AA, 0x31CA, 0x31AA, 0x31AA, 0x31AA, 0x31AA, 0x31AA, 0x29A9, 0x2989,
    0x2988, 0x2988, 0x2989, 0x29A9, 0x29A9, 0x29A9, 0x29A9, 0x29A9, 0x2989, 0x2989, 0x2989, 0x29A9,
    0x29A9, 0x2988, 0x2147, 0x2147, 0x2988, 0x31A9, 0x31CA, 0x39EA, 0x3A0B, 0x7411, 0x7452, 0x8CD5,
    0x7432, 0x6BD0, 0x6BAF, 0x6BAF, 0x6BAF, 0x6BAF, 0x6BD0, 0x73D0, 0x6BD0, 0x6BAF, 0x638F, 0x636E,
    0x5B4D, 0x5B2D, 0x52EC, 0x52CB, 0x4AAA, 0x4AAA, 0x4A8A, 0x4A8A, 0x4A69, 0x4A89, 0x4A8A, 0x52AA,
    0x52CA, 0x52CA, 0x52CB, 0x52CB, 0x52CB, 0x52CB, 0x52CB, 0x52EB, 0x530C, 0x52CB, 0x52CB, 0x52CB,
    0x52CB, 0x52CB, 0x52CB, 0x52EB, 0x52EB, 0x52EB, 0x52CB, 0x52EB, 0x52EB, 0x52EB, 0x52EB, 0x52EB,
    0xC6BA, 0xC6BA, 0xBE79, 0xA5B6, 0x9D96, 0x9D96, 0xA5D7, 0xCEFB, 0x638F, 0x2146, 0x2967, 0x2126,
    0x1926, 0x1926, 0x2126, 0x2127, 0x2147, 0x2147, 0x2968, 0x2147, 0x2127, 0x2147, 0x2167, 0x2168,
    0x2168, 0x2168, 0x2147, 0x2147, 0x2167, 0x2147, 0x2168, 0x2168, 0x2167, 0x2147, 0x2147, 0x2167,
    0x2147, 0x2147, 0x2147, 0x2147, 0x2147, 0x2147, 0x2147, 0x2167, 0x2147, 0x2147, 0x2167, 0x2147,
    0x2167, 0x2168, 0x2168, 0x2147, 0x2147, 0x2147, 0x2147, 0x2147, 0x2147, 0x2147, 0x2127, 0x1927,
    0x2147, 0x2167, 0x2147, 0x2147, 0x2127, 0x2147, 0x2147, 0x2147, 0x2147, 0x2127, 0x2127, 0x2127,
    0x2147, 0x2127, 0x2127, 0x2127, 0x2127, 0x2127, 0x1926, 0x1926, 0x1926, 0x1926, 0x2126, 0x2127,
    0x2147, 0x2148, 0x3A0A, 0x9D16, 0xA577, 0xAD98, 0xAD98, 0xAD78, 0xA557, 0x9D36, 0x9D16, 0x94F5,
    0x94D5, 0x94D5, 0x9D16, 0x94B4, 0x634E, 0x10E5, 0x1905, 0x1905, 0x2168, 0x29A9, 0x320B, 0x3A2C,
    0x31EA, 0x8453, 0xBE1A, 0xB5D9, 0xBDFA, 0xB5D9, 0xB5B9, 0xB5D9, 0xB5F9, 0xB5D9, 0xADB9, 0xAD98,
    0xADB9, 0xBDFA, 0xBE1A, 0xAD98, 0x94D5, 0x8C94, 0x7C32, 0x2988, 0x2147, 0x2988, 0x31CA, 0x31CA,
    0x31CA, 0x31EB, 0x31CB, 0x31CA, 0x31CA, 0x31CA, 0x31AA, 0x31AA, 0x31AA, 0x31AA, 0x31AA, 0x31A9,
    0x31A9, 0x29A9, 0x29A9, 0x31A9, 0x31CA, 0x39EB, 0x3A2C, 0x39EB, 0x31AA, 0x31AA, 0x31AA, 0x2989,
    0x29A9, 0x29A9, 0x29A9, 0x31AA, 0x31AA, 0x31AA, 0x31AA, 0x31AA, 0x31AA, 0x29AA, 0x29A9, 0x2989,
    0x2988, 0x2989, 0x2989, 0x29A9, 0x29A9, 0x29A9, 0x29A9, 0x29A9, 0x29A9, 0x2989, 0x29A9, 0x2989,
    0x2989, 0x2988, 0x1926, 0x2147, 0x2988, 0x29A9, 0x31A9, 0x39EB, 0x31EA, 0x73F1, 0x9D97, 0xB65A,
    0x8D15, 0x6BF1, 0x7411, 0x7C31, 0x7C31, 0x7431, 0x7432, 0x7C93, 0x7C93, 0x7C73, 0x7453, 0x7432,
    0x7432, 0x7431, 0x7411, 0x6BF0, 0x6BD0, 0x6BAF, 0x638F, 0x636E, 0x5B2D, 0x5B2C, 0x52EC, 0x52CB,
    0x52AA, 0x4AAA, 0x4A8A, 0x4A69, 0x4269, 0x4269, 0x4269, 0x4AAA, 0x5B0C, 0x52CB, 0x52CB, 0x52CB,
    0x52CB, 0x52CB, 0x52CB, 0x52EB, 0x52EB, 0x52CB, 0x52CB, 0x52CB, 0x52EB, 0x52EB, 0x52EB, 0x52EB,
    0xBE9A, 0xC69A, 0xB658, 0x9DB6, 0x9D96, 0x9D96, 0xA5D6, 0xC6DB, 0x5B2D, 0x2146, 0x2987, 0x2146,
    0x1905, 0x1905, 0x1926, 0x2126, 0x2127, 0x2147, 0x2168, 0x2968, 0x2127, 0x2147, 0x2167, 0x2168,
    0x2168, 0x2147, 0x2147, 0x2167, 0x2168, 0x2167, 0x2167, 0x2147, 0x2167, 0x2167, 0x2147, 0x2147,
    0x2147, 0x2147, 0x2147, 0x2147, 0x2147, 0x2147, 0x2147, 0x2147, 0x2147, 0x2147, 0x2147, 0x2167,
    0x2167, 0x2168, 0x2168, 0x2167, 0x2147, 0x2147, 0x2147, 0x2147, 0x2147, 0x2127, 0x1927, 0x2147,
    0x2167, 0x2147, 0x2147, 0x2147, 0x2147, 0x2147, 0x2147, 0x2147, 0x2147, 0x2147, 0x2127, 0x1927,
    0x2127, 0x2127, 0x1927, 0x2127, 0x2127, 0x1927, 0x1926, 0x1926, 0x1926, 0x1926, 0x2126, 0x2127,
    0x2147, 0x2968, 0x2968, 0x8453, 0xA578, 0xAD98, 0xAD99, 0xAD98, 0xA557, 0x9D37, 0x9D16, 0x9CF6,
    0x9CF5, 0x9CF5, 0x9D16, 0x9CF6, 0x4A8B, 0x10C5, 0x1905, 0x1906, 0x2168, 0x29A9, 0x31CA, 0x31CA,
    0x1927, 0x6370, 0xBE3A, 0xB5D9, 0xBE1A, 0xB5F9, 0xB5D9, 0xB5D9, 0xBDFA, 0xB5FA, 0xADB9, 0xADB8,
    0xADB9, 0xB5FA, 0xBE1A, 0xAD98, 0x94D5, 0x8C94, 0x7C12, 0x2988, 0x2968, 0x2988, 0x31A9, 0x31CA,
    0x31CA, 0x31CB, 0x31CB, 0x31CA, 0x31CA, 0x31AA, 0x31A9, 0x31CA, 0x31CA, 0x31CA, 0x31AA, 0x31AA,
    0x31A9, 0x29A9, 0x29A9, 0x31A9, 0x31A9, 0x31AA, 0x31CB, 0x3A0B, 0x3A0B, 0x31AA, 0x31AA, 0x29AA,
    0x29A9, 0x29A9, 0x29AA, 0x31AA, 0x31AA, 0x31AA, 0x31AA, 0x31AA, 0x31CA, 0x31AA, 0x29A9, 0x2989,
    0x2988, 0x2988, 0x2988, 0x2989, 0x29A9, 0x29A9, 0x29A9, 0x29A9, 0x2989, 0x2989, 0x29A9, 0x2989,
    0x2988, 0x2968, 0x1906, 0x2126, 0x2968, 0x29A9, 0x31A9, 0x31CA, 0x39EB, 0x52EE, 0x9515, 0xADF9,
    0x8D15, 0x7432, 0x7C72, 0x8492, 0x8C93, 0x8472, 0x84B3, 0xA5F9, 0xAE19, 0xA5D8, 0x9D98, 0x9557,
    0x8D16, 0x84F5, 0x84D5, 0x7C94, 0x7473, 0x7453, 0x7452, 0x7432, 0x7432, 0x7431, 0x7411, 0x73F1,
    0x6BD0, 0x6BAF, 0x638E, 0x636E, 0x5B2D, 0x530C, 0x4ACB, 0x52EB, 0x5B2C, 0x52CB, 0x52CB, 0x52CB,
    0x52CB, 0x52CB, 0x52CB, 0x52EB, 0x52EB, 0x52CB, 0x52CB, 0x52CB, 0x52EB, 0x52CB, 0x52EB, 0x52EB,
    0xC69A, 0xC69A, 0xBE79, 0xA5D7, 0x9D96, 0x9D96, 0xA5B6, 0xC6BA, 0x52ED, 0x2167, 0x2987, 0x2126,
    0x1925, 0x1905, 0x1925, 0x2126, 0x2127, 0x2147, 0x2168, 0x2968, 0x2147, 0x2147, 0x2167, 0x2168,
    0x2147, 0x2167, 0x2147, 0x2147, 0x2147, 0x2147, 0x2167, 0x2147, 0x2147, 0x2147, 0x2147, 0x2147,
    0x2147, 0x2147, 0x2147, 0x2147, 0x2147, 0x2147, 0x2147, 0x2147, 0x2147, 0x2147, 0x2147, 0x2167,
    0x2168, 0x2168, 0x2168, 0x2167, 0x2167, 0x2147, 0x2147, 0x2147, 0x2147, 0x2147, 0x2147, 0x2168,
    0x2167, 0x2147, 0x2147, 0x2147, 0x2147, 0x2147, 0x2147, 0x2147, 0x2147, 0x2127, 0x2147, 0x2127,
    0x2127, 0x2127, 0x2127, 0x2127, 0x2127, 0x1927, 0x1926, 0x1926, 0x1926, 0x1926, 0x2126, 0x2127,
    0x2147, 0x2988, 0x2147, 0x632F, 0xAD98, 0xAD78, 0xAD99, 0xAD99, 0xA578, 0xA557, 0x9D37, 0x9D16,
    0x9D16, 0x9D16, 0x9D36, 0x94D5, 0x31A8, 0x18E5, 0x10E5, 0x1926, 0x2168, 0x29A9, 0x31CA, 0x29A9,
    0x2147, 0x9D16, 0xBE1A, 0xB5D9, 0xBE1A, 0xB5FA, 0xB5FA, 0xB5FA, 0xBE1A, 0xBDFA, 0xB5D9, 0xADB8,
    0xADB9, 0xB5FA, 0xBE1A, 0xAD98, 0x94D6, 0x8C94, 0x7BF2, 0x2968, 0x2968, 0x2988, 0x31AA, 0x31EB,
    0x31EB, 0x31CB, 0x31CA, 0x31CA, 0x31CA, 0x31CA, 0x31A9, 0x31AA, 0x31AA, 0x31CA, 0x31AA, 0x31A9,
    0x29A9, 0x29A9, 0x29A9, 0x29A9, 0x31A9, 0x31AA, 0x31CA, 0x31CB, 0x3A0C, 0x31CA, 0x31AA, 0x31AA,
    0x31A9, 0x29A9, 0x29A9, 0x29AA, 0x31AA, 0x31CA, 0x31AA, 0x31AA, 0x31CA, 0x31AA, 0x29A9, 0x2989,
    0x2988, 0x2988, 0x2988, 0x2988, 0x2989, 0x29A9, 0x29A9, 0x2989, 0x2989, 0x2989, 0x2989, 0x2988,
    0x2988, 0x2147, 0x1905, 0x2147, 0x2968, 0x2989, 0x31A9, 0x31CA, 0x3A0B, 0x3A2B, 0x9556, 0xB63A,
    0x9516, 0x7C73, 0x7C52, 0x7C51, 0x7C72, 0x7C52, 0x84B3, 0xB65A, 0xBE9B, 0xBE9B, 0xBE9B, 0xBE9B,
    0xBE7B, 0xB65B, 0xAE3A, 0xAE19, 0xA5D9, 0x9D98, 0x9577, 0x9536, 0x8D16, 0x84D5, 0x84B4, 0x7CB4,
    0x7C94, 0x7C73, 0x7C73, 0x7C52, 0x7452, 0x7432, 0x7432, 0x7411, 0x634D, 0x52CB, 0x52CB, 0x52CB,
    0x52CB, 0x52CB, 0x52EB, 0x52EB, 0x52EB, 0x52CB, 0x52CB, 0x52CB, 0x52CB, 0x52CB, 0x52EB, 0x52EB,
    0xC6BA, 0xC6BA, 0xC6BA, 0xADF7, 0x9D96, 0x9D96, 0xA5B6, 0xBE9A, 0x52EC, 0x2967, 0x2987, 0x2126,
    0x1905, 0x1925, 0x1925, 0x1926, 0x2127, 0x2147, 0x2147, 0x2968, 0x2147, 0x1926, 0x2147, 0x2147,
    0x2147, 0x2147, 0x2147, 0x2147, 0x2147, 0x2147, 0x2147, 0x2147, 0x2147, 0x2147, 0x2147, 0x2147,
    0x2147, 0x2147, 0x2147, 0x2147, 0x2147, 0x2147, 0x2147, 0x2147, 0x2147, 0x2147, 0x2147, 0x2147,
    0x2168, 0x2168, 0x2168, 0x2168, 0x2167, 0x2147, 0x2147, 0x2147, 0x1927, 0x2127, 0x2147, 0x2167,
    0x2147, 0x2147, 0x2147, 0x2147, 0x2147, 0x2168, 0x2167, 0x2147, 0x2147, 0x2147, 0x2147, 0x2147,
    0x2147, 0x2127, 0x2127, 0x2127, 0x2127, 0x1927, 0x1926, 0x1926, 0x1926, 0x1926, 0x1926, 0x2147,
    0x2147, 0x2968, 0x2968, 0x3A0A, 0xA537, 0xA578, 0xAD98, 0xAD99, 0xAD98, 0xA557, 0xA537, 0xA537,
    0x9D36, 0x9D16, 0xA557, 0x73D1, 0x18E5, 0x1906, 0x10E5, 0x2127, 0x2988, 0x29A9, 0x31CA, 0x31C9,
    0x2167, 0x7C33, 0xC65B, 0xB5D9, 0xBE1A, 0xB5FA, 0xB5FA, 0xBE1A, 0xBE1A, 0xBE1A, 0xB5D9, 0xAD98,
    0xADB9, 0xB5FA, 0xBE1A, 0xAD98, 0x94D6, 0x8C94, 0x73D1, 0x2147, 0x2968, 0x2989, 0x31AA, 0x31EB,
    0x31EB, 0x31EB, 0x31CA, 0x31CA, 0x31CA, 0x31CA, 0x31A9, 0x31CA, 0x31AA, 0x31AA, 0x31AA, 0x31A9,
    0x29A9, 0x29A9, 0x31A9, 0x29A9, 0x29A9, 0x31AA, 0x31CA, 0x31EB, 0x31CA, 0x29A9, 0x31AA, 0x31AA,
    0x29A9, 0x29A9, 0x29A9, 0x29AA, 0x31AA, 0x31CA, 0x31CA, 0x31CA, 0x31AA, 0x31AA, 0x29AA, 0x2989,
    0x2988, 0x2988, 0x2988, 0x2988, 0x2989, 0x2989, 0x29A9, 0x2989, 0x2989, 0x2988, 0x2988, 0x2988,
    0x2988, 0x2126, 0x1905, 0x2147, 0x2968, 0x2988, 0x29A9, 0x31CA, 0x3A0B, 0x31CA, 0x9516, 0xCEDC,
    0x9D97, 0x7C93, 0x8493, 0x8472, 0x8472, 0x7C72, 0x84B3, 0xADF9, 0xB65A, 0xB63A, 0xB63A, 0xB65A,
    0xB65A, 0xB67B, 0xB67B, 0xB67B, 0xB67B, 0xBE7B, 0xBE7B, 0xBE7B, 0xB65B, 0xB65A, 0xAE3A, 0xA5F9,
    0x9DB8, 0x9577, 0x9557, 0x8D36, 0x8515, 0x84D5, 0x84B4, 0x7C93, 0x636E, 0x52CB, 0x52CB, 0x52CB,
    0x52CB, 0x52CB, 0x52CB, 0x52EB, 0x52EB, 0x52CB, 0x52CB, 0x52CB, 0x52CB, 0x52CB, 0x52EB, 0x52EB,
    0xC6BA, 0xC6BA, 0xC6BA, 0xADF7, 0x9D96, 0x9D96, 0xA5D6, 0xC6BA, 0x52EC, 0x2987, 0x2967, 0x2126,
    0x1905, 0x1905, 0x1925, 0x1926, 0x2146, 0x2147, 0x2147, 0x2167, 0x2147, 0x1926, 0x2147, 0x2147,
    0x2147, 0x2167, 0x2147, 0x2147, 0x2147, 0x2147, 0x2147, 0x2147, 0x2147, 0x2147, 0x2147, 0x2147,
    0x2147, 0x2147, 0x2147, 0x2147, 0x2147, 0x2147, 0x2147, 0x2147, 0x2147, 0x2147, 0x2147, 0x2167,
    0x2168, 0x2168, 0x2168, 0x2968, 0x2168, 0x2147, 0x2147, 0x2147, 0x1926, 0x10E5, 0x2147, 0x2167,
    0x2168, 0x2168, 0x2167, 0x2167, 0x2167, 0x2147, 0x2147, 0x2167, 0x2147, 0x2147, 0x2147, 0x2147,
    0x2147, 0x2127, 0x2127, 0x2127, 0x2127, 0x2127, 0x1926, 0x1926, 0x1926, 0x1926, 0x1926, 0x2127,
    0x2147, 0x2168, 0x2988, 0x2968, 0x8453, 0xAD98, 0xAD98, 0xAD99, 0xAD98, 0xA557, 0xA557, 0xA537,
    0xA537, 0x9D16, 0xA557, 0x426B, 0x18E5, 0x1905, 0x1905, 0x2147, 0x2989, 0x29A9, 0x31CA, 0x31C9,
    0x2168, 0x3A0B, 0xA578, 0xBE1A, 0xB5FA, 0xB5FA, 0xB5D9, 0xBDFA, 0xBE3A, 0xBE1A, 0xB5FA, 0xADB9,
    0xB5B9, 0xB5FA, 0xBE1A, 0xAD98, 0x94D6, 0x8CB5, 0x6BB1, 0x2147, 0x2968, 0x2989, 0x31AA, 0x31CB,
    0x39EB, 0x31CB, 0x31CA, 0x31CB, 0x31CA, 0x31CA, 0x29A9, 0x29A9, 0x31A9, 0x31A9, 0x31A9, 0x31A9,
    0x31A9, 0x29A9, 0x29A9, 0x29A9, 0x31A9, 0x31A9, 0x31CA, 0x39EB, 0x31AA, 0x2989, 0x31AA, 0x31AA,
    0x29AA, 0x29A9, 0x2989, 0x31AA, 0x31AA, 0x31CA, 0x31AA, 0x31CA, 0x31CA, 0x31AA, 0x31AA, 0x2989,
    0x2988, 0x2988, 0x2988, 0x2988, 0x2988, 0x2989, 0x29A9, 0x29A9, 0x2989, 0x2988, 0x2988, 0x2988,
    0x2988, 0x1926, 0x1905, 0x2147, 0x2168, 0x2988, 0x31A9, 0x31CA, 0x3A0B, 0x31A9, 0x73F1, 0xBE7B,
    0x9556, 0x7C93, 0x84B3, 0x8CB3, 0x8CB3, 0x84B3, 0x8CF4, 0xBE7B, 0xC6BC, 0xBE9B, 0xBE9B, 0xBE7B,
    0xBE7B, 0xB67B, 0xB67B, 0xB67B, 0xB67B, 0xB65B, 0xB65B, 0xB65B, 0xB67B, 0xB67B, 0xBE7B, 0xBE9B,
    0xBE9B, 0xBE9B, 0xBE7B, 0xB67B, 0xB65A, 0xAE3A, 0xAE19, 0x9DB8, 0x63AF, 0x52CB, 0x52CB, 0x52CB,
    0x52EB, 0x52EB, 0x52CB, 0x52CB, 0x52CB, 0x52CB, 0x52CB, 0x52CB, 0x52CB, 0x52CB, 0x52CB, 0x52EB,
    0xBE99, 0xBE9A, 0xBE9A, 0xADF7, 0x9D96, 0x9D96, 0xA5B6, 0xBE79, 0x5B0D, 0x2967, 0x2146, 0x2126,
    0x1905, 0x1905, 0x1905, 0x1905, 0x1926, 0x2146, 0x2147, 0x2147, 0x2168, 0x1926, 0x2127, 0x2147,
    0x2147, 0x2147, 0x2147, 0x2147, 0x2147, 0x2147, 0x2147, 0x2147, 0x2147, 0x2147, 0x2147, 0x2147,
    0x2147, 0x2147, 0x2147, 0x2147, 0x2147, 0x2147, 0x2147, 0x2147, 0x2147, 0x2147, 0x2147, 0x2167,
    0x2167, 0x2168, 0x2168, 0x2168, 0x2167, 0x2147, 0x2147, 0x2127, 0x1926, 0x08A4, 0x10C4, 0x2167,
    0x2168, 0x2168, 0x2167, 0x2168, 0x2168, 0x2147, 0x2147, 0x2147, 0x2167, 0x2147, 0x2147, 0x2147,
    0x2147, 0x2127, 0x2127, 0x2127, 0x2127, 0x2127, 0x1926, 0x1926, 0x1926, 0x1906, 0x1926, 0x2146,
    0x2147, 0x2168, 0x2988, 0x2147, 0x5B0E, 0xAD98, 0xAD78, 0xAD99, 0xAD99, 0xA578, 0xA557, 0xA537,
    0xA537, 0x9D16, 0x8CB4, 0x2167, 0x1906, 0x18E5, 0x1905, 0x2147, 0x2989, 0x29A9, 0x29A9, 0x29A9,
    0x2988, 0x29AA, 0x5B0F, 0xB61A, 0xB5FA, 0xB5D9, 0xAD98, 0xB5D9, 0xBE1A, 0xBE1A, 0xBDFA, 0xB5B9,
    0xB5D9, 0xB5FA, 0xB5FA, 0xAD98, 0x94D5, 0x8CB5, 0x6370, 0x2127, 0x2988, 0x29A9, 0x31CA, 0x31CB,
    0x39EB, 0x39EB, 0x31CB, 0x31CA, 0x31CA, 0x31CA, 0x31CA, 0x29A9, 0x2989, 0x31A9, 0x29A9, 0x2989,
    0x2989, 0x29A9, 0x29A9, 0x31A9, 0x29A9, 0x31AA, 0x31CA, 0x31EA, 0x2989, 0x29A9, 0x31AA, 0x31AA,
    0x31AA, 0x29A9, 0x29A9, 0x31AA, 0x29AA, 0x31AA, 0x31AA, 0x31CA, 0x31CA, 0x31CA, 0x31AA, 0x2989,
    0x2988, 0x2988, 0x2968, 0x2968, 0x2988, 0x2988, 0x2989, 0x2989, 0x2989, 0x2988, 0x2988, 0x2988,
    0x2968, 0x1905, 0x1905, 0x2147, 0x2168, 0x2988, 0x29A9, 0x31CA, 0x3A0B, 0x31CA, 0x530E, 0xA5F9,
    0x8D36, 0x84B4, 0x84B3, 0x84B3, 0x84B3, 0x8493, 0x84D4, 0xB65A, 0xC6BC, 0xC6BC, 0xC6BC, 0xC6BC,
    0xC6BC, 0xC69C, 0xBE9C, 0xC69C, 0xBE9C, 0xBE9C, 0xBE9B, 0xBE7B, 0xB67B, 0xB65B, 0xB65B, 0xB65B,
    0xB65B, 0xB65A, 0xB65B, 0xB67B, 0xB67B, 0xBE7B, 0xBE7B, 0xB65A, 0x6BAF, 0x52CB, 0x5AEB, 0x52CB,
    0x52CB, 0x52CB, 0x52CB, 0x52CB, 0x52EB, 0x52CB, 0x52CB, 0x52CB, 0x52CB, 0x52CB, 0x52CB, 0x52CB,
    0xBE99, 0xBE99, 0xBE9A, 0xAE18, 0x9D96, 0x9D96, 0x9D96, 0xBE79, 0x5B4E, 0x1905, 0x2146, 0x2126,
    0x2125, 0x1925, 0x1925, 0x1905, 0x1905, 0x1926, 0x2146, 0x2147, 0x2168, 0x2127, 0x1926, 0x2147,
    0x2147, 0x2147, 0x2147, 0x2147, 0x2147, 0x2147, 0x2147, 0x2147, 0x2147, 0x2147, 0x2147, 0x2147,
    0x2147, 0x2147, 0x2147, 0x2147, 0x2147, 0x2147, 0x2147, 0x2147, 0x2147, 0x2147, 0x2147, 0x2147,
    0x2147, 0x2167, 0x2168, 0x2168, 0x2168, 0x2147, 0x2147, 0x2127, 0x1926, 0x18E5, 0x0883, 0x1926,
    0x2168, 0x2167, 0x2168, 0x2968, 0x2167, 0x2168, 0x2167, 0x2147, 0x2167, 0x2147, 0x2147, 0x2147,
    0x2147, 0x2147, 0x2147, 0x2147, 0x2127, 0x2127, 0x1927, 0x2127, 0x1926, 0x1906, 0x1926, 0x2126,
    0x2147, 0x2168, 0x2988, 0x2988, 0x39EA, 0x9D16, 0xAD78, 0xAD99, 0xADB9, 0xAD78, 0xA577, 0xA557,
    0x9D36, 0xA537, 0x6BB0, 0x10E5, 0x1906, 0x18E5, 0x1906, 0x2147, 0x2989, 0x29A9, 0x29A9, 0x29A9,
    0x2988, 0x31EB, 0x31EB, 0x8C95, 0xBE3B, 0xB5D9, 0xAD98, 0xAD98, 0xB5D9, 0xBE1A, 0xB5FA, 0xB5D9,
    0xB5D9, 0xB5FA, 0xB5FA, 0xAD98, 0x94D5, 0x8CB5, 0x5B0E, 0x2127, 0x2989, 0x31A9, 0x31CA, 0x31EB,
    0x39EB, 0x39EB, 0x39EB, 0x39EB, 0x31CA, 0x31CA, 0x31CB, 0x31EA, 0x31CA, 0x2989, 0x29A9, 0x29A9,
    0x2988, 0x2989, 0x29A9, 0x29A9, 0x31A9, 0x31A9, 0x31EA, 0x31CA, 0x2969, 0x31AA, 0x31AA, 0x29AA,
    0x29AA, 0x29A9, 0x2989, 0x31AA, 0x31AA, 0x31AA, 0x31AA, 0x31CA, 0x31CA, 0x31CA, 0x31AA, 0x29A9,
    0x29A9, 0x2988, 0x2968, 0x2968, 0x2988, 0x2988, 0x2989, 0x2989, 0x2989, 0x2988, 0x2988, 0x2968,
    0x2967, 0x1905, 0x1926, 0x2147, 0x2988, 0x2988, 0x29A9, 0x31CA, 0x3A0A, 0x31CA, 0x428C, 0xADF9,
    0x9577, 0x84D5, 0x8CD4, 0x84B3, 0x84B3, 0x84B3, 0x84D4, 0xA5B8, 0xB63A, 0xB65A, 0xB65B, 0xBE7B,
    0xBE9B, 0xBE9B, 0xBE9B, 0xBE9B, 0xBE9B, 0xBEBC, 0xBEBC, 0xBEBC, 0xBEBC, 0xBEBC, 0xBEBC, 0xBE9C,
    0xBE9C, 0xBE7B, 0xBE7B, 0xB67B, 0xB65B, 0xB65B, 0xB65B, 0xB63A, 0x84B3, 0x530C, 0x52CB, 0x52CB,
    0x52CB, 0x52CB, 0x52CB, 0x52CB, 0x52CB, 0x52CB, 0x52CB, 0x52CB, 0x52CB, 0x52CB, 0x52CB, 0x52CB,
    0xBE79, 0xBE79, 0xBE79, 0xB638, 0xA5D7, 0x9D96, 0x9D96, 0xADF7, 0x3A2A, 0x1905, 0x2126, 0x1905,
    0x1925, 0x1925, 0x1925, 0x1905, 0x1905, 0x1905, 0x1905, 0x2127, 0x2168, 0x2147, 0x1906, 0x1927,
    0x2147, 0x2147, 0x2147, 0x2147, 0x2147, 0x2147, 0x2147, 0x2147, 0x2147, 0x2147, 0x2147, 0x2147,
    0x2147, 0x2147, 0x2147, 0x2147, 0x2147, 0x2127, 0x2147, 0x2147, 0x2147, 0x2147, 0x2147, 0x2147,
    0x2147, 0x2147, 0x2167, 0x2168, 0x2168, 0x2167, 0x2147, 0x2147, 0x2127, 0x1926, 0x10C4, 0x10A4,
    0x2147, 0x2168, 0x2168, 0x2168, 0x2168, 0x2168, 0x2167, 0x2167, 0x2167, 0x2167, 0x2147, 0x2147,
    0x2147, 0x2147, 0x2127, 0x2147, 0x2127, 0x2127, 0x2147, 0x1927, 0x1926, 0x1926, 0x1926, 0x2127,
    0x2127, 0x2147, 0x2968, 0x31A9, 0x2168, 0x7C12, 0xAD99, 0xAD98, 0xADB9, 0xAD98, 0xA578, 0xA557,
    0x9D16, 0xA537, 0x4AAC, 0x10E5, 0x1906, 0x18E5, 0x1906, 0x2147, 0x2989, 0x29A9, 0x29C9, 0x29A9,
    0x29A9, 0x31EA, 0x320B, 0x4ACE, 0xB5FA, 0xBE1A, 0xADB9, 0xAD99, 0xADB9, 0xB5FA, 0xB5F9, 0xB5D9,
    0xB5D9, 0xB5FA, 0xB5FA, 0xAD98, 0x94D5, 0x8C94, 0x52CD, 0x2147, 0x2989, 0x29A9, 0x31CA, 0x31CB,
    0x39EB, 0x39EB, 0x39EB, 0x39EB, 0x31CA, 0x31CA, 0x31CA, 0x31CA, 0x31CA, 0x31CA, 0x2989, 0x2989,
    0x29A9, 0x2989, 0x2989, 0x29A9, 0x31CA, 0x31A9, 0x31CA, 0x2989, 0x2989, 0x31AA, 0x31CA, 0x31AA,
    0x29A9, 0x29A9, 0x29A9, 0x31AA, 0x31AA, 0x31AA, 0x31CA, 0x31CA, 0x31CA, 0x31CA, 0x31CA, 0x31AA,
    0x2989, 0x2988, 0x2968, 0x2968, 0x2968, 0x2988, 0x2989, 0x2989, 0x2989, 0x2988, 0x2988, 0x2968,
    0x2147, 0x18E5, 0x1926, 0x2147, 0x2968, 0x29A8, 0x31A9, 0x31CA, 0x3A0B, 0x39EA, 0x3A2B, 0xB63A,
    0xAE19, 0x8D15, 0x8CF5, 0x8CD4, 0x84D4, 0x84D4, 0x8CD4, 0x9536, 0x9577, 0x9D77, 0x9D97, 0x9DB8,
    0xA5B8, 0xA5D9, 0xA5F9, 0xAE1A, 0xB63A, 0xB65A, 0xB67B, 0xBE7B, 0xBE7B, 0xBE9B, 0xBE9B, 0xBE9C,
    0xC6BC, 0xC6BC, 0xC6BC, 0xC6BC, 0xBE9C, 0xBE9B, 0xC69B, 0xC6BC, 0xAE19, 0x636D, 0x5ACB, 0x5AEA,
    0x52AA, 0x52AA, 0x52CA, 0x52CA, 0x52CA, 0x52CA, 0x52CA, 0x52CA, 0x52CB, 0x52CB, 0x52CB, 0x52EB,
    0xC699, 0xBE99, 0xBE99, 0xBE79, 0xAE18, 0x9D96, 0xADF7, 0x7C72, 0x1905, 0x2106, 0x1905, 0x1905,
    0x1925, 0x1905, 0x1926, 0x1926, 0x1926, 0x1926, 0x1906, 0x1926, 0x2147, 0x2168, 0x1906, 0x1926,
    0x2147, 0x2147, 0x2147, 0x2147, 0x2147, 0x2147, 0x2147, 0x2147, 0x2147, 0x2147, 0x2147, 0x2147,
    0x2147, 0x2147, 0x2147, 0x2147, 0x2147, 0x2147, 0x2147, 0x2147, 0x2147, 0x2127, 0x2127, 0x2147,
    0x2147, 0x2147, 0x2147, 0x2168, 0x2168, 0x2168, 0x2167, 0x2147, 0x2147, 0x1926, 0x1905, 0x0883,
    0x18E5, 0x2168, 0x2168, 0x2168, 0x2168, 0x2168, 0x2967, 0x2167, 0x2168, 0x2167, 0x2147, 0x2147,
    0x2147, 0x2147, 0x2147, 0x2147, 0x2127, 0x2147, 0x2127, 0x2127, 0x1927, 0x1927, 0x1926, 0x2126,
    0x2127, 0x2147, 0x2968, 0x2988, 0x2968, 0x52CD, 0xAD98, 0xAD98, 0xADB9, 0xADB9, 0xAD78, 0xA557,
    0x9D36, 0x9CF6, 0x31C9, 0x1905, 0x1905, 0x18E5, 0x1926, 0x2168, 0x2989, 0x29A9, 0x29A9, 0x29C9,
    0x29A9, 0x31CA, 0x3A0B, 0x31EB, 0x8475, 0xC67C, 0xB5D9, 0xB5B9, 0xB5B9, 0xB5DA, 0xB5D9, 0xB5D9,
    0xB5D9, 0xB5FA, 0xB5FA, 0xAD98, 0x94D5, 0x8C94, 0x4A8C, 0x2127, 0x2988, 0x31A9, 0x31CA, 0x31EB,
    0x31EB, 0x39EB, 0x31CB, 0x39EB, 0x31CA, 0x31CA, 0x31CA, 0x31CA, 0x31CA, 0x31AA, 0x31CA, 0x2989,
    0x2988, 0x31A9, 0x31A9, 0x31A9, 0x31AA, 0x31CA, 0x31CA, 0x2968, 0x29A9, 0x31CA, 0x31AA, 0x31AA,
    0x31AA, 0x29A9, 0x2989, 0x31AA, 0x31AA, 0x31AA, 0x31CA, 0x31CA, 0x31CA, 0x31CA, 0x31AA, 0x31AA,
    0x2989, 0x2989, 0x2968, 0x2968, 0x2968, 0x2988, 0x2988, 0x2989, 0x2989, 0x2988, 0x2988, 0x2968,
    0x2147, 0x18E5, 0x2127, 0x2147, 0x2968, 0x2988, 0x29A9, 0x31C9, 0x3A0B, 0x3A2B, 0x31CA, 0xADD9,
    0xBE7B, 0x8D16, 0x8CF5, 0x8CF4, 0x8CD4, 0x8CD4, 0x8CF4, 0xA5D8, 0xB61A, 0xAE19, 0xA5F9, 0xA5D8,
    0x9DB8, 0x9D98, 0x9D98, 0x9598, 0x9D98, 0x9D98, 0x9D98, 0xA5B8, 0xA5D9, 0xA5F9, 0xA5F9, 0xAE1A,
    0xAE3A, 0xB65A, 0xB67B, 0xBE7B, 0xBE9B, 0xBE9B, 0xC69B, 0xC6DC, 0xADF8, 0x5B6D, 0x5B2B, 0x632B,
    0x4A68, 0x4A48, 0x5288, 0x52A9, 0x4A89, 0x4A69, 0x4A69, 0x4A89, 0x4A89, 0x52A9, 0x5289, 0x52A9,
    0xC6BA, 0xC69A, 0xC69A, 0xBE9A, 0xADF8, 0x9D96, 0xADF7, 0x426A, 0x18E5, 0x1905, 0x18E5, 0x1905,
    0x1905, 0x1905, 0x1905, 0x1926, 0x1926, 0x2127, 0x2127, 0x2127, 0x2147, 0x2167, 0x2126, 0x1906,
    0x2147, 0x2147, 0x2147, 0x2147, 0x2147, 0x2147, 0x2147, 0x2147, 0x2147, 0x2147, 0x2147, 0x2147,
    0x2147, 0x2147, 0x2147, 0x2147, 0x2147, 0x2147, 0x2147, 0x2147, 0x2147, 0x2127, 0x2127, 0x2147,
    0x2167, 0x2147, 0x2147, 0x2167, 0x2167, 0x2168, 0x2168, 0x2167, 0x2167, 0x2147, 0x2126, 0x10E5,
    0x0883, 0x1926, 0x2168, 0x2968, 0x2988, 0x2168, 0x2968, 0x2968, 0x2168, 0x2167, 0x2147, 0x2147,
    0x2147, 0x2147, 0x2147, 0x2147, 0x2147, 0x2127, 0x2127, 0x2147, 0x1927, 0x1907, 0x2127, 0x2127,
    0x2127, 0x2127, 0x2147, 0x2988, 0x2988, 0x31C9, 0x9D16, 0xAD98, 0xADB9, 0xADB9, 0xAD98, 0xA557,
    0x9D37, 0x8453, 0x2127, 0x1926, 0x1905, 0x1905, 0x2126, 0x2168, 0x2989, 0x29A9, 0x29A9, 0x29CA,
    0x31CA, 0x31CA, 0x31EB, 0x31EB, 0x4A8D, 0xBE1B, 0xBE3B, 0xBDFA, 0xB5FA, 0xB5FA, 0xB5D9, 0xB5D9,
    0xB5F9, 0xB5FA, 0xB5F9, 0xAD98, 0x94B5, 0x8C74, 0x424B, 0x2147, 0x2989, 0x31A9, 0x31EA, 0x39EB,
    0x31CB, 0x31EB, 0x39EB, 0x31CA, 0x31CA, 0x31CA, 0x31CA, 0x31CA, 0x31CA, 0x31AA, 0x31CA, 0x31CA,
    0x31A9, 0x29A9, 0x31A9, 0x31A9, 0x31AA, 0x31CA, 0x31CA, 0x2168, 0x31A9, 0x31CA, 0x31AA, 0x31AA,
    0x29A9, 0x29A9, 0x29A9, 0x29AA, 0x31AA, 0x31CA, 0x31CA, 0x31AA, 0x31CA, 0x31CA, 0x31CA, 0x31AA,
    0x2989, 0x2989, 0x2988, 0x2968, 0x2988, 0x2988, 0x2988, 0x2989, 0x2989, 0x2988, 0x2988, 0x2968,
    0x2126, 0x18E5, 0x2147, 0x2968, 0x2968, 0x2968, 0x2988, 0x31C9, 0x3A0B, 0x424C, 0x29A9, 0x9536,
    0xBE9B, 0x8D16, 0x8CF5, 0x8CF5, 0x8CF4, 0x8CF4, 0x8CF5, 0xAE19, 0xC6BC, 0xC6BC, 0xBE9C, 0xBE9B,
    0xBE7B, 0xB65B, 0xB65B, 0xB65A, 0xAE1A, 0xADFA, 0xA5D9, 0xA5D9, 0x9DB8, 0x9D98, 0x9577, 0x9577,
    0x9577, 0x9577, 0x9D98, 0x9DB8, 0xA5D8, 0xA5F9, 0xAE1A, 0xB65B, 0x9D97, 0x5B4D, 0x632C, 0x632C,
    0x4A88, 0x4A88, 0x52A9, 0x5AC9, 0x5289, 0x4228, 0x4227, 0x4227, 0x4207, 0x4207, 0x3A07, 0x39E7,
    0xBE59, 0xB659, 0xBE79, 0xBE59, 0xADD7, 0xADF7, 0x8492, 0x1905, 0x1905, 0x1905, 0x18E5, 0x1905,
    0x1905, 0x1905, 0x1905, 0x1905, 0x1926, 0x1906, 0x2127, 0x2127, 0x2147, 0x2147, 0x2147, 0x1906,
    0x1926, 0x1927, 0x2147, 0x2147, 0x2147, 0x2147, 0x2147, 0x2147, 0x2147, 0x2147, 0x2147, 0x2147,
    0x2147, 0x2147, 0x2147, 0x2147, 0x2147, 0x2147, 0x2147, 0x2147, 0x2127, 0x2127, 0x2127, 0x2147,
    0x2147, 0x2147, 0x2167, 0x2147, 0x2168, 0x2168, 0x2168, 0x2147, 0x2147, 0x2147, 0x2147, 0x1926,
    0x10A4, 0x10A4, 0x2147, 0x2167, 0x2168, 0x2968, 0x2968, 0x2168, 0x2168, 0x2168, 0x2167, 0x2147,
    0x2147, 0x2147, 0x2147, 0x2147, 0x2147, 0x2127, 0x2127, 0x2127, 0x2127, 0x2127, 0x2127, 0x1926,
    0x2127, 0x2127, 0x2147, 0x2968, 0x29A9, 0x2168, 0x7C12, 0xADB9, 0xADB8, 0xB5B9, 0xAD98, 0xA557,
    0xA537, 0x6B90, 0x18E6, 0x2126, 0x1906, 0x1906, 0x2127, 0x2168, 0x2989, 0x2989, 0x29A9, 0x31CA,
    0x31CA, 0x31EA, 0x31EB, 0x320B, 0x31CB, 0x8C95, 0xCE9C, 0xBE1B, 0xBE1A, 0xB5FA, 0xB5D9, 0xB5D9,
    0xB5F9, 0xB5FA, 0xB5D9, 0xAD78, 0x94B5, 0x8474, 0x3A0A, 0x2147, 0x2988, 0x31A9, 0x31CA, 0x31CB,
    0x39EB, 0x39EB, 0x31EB, 0x31CA, 0x31CA, 0x31CA, 0x31CA, 0x31AA, 0x31AA, 0x31CA, 0x31AA, 0x31AA,
    0x31CA, 0x31AA, 0x29A9, 0x31AA, 0x31AA, 0x31CA, 0x29A9, 0x2989, 0x31CA, 0x31AA, 0x29AA, 0x31AA,
    0x31AA, 0x29A9, 0x2989, 0x29AA, 0x31AA, 0x31CA, 0x31CA, 0x31CA, 0x31CA, 0x31AA, 0x31AA, 0x31AA,
    0x31A9, 0x2989, 0x2988, 0x2968, 0x2988, 0x2988, 0x2988, 0x2989, 0x2989, 0x2988, 0x2988, 0x2968,
    0x1906, 0x18E5, 0x2147, 0x2167, 0x2968, 0x2988, 0x29A9, 0x31CA, 0x3A0B, 0x424C, 0x2989, 0x8494,
    0xC6BC, 0x8D36, 0x8D15, 0x94F5, 0x8CF5, 0x94F5, 0x8CF5, 0xADF9, 0xC6BC, 0xC6BC, 0xC6BC, 0xC6BC,
    0xC6BC, 0xC69C, 0xBEBC, 0xBEBC, 0xBE9C, 0xBE9B, 0xBE7B, 0xB67B, 0xB67B, 0xB65B, 0xAE3A, 0xAE1A,
    0xA5F9, 0xA5D9, 0x9DB8, 0x9D98, 0x9597, 0x9577, 0x9577, 0x9D98, 0x84D4, 0x5B4D, 0x634C, 0x632B,
    0x4A68, 0x5288, 0x5AE9, 0x5AEA, 0x52A9, 0x4A48, 0x4A68, 0x4A68, 0x4A48, 0x4228, 0x4227, 0x4228,
    0xB658, 0xB659, 0xBE79, 0xBE59, 0xADF7, 0xAE18, 0x4AAB, 0x18C4, 0x1905, 0x18E5, 0x18E5, 0x1905,
    0x1905, 0x1905, 0x1905, 0x1905, 0x1905, 0x1905, 0x1926, 0x1906, 0x2127, 0x2147, 0x2147, 0x1906,
    0x1926, 0x2127, 0x1927, 0x2147, 0x2147, 0x2147, 0x2147, 0x2147, 0x2147, 0x2147, 0x2147, 0x2147,
    0x2147, 0x2147, 0x2147, 0x2147, 0x2147, 0x2147, 0x2147, 0x2147, 0x2147, 0x2127, 0x2127, 0x2147,
    0x2147, 0x2147, 0x2147, 0x2167, 0x2168, 0x2168, 0x2968, 0x2168, 0x2167, 0x2147, 0x2147, 0x2147,
    0x1906, 0x0883, 0x18E5, 0x2967, 0x2168, 0x2968, 0x2968, 0x2968, 0x2168, 0x2168, 0x2168, 0x2147,
    0x2167, 0x2147, 0x2147, 0x2147, 0x2147, 0x2127, 0x2127, 0x2127, 0x2127, 0x2127, 0x2127, 0x2127,
    0x2127, 0x2127, 0x2147, 0x2968, 0x2988, 0x2168, 0x52CD, 0xAD98, 0xAD98, 0xB5B9, 0xAD98, 0xA537,
    0x9D36, 0x5AEE, 0x18E6, 0x1926, 0x1906, 0x1926, 0x2147, 0x2168, 0x2989, 0x29A9, 0x29AA, 0x29CA,
    0x29CA, 0x31EB, 0x31EB, 0x31EB, 0x31EB, 0x52CE, 0xC65C, 0xBE3B, 0xBE1A, 0xBDFA, 0xB5DA, 0xB5D9,
    0xB5D9, 0xB5FA, 0xB5DA, 0xA578, 0x94D5, 0x8453, 0x31C9, 0x2147, 0x2989, 0x31A9, 0x31CA, 0x31CA,
    0x31CB, 0x31EB, 0x31EB, 0x31CA, 0x31CA, 0x31CA, 0x31AA, 0x31CA, 0x31AA, 0x31AA, 0x31AA, 0x31CA,
    0x31AA, 0x31AA, 0x29A9, 0x29A9, 0x31CA, 0x31CA, 0x2969, 0x29A9, 0x31CA, 0x31AA, 0x31AA, 0x31AA,
    0x29AA, 0x31AA, 0x29AA, 0x29AA, 0x31AA, 0x31AA, 0x31CA, 0x31CA, 0x31CA, 0x31CA, 0x31AA, 0x31AA,
    0x31A9, 0x2989, 0x2989, 0x2988, 0x2988, 0x2988, 0x2989, 0x2989, 0x2989, 0x2988, 0x2968, 0x2168,
    0x1905, 0x1906, 0x2147, 0x2968, 0x2988, 0x31A9, 0x31C9, 0x31EA, 0x3A0B, 0x4A6D, 0x2989, 0x7412,
    0xC6BC, 0x9556, 0x9516, 0x9516, 0x8CF5, 0x8D15, 0x8D15, 0xADF9, 0xC6BC, 0xC6BC, 0xC6BC, 0xC6BC,
    0xC69C, 0xC69C, 0xBE9C, 0xBE9B, 0xBE9B, 0xBE9C, 0xBE9B, 0xBE7B, 0xBE9C, 0xBE7B, 0xBE7B, 0xBE9C,
    0xBE9C, 0xBE9C, 0xB67B, 0xB65B, 0xB65B, 0xAE3A, 0xAE19, 0xAE19, 0x9535, 0x5B2C, 0x632C, 0x630B,
    0x4A68, 0x52A8, 0x5AEA, 0x62EA, 0x52A9, 0x4A69, 0x4A68, 0x4A68, 0x4A68, 0x4248, 0x4248, 0x4248,
    0xB638, 0xB658, 0xBE59, 0xB659, 0xB638, 0x9535, 0x2146, 0x1905, 0x18E5, 0x18E5, 0x18E5, 0x1905,
    0x1905, 0x1905, 0x1905, 0x1905, 0x1905, 0x1905, 0x1905, 0x1906, 0x1927, 0x2127, 0x2147, 0x1906,
    0x1926, 0x2127, 0x2127, 0x2127, 0x2147, 0x2127, 0x2147, 0x2147, 0x2147, 0x2147, 0x2147, 0x2147,
    0x2147, 0x2147, 0x2147, 0x2147, 0x2147, 0x2147, 0x2147, 0x2147, 0x2127, 0x2127, 0x2127, 0x2127,
    0x2147, 0x2147, 0x2147, 0x2147, 0x2168, 0x2968, 0x2168, 0x2168, 0x2167, 0x2147, 0x2147, 0x2147,
    0x1926, 0x10E4, 0x08A3, 0x2126, 0x2968, 0x2968, 0x2968, 0x2968, 0x2168, 0x2168, 0x2167, 0x2167,
    0x2147, 0x2167, 0x2147, 0x2147, 0x2147, 0x2147, 0x2127, 0x2127, 0x2127, 0x2127, 0x2127, 0x2127,
    0x2127, 0x2127, 0x2127, 0x2147, 0x2988, 0x2988, 0x31CA, 0x9D17, 0xADB9, 0xADB9, 0xAD98, 0xA537,
    0x9D16, 0x4A6C, 0x1906, 0x2126, 0x1906, 0x2127, 0x2167, 0x2968, 0x2989, 0x29A9, 0x29AA, 0x31CA,
    0x31CA, 0x31EB, 0x31EB, 0x31EB, 0x320C, 0x31EB, 0x9D17, 0xC67C, 0xBDFA, 0xBDFA, 0xB5FA, 0xB5D9,
    0xB5D9, 0xB5DA, 0xB5D9, 0xA578, 0x94D5, 0x7C12, 0x2988, 0x2147, 0x2989, 0x31A9, 0x31CA, 0x31EB,
    0x39EB, 0x39EB, 0x31CA, 0x31EA, 0x31CA, 0x31CA, 0x31CA, 0x31CA, 0x31CA, 0x31CA, 0x31CA, 0x31CA,
    0x31AA, 0x31AA, 0x31AA, 0x31AA, 0x31CA, 0x31A9, 0x2968, 0x31AA, 0x31CA, 0x29AA, 0x31AA, 0x31AA,
    0x31AA, 0x31AA, 0x29AA, 0x31AA, 0x31AA, 0x31AA, 0x31CA, 0x31CA, 0x31CA, 0x31CA, 0x31AA, 0x31AA,
    0x29A9, 0x2989, 0x2989, 0x2989, 0x2988, 0x2988, 0x2989, 0x2989, 0x2989, 0x2988, 0x2968, 0x2147,
    0x18E5, 0x1926, 0x2147, 0x2147, 0x2147, 0x2968, 0x2988, 0x31C9, 0x3A0B, 0x4A8D, 0x29AA, 0x6BD1,
    0xC6BC, 0x9557, 0x8D36, 0x9516, 0x9515, 0x9515, 0x9515, 0xADF9, 0xC6BC, 0xC6BC, 0xC6BC, 0xBE9C,
    0xBE9C, 0xBE9C, 0xBE9C, 0xBE9B, 0xBE9C, 0xBE9C, 0xBE9C, 0xBE9C, 0xBE9C, 0xBE9C, 0xBE9C, 0xBE9C,
    0xBE9C, 0xBE9C, 0xBE9C, 0xBE7C, 0xBE7C, 0xB67B, 0xB65B, 0xBE9B, 0xA5B7, 0x52EC, 0x4A69, 0x4248,
    0x3A06, 0x4A47, 0x5289, 0x52A9, 0x52A9, 0x4A69, 0x4A68, 0x4A68, 0x4A68, 0x4A48, 0x4248, 0x4248,
    0xB638, 0xB638, 0xB638, 0xB638, 0xBE79, 0x6BF0, 0x10C4, 0x1905, 0x18E5, 0x1905, 0x1905, 0x1905,
    0x1905, 0x1905, 0x1905, 0x1905, 0x1905, 0x1905, 0x1906, 0x1926, 0x2147, 0x2147, 0x2168, 0x2147,
    0x1906, 0x1926, 0x2127, 0x2127, 0x2127, 0x2127, 0x2147, 0x2147, 0x2147, 0x2147, 0x2147, 0x2147,
    0x2147, 0x2147, 0x2147, 0x2147, 0x2147, 0x2147, 0x2147, 0x2147, 0x2147, 0x2127, 0x2127, 0x2127,
    0x2147, 0x2147, 0x2147, 0x2167, 0x2168, 0x2968, 0x2168, 0x2168, 0x2168, 0x2167, 0x2147, 0x2147,
    0x2127, 0x1906, 0x10A4, 0x10C4, 0x2167, 0x2168, 0x2968, 0x2988, 0x2968, 0x2968, 0x2168, 0x2167,
    0x2147, 0x2147, 0x2147, 0x2147, 0x2147, 0x2147, 0x2127, 0x2127, 0x2127, 0x2127, 0x2127, 0x2127,
    0x1927, 0x2127, 0x2127, 0x2147, 0x2968, 0x29A9, 0x2968, 0x7C12, 0xB5D9, 0xAD98, 0xAD98, 0x9D37,
    0x94D5, 0x39EA, 0x1906, 0x2127, 0x2126, 0x2147, 0x2167, 0x2988, 0x2989, 0x29A9, 0x29CA, 0x31CA,
    0x31CA, 0x31EA, 0x31EB, 0x31EB, 0x320B, 0x29CB, 0x6371, 0xC65B, 0xBDFA, 0xBE1A, 0xBDFA, 0xB5FA,
    0xB5DA, 0xB5DA, 0xB5D9, 0xA558, 0x94D5, 0x73D1, 0x2167, 0x2168, 0x29A9, 0x31AA, 0x31CA, 0x31EB,
    0x31EB, 0x39EB, 0x31CB, 0x31EB, 0x31EA, 0x31CA, 0x31CA, 0x31CA, 0x31CA, 0x31CA, 0x31CA, 0x31CA,
    0x31AA, 0x31AA, 0x31CA, 0x31CA, 0x31CA, 0x2989, 0x2989, 0x31CA, 0x31AA, 0x31AA, 0x31AA, 0x31AA,
    0x29AA, 0x29AA, 0x31AA, 0x31AA, 0x31AA, 0x31CA, 0x31AA, 0x31CA, 0x31CA, 0x31CA, 0x31AA, 0x31AA,
    0x29AA, 0x31A9, 0x29A9, 0x2989, 0x2989, 0x2988, 0x29A9, 0x2989, 0x2989, 0x2988, 0x2168, 0x2147,
    0x18E5, 0x2126, 0x2147, 0x2147, 0x2147, 0x2147, 0x2988, 0x31A9, 0x31CA, 0x426C, 0x31CA, 0x6BB1,
    0xC6BC, 0x9D77, 0x9536, 0x9515, 0x9515, 0x8D15, 0x8D15, 0xA5D8, 0xBE9B, 0xC69C, 0xC69C, 0xBEBC,
    0xBEBC, 0xBE9C, 0xBE9C, 0xBE9C, 0xBEBC, 0xBE9C, 0xBE9C, 0xBEBC, 0xBE9C, 0xBE9C, 0xBE9C, 0xBE9C,
    0xBE9C, 0xBE9C, 0xBE7B, 0xBE7B, 0xB65B, 0xB65B, 0xB65B, 0xBE7B, 0x9D97, 0x636D, 0x5AEB, 0x5289,
    0x4227, 0x4207, 0x4206, 0x4206, 0x39E6, 0x39C6, 0x39E7, 0x39E7, 0x3A07, 0x3A07, 0x39E7, 0x3A07,
    0xB659, 0xBE59, 0xB659, 0xB659, 0xBE59, 0x426A, 0x10C4, 0x1905, 0x1905, 0x1905, 0x1905, 0x1905,
    0x18E5, 0x18E5, 0x18E5, 0x18E5, 0x1905, 0x1905, 0x1926, 0x2147, 0x2147, 0x2147, 0x2168, 0x2167,
    0x1906, 0x1906, 0x1926, 0x2127, 0x2127, 0x2147, 0x2147, 0x2147, 0x2147, 0x2147, 0x2147, 0x2147,
    0x2147, 0x2147, 0x2147, 0x2147, 0x2147, 0x2147, 0x2147, 0x2147, 0x2147, 0x2127, 0x2127, 0x2127,
    0x2127, 0x2147, 0x2147, 0x2147, 0x2147, 0x2168, 0x2167, 0x2167, 0x2168, 0x2168, 0x2167, 0x2147,
    0x2147, 0x2147, 0x1905, 0x0883, 0x18E5, 0x2968, 0x2167, 0x2988, 0x2988, 0x2168, 0x2168, 0x2167,
    0x2167, 0x2167, 0x2147, 0x2147, 0x2147, 0x2147, 0x2127, 0x2127, 0x2127, 0x2127, 0x2127, 0x2126,
    0x2126, 0x2126, 0x2127, 0x2147, 0x2167, 0x2988, 0x2968, 0x4AAD, 0xB5B9, 0xAD98, 0xAD98, 0x9D36,
    0x8C94, 0x31C9, 0x2127, 0x2127, 0x2147, 0x2147, 0x2168, 0x2988, 0x2989, 0x29A9, 0x29CA, 0x29CA,
    0x31CA, 0x31EA, 0x31EB, 0x31EB, 0x31EB, 0x31EB, 0x424C, 0xADB9, 0xBE1A, 0xBE1A, 0xBDFA, 0xBDFA,
    0xB5FA, 0xB5FA, 0xB5D9, 0xA558, 0x94D5, 0x6B90, 0x2147, 0x2968, 0x2989, 0x31AA, 0x31CA, 0x31CB,
    0x31CB, 0x39EB, 0x31EB, 0x31EB, 0x31CA, 0x31CA, 0x31CA, 0x31CA, 0x31CA, 0x31CA, 0x31CA, 0x31AA,
    0x31CA, 0x31CA, 0x31CA, 0x31CA, 0x31CA, 0x2989, 0x31AA, 0x31AA, 0x31AA, 0x31CA, 0x31AA, 0x29AA,
    0x29AA, 0x31AA, 0x31AA, 0x31AA, 0x31AA, 0x31AA, 0x31AA, 0x31CA, 0x31CA, 0x31CA, 0x31AA, 0x31AA,
    0x31AA, 0x31AA, 0x29A9, 0x2989, 0x2989, 0x2989, 0x2989, 0x2989, 0x2989, 0x2988, 0x2168, 0x2127,
    0x10E5, 0x1926, 0x2147, 0x31A9, 0x31C9, 0x2989, 0x2989, 0x31A9, 0x31CA, 0x424C, 0x31EB, 0x6BB1,
    0xC6DC, 0x9D97, 0x9536, 0x9515, 0x9515, 0x8D15, 0x8CF5, 0xA598, 0xBE7B, 0xBE9B, 0xBE9B, 0xBE9C,
    0xBE9C, 0xBE9C, 0xBE9C, 0xBE9C, 0xBE9C, 0xBE9C, 0xBE9C, 0xBE9C, 0xBEBC, 0xBE9C, 0xBE9C, 0xBE9C,
    0xBE9C, 0xBE9C, 0xBE7B, 0xBE7B, 0xBE7B, 0xBE9B, 0xBE7B, 0xBE9B, 0xA597, 0x6BAE, 0x6B6D, 0x634C,
    0x5B0A, 0x5AC9, 0x52C9, 0x52A9, 0x4A68, 0x4228, 0x4227, 0x4207, 0x39E7, 0x39E7, 0x31C6, 0x31C6,
    0xBE59, 0xBE59, 0xB659, 0xC69A, 0x9D75, 0x1946, 0x1905, 0x1905, 0x1905, 0x1905, 0x1905, 0x1905,
    0x1905, 0x18E5, 0x18E5, 0x18E5, 0x1905, 0x1905, 0x1906, 0x1926, 0x2127, 0x2147, 0x2167, 0x2168,
    0x1906, 0x1906, 0x1926, 0x1926, 0x1927, 0x2127, 0x1927, 0x2147, 0x2147, 0x2147, 0x2147, 0x2167,
    0x2147, 0x2147, 0x2147, 0x2147, 0x2147, 0x2147, 0x2147, 0x2147, 0x2147, 0x2127, 0x2127, 0x2127,
    0x2127, 0x2147, 0x2147, 0x2147, 0x2167, 0x2167, 0x2167, 0x2168, 0x2168, 0x2168, 0x2167, 0x2167,
    0x2147, 0x2147, 0x2127, 0x10E5, 0x08A3, 0x2126, 0x2168, 0x2168, 0x2988, 0x2988, 0x2168, 0x2168,
    0x2168, 0x2168, 0x2167, 0x2147, 0x2147, 0x2147, 0x2147, 0x2127, 0x2127, 0x2127, 0x2127, 0x2126,
    0x1926, 0x1926, 0x2127, 0x2147, 0x2147, 0x2988, 0x29A9, 0x31A9, 0x9CF6, 0xB5D9, 0xAD98, 0x9D16,
    0x8453, 0x2988, 0x2147, 0x2147, 0x2147, 0x2168, 0x2968, 0x2988, 0x29A9, 0x29A9, 0x29AA, 0x29CA,
    0x31EA, 0x31EB, 0x31EB, 0x31EB, 0x31EB, 0x320B, 0x31CA, 0x8C94, 0xBE1A, 0xB5D9, 0xB5FA, 0xBDFA,
    0xB5FA, 0xB5FA, 0xB5D9, 0xA557, 0x94D5, 0x634F, 0x2127, 0x2988, 0x29A9, 0x31CA, 0x31CA, 0x31CB,
    0x39EB, 0x39EB, 0x39EB, 0x31EA, 0x31CA, 0x31CA, 0x31CA, 0x31CA, 0x31CA, 0x31CA, 0x31CA, 0x31CA,
    0x31AA, 0x31AA, 0x31CA, 0x31CA, 0x29A9, 0x2989, 0x31CA, 0x31CA, 0x31AA, 0x31AA, 0x31AA, 0x31AA,
    0x31AA, 0x29AA, 0x31CA, 0x31AA, 0x31AA, 0x31AA, 0x31CA, 0x31CA, 0x31CA, 0x31CA, 0x31CA, 0x31AA,
    0x31AA, 0x31AA, 0x29A9, 0x2989, 0x2989, 0x29A9, 0x29A9, 0x2989, 0x2988, 0x2988, 0x2168, 0x1926,
    0x18E5, 0x1926, 0x2126, 0x2147, 0x31A9, 0x31CA, 0x29A9, 0x31A9, 0x31CA, 0x3A0B, 0x3A0B, 0x73F2,
    0xC6DC, 0x9D98, 0x9536, 0x9536, 0x9515, 0x9515, 0x9515, 0x9D97, 0xBE7B, 0xBE9C, 0xBE9C, 0xBE9C,
    0xBE9C, 0xBE9C, 0xBE9C, 0xBE7C, 0xBE7B, 0xBE7B, 0xBE7B, 0xBE7B, 0xBE7C, 0xBE7B, 0xBE9C, 0xBE9C,
    0xBE9C, 0xBE9C, 0xBE9C, 0xBE9C, 0xBE9C, 0xBE9C, 0xBE9B, 0xC69C, 0xA597, 0x6BCF, 0x6B8D, 0x6B6C,
    0x632B, 0x632A, 0x632B, 0x632B, 0x5AEA, 0x5AEA, 0x5AEA, 0x5AEA, 0x5AEA, 0x5AC9, 0x52C9, 0x5ACA,
    0xBE59, 0xBE79, 0xBE79, 0xCEFB, 0x6BCF, 0x10C4, 0x1905, 0x1905, 0x1905, 0x1925, 0x1926, 0x1926,
    0x1905, 0x1905, 0x18E5, 0x18E5, 0x1905, 0x1905, 0x1905, 0x1926, 0x1926, 0x2126, 0x2147, 0x2168,
    0x2127, 0x18E5, 0x1906, 0x1926, 0x1927, 0x2127, 0x2127, 0x2147, 0x2147, 0x2147, 0x2147, 0x2147,
    0x2167, 0x2147, 0x2147, 0x2147, 0x2147, 0x2147, 0x2147, 0x2147, 0x2147, 0x2147, 0x2147, 0x2147,
    0x2127, 0x2147, 0x2147, 0x2147, 0x2147, 0x2167, 0x2167, 0x2168, 0x2168, 0x2168, 0x2168, 0x2168,
    0x2167, 0x2147, 0x2147, 0x2126, 0x10C4, 0x10C4, 0x2167, 0x2168, 0x2968, 0x2988, 0x2168, 0x2168,
    0x2168, 0x2168, 0x2168, 0x2168, 0x2147, 0x2147, 0x2147, 0x2127, 0x2127, 0x2127, 0x2126, 0x1926,
    0x2126, 0x1926, 0x2127, 0x2147, 0x2147, 0x2968, 0x29A9, 0x2968, 0x73B1, 0xBDFA, 0xAD78, 0x9D16,
    0x7C32, 0x2167, 0x2968, 0x2167, 0x2168, 0x2168, 0x2968, 0x2989, 0x29A9, 0x29A9, 0x29A9, 0x29CA,
    0x31CA, 0x31EB, 0x31EB, 0x31EB, 0x31EB, 0x320B, 0x29CA, 0x6370, 0xB5FA, 0xADB9, 0xB5DA, 0xBDFA,
    0xB5FA, 0xB5DA, 0xB5B9, 0xA557, 0x94D5, 0x5AEE, 0x1926, 0x2988, 0x31A9, 0x31CA, 0x31EA, 0x31EB,
    0x39EB, 0x39EB, 0x31CB, 0x31CA, 0x31CA, 0x31CA, 0x31CA, 0x31CA, 0x31CA, 0x31CA, 0x31CA, 0x31AA,
    0x31AA, 0x31CA, 0x31AA, 0x31CA, 0x2989, 0x2989, 0x31AA, 0x31AA, 0x31AA, 0x31AA, 0x31AA, 0x31AA,
    0x31AA, 0x29AA, 0x31AA, 0x31AA, 0x31AA, 0x31CA, 0x31AA, 0x31AA, 0x31CA, 0x31CA, 0x31CA, 0x31CA,
    0x31AA, 0x31AA, 0x29AA, 0x29A9, 0x2989, 0x2989, 0x29A9, 0x2989, 0x2988, 0x2968, 0x2167, 0x1906,
    0x18E5, 0x1926, 0x1926, 0x2127, 0x2147, 0x2988, 0x29A9, 0x2989, 0x31CA, 0x3A0B, 0x3A2B, 0x7C74,
    0xC6DC, 0x9DB8, 0x9536, 0x9536, 0x9515, 0x9515, 0x9515, 0x9D77, 0xBE7B, 0xBE9C, 0xBE9C, 0xBE9C,
    0xBE9C, 0xBE9C, 0xBE9C, 0xBE9C, 0xBE9C, 0xBE9C, 0xBE9C, 0xBE9C, 0xBE7B, 0xBE7B, 0xBE7B, 0xBE9B,
    0xBE9B, 0xBE9B, 0xBE9C, 0xBE9C, 0xBE9C, 0xBE9B, 0xBE9B, 0xC6BC, 0xA597, 0x6BCF, 0x738D, 0x6B6C,
    0x634B, 0x634B, 0x6B6B, 0x6B4B, 0x632B, 0x5B0A, 0x5B0A, 0x630A, 0x5B0A, 0x5AEA, 0x5AEA, 0x5B0A,
    0xC6BA, 0xC69A, 0xC69A, 0xC6BA, 0x424A, 0x18E5, 0x1905, 0x1905, 0x1905, 0x1925, 0x1926, 0x1925,
    0x1905, 0x18E5, 0x1905, 0x1905, 0x1905, 0x1905, 0x1905, 0x1925, 0x1905, 0x1905, 0x1926, 0x2168,
    0x2147, 0x10E5, 0x1905, 0x1906, 0x2126, 0x1927, 0x2147, 0x2147, 0x2147, 0x2147, 0x2147, 0x2147,
    0x2147, 0x2147, 0x2147, 0x2147, 0x2147, 0x2147, 0x2147, 0x2147, 0x2147, 0x2147, 0x2127, 0x2127,
    0x2127, 0x2147, 0x2147, 0x2147, 0x2147, 0x2147, 0x2147, 0x2168, 0x2168, 0x2168, 0x2168, 0x2168,
    0x2168, 0x2167, 0x2147, 0x2147, 0x1906, 0x0883, 0x18E5, 0x2147, 0x2968, 0x2988, 0x2988, 0x2168,
    0x2968, 0x2168, 0x2147, 0x2167, 0x2167, 0x2147, 0x2147, 0x2127, 0x2127, 0x2127, 0x1926, 0x2127,
    0x1926, 0x2127, 0x2127, 0x2127, 0x2147, 0x2147, 0x2988, 0x2988, 0x424C, 0xAD98, 0xAD78, 0x9D16,
    0x7BF2, 0x2147, 0x2988, 0x2168, 0x2168, 0x2968, 0x2968, 0x2989, 0x29A9, 0x29A9, 0x29A9, 0x29CA,
    0x31CA, 0x31EB, 0x31EB, 0x31EB, 0x31EB, 0x31EB, 0x31EB, 0x426C, 0xAD98, 0xADB8, 0xB5D9, 0xB5FA,
    0xB5FA, 0xB5DA, 0xB5B9, 0xA557, 0x94D5, 0x4AAC, 0x2127, 0x2988, 0x29A9, 0x31CA, 0x31CA, 0x31EB,
    0x31EB, 0x39EB, 0x31CB, 0x31CA, 0x31CA, 0x31CA, 0x31CA, 0x39EA, 0x31CA, 0x31AA, 0x31CA, 0x31CA,
    0x31AA, 0x31CA, 0x31CA, 0x31CA, 0x2989, 0x31A9, 0x31AA, 0x31AA, 0x31AA, 0x31AA, 0x31AA, 0x31AA,
    0x31AA, 0x31AA, 0x31AA, 0x31AA, 0x31AA, 0x31AA, 0x31AA, 0x31AA, 0x31CA, 0x31CA, 0x31AA, 0x31AA,
    0x31CA, 0x31AA, 0x31AA, 0x29A9, 0x2989, 0x2989, 0x2989, 0x2989, 0x2988, 0x2968, 0x2167, 0x1905,
    0x18E5, 0x2126, 0x2147, 0x2147, 0x2147, 0x2968, 0x2988, 0x2988, 0x31A9, 0x3A0B, 0x3A2B, 0x9516,
    0xC6DD, 0xA5B8, 0x9536, 0x9536, 0x9515, 0x8D15, 0x8D15, 0x9D77, 0xBE7B, 0xBE9C, 0xBE9C, 0xBEBC,
    0xBE9C, 0xBE9C, 0xBE9C, 0xBE9C, 0xBE9C, 0xBE9C, 0xBE9C, 0xBE9C, 0xBE9C, 0xBE9C, 0xBE9C, 0xBE7C,
    0xBE7B, 0xB67B, 0xB65B, 0xB65B, 0xB65B, 0xB65B, 0xBE7B, 0xB65A, 0x8CF4, 0x6B8E, 0x6B6D, 0x6B6C,
    0x634C, 0x634B, 0x6B4C, 0x6B4C, 0x6B4B, 0x632B, 0x630B, 0x630B, 0x630B, 0x630B, 0x630B, 0x632B,
    0xB659, 0xB659, 0xBE99, 0xA5B6, 0x2166, 0x1925, 0x1905, 0x1905, 0x1926, 0x1926, 0x1926, 0x1926,
    0x1905, 0x1905, 0x1905, 0x1905, 0x1905, 0x1905, 0x1925, 0x1926, 0x1926, 0x1906, 0x1906, 0x1927,
    0x2147, 0x18E5, 0x18E5, 0x1906, 0x1926, 0x1926, 0x2127, 0x2147, 0x2147, 0x2147, 0x2147, 0x2147,
    0x2147, 0x2147, 0x2147, 0x2147, 0x2147, 0x2147, 0x2147, 0x2147, 0x2147, 0x2127, 0x2147, 0x2127,
    0x2147, 0x2147, 0x2147, 0x2147, 0x2147, 0x2147, 0x2167, 0x2168, 0x2168, 0x2168, 0x2968, 0x2168,
    0x2168, 0x2168, 0x2168, 0x2168, 0x2127, 0x10E5, 0x0883, 0x1926, 0x2168, 0x2968, 0x2988, 0x2968,
    0x2968, 0x2968, 0x2167, 0x2167, 0x2147, 0x2147, 0x2147, 0x2147, 0x2147, 0x2127, 0x2127, 0x1926,
    0x2127, 0x2127, 0x1926, 0x2126, 0x2147, 0x2147, 0x2968, 0x31A9, 0x2989, 0x8C94, 0xADB9, 0x9D16,
    0x73D1, 0x2147, 0x2988, 0x2968, 0x2968, 0x2968, 0x2988, 0x2989, 0x29A9, 0x29A9, 0x29C9, 0x31CA,
    0x31CA, 0x31EB, 0x31EB, 0x31EB, 0x31EB, 0x31EB, 0x320B, 0x31EA, 0x94D5, 0xADB9, 0xADB8, 0xB5DA,
    0xB5FA, 0xB5DA, 0xB5B9, 0xA537, 0x94B5, 0x424B, 0x2127, 0x29A9, 0x31A9, 0x31CA, 0x31EB, 0x39EB,
    0x39EB, 0x39EB, 0x31CB, 0x31CB, 0x31CA, 0x31CA, 0x31CA, 0x31CA, 0x31CA, 0x31CA, 0x31AA, 0x31AA,
    0x31AA, 0x31AA, 0x31CA, 0x29A9, 0x2989, 0x31CA, 0x31AA, 0x31CA, 0x31CA, 0x31AA, 0x31AA, 0x31AA,
    0x29AA, 0x31AA, 0x31AA, 0x31AA, 0x31AA, 0x31AA, 0x31AA, 0x31AA, 0x31CA, 0x31AA, 0x31CA, 0x31CA,
    0x31CA, 0x31AA, 0x31AA, 0x31A9, 0x2989, 0x2989, 0x2989, 0x2988, 0x2988, 0x2968, 0x2147, 0x1905,
    0x1905, 0x2126, 0x2167, 0x2968, 0x2167, 0x2147, 0x2968, 0x2988, 0x29A9, 0x31EA, 0x39EB, 0xA598,
    0xC6DD, 0xA5D8, 0x9536, 0x9536, 0x9516, 0x8D15, 0x8D15, 0x9D97, 0xBE9B, 0xBE9C, 0xBE9C, 0xBE9C,
    0xBE9C, 0xBE9C, 0xBE9C, 0xBE9C, 0xBE9C, 0xBE9C, 0xBE9C, 0xBE9C, 0xBE7C, 0xBE9C, 0xBE7B, 0xBE7C,
    0xBE7C, 0xBE7B, 0xB67B, 0xB65B, 0xB65B, 0xB67B, 0xBE7B, 0xADF9, 0x7C72, 0x6B8E, 0x6B6D, 0x6B4C,
    0x632B, 0x634B, 0x634C, 0x632B, 0x632B, 0x632C, 0x632B, 0x634C, 0x6B4C, 0x6B4C, 0x632B, 0x632B,
    0xB638, 0xB638, 0xC6DA, 0x8CB3, 0x1905, 0x1926, 0x1905, 0x1925, 0x2126, 0x1926, 0x1926, 0x1926,
    0x1905, 0x1905, 0x1905, 0x1905, 0x1905, 0x1905, 0x1925, 0x1926, 0x2147, 0x2147, 0x2147, 0x2127,
    0x2147, 0x1906, 0x10C4, 0x18E5, 0x1905, 0x1906, 0x1927, 0x2127, 0x2147, 0x2147, 0x2147, 0x2167,
    0x2147, 0x2147, 0x2147, 0x2147, 0x2167, 0x2147, 0x2147, 0x2147, 0x2147, 0x2127, 0x2147, 0x2127,
    0x2127, 0x2147, 0x2147, 0x2147, 0x2147, 0x2147, 0x2147, 0x2167, 0x2168, 0x2168, 0x2168, 0x2168,
    0x2168, 0x2168, 0x2168, 0x2147, 0x2147, 0x2126, 0x10C4, 0x08A3, 0x2147, 0x2968, 0x2988, 0x2988,
    0x2968, 0x2968, 0x2168, 0x2167, 0x2168, 0x2167, 0x2147, 0x2147, 0x2147, 0x2147, 0x2127, 0x2127,
    0x2127, 0x1926, 0x2126, 0x2126, 0x2126, 0x2127, 0x2968, 0x29A9, 0x2968, 0x5B0E, 0xB5B9, 0x9CF6,
    0x6BB1, 0x2147, 0x2988, 0x2988, 0x2988, 0x2968, 0x2988, 0x2988, 0x29A9, 0x29A9, 0x29C9, 0x29CA,
    0x29CA, 0x31EA, 0x31EA, 0x31EB, 0x31EB, 0x31EB, 0x320B, 0x29AA, 0x73D2, 0xADB9, 0xAD98, 0xB5D9,
    0xB5DA, 0xB5DA, 0xADB9, 0xA537, 0x8CB4, 0x3A0A, 0x2147, 0x29A9, 0x31A9, 0x31CA, 0x31CA, 0x39EB,
    0x39EB, 0x31EB, 0x31CA, 0x31CA, 0x31CA, 0x31CA, 0x31CA, 0x31CA, 0x31CA, 0x31CA, 0x31AA, 0x29A9,
    0x31CA, 0x31CA, 0x31CA, 0x2989, 0x31A9, 0x31CA, 0x31CA, 0x31AA, 0x31AA, 0x31AA, 0x31AA, 0x31AA,
    0x31AA, 0x31AA, 0x31AA, 0x31AA, 0x31AA, 0x31AA, 0x31AA, 0x31AA, 0x31AA, 0x31AA, 0x31AA, 0x31CA,
    0x31AA, 0x31AA, 0x31CA, 0x29A9, 0x29A9, 0x2989, 0x2988, 0x2988, 0x2968, 0x2968, 0x2146, 0x10E5,
    0x1905, 0x2126, 0x2126, 0x2147, 0x2147, 0x2147, 0x2167, 0x2968, 0x2988, 0x31CA, 0x31CA, 0x94F6,
    0xCEFD, 0xA5F9, 0x9556, 0x9536, 0x9516, 0x9516, 0x9516, 0x9D97, 0xBE7B, 0xBE9B, 0xBE9C, 0xBE9C,
    0xBE9C, 0xBE9C, 0xBE9C, 0xBE9C, 0xBE9C, 0xBE9C, 0xBE9C, 0xBE9C, 0xBE9C, 0xBE9C, 0xBE9C, 0xBE9C,
    0xBE9C, 0xBE7C, 0xBE7C, 0xBE7C, 0xBE7C, 0xBE9B, 0xBE9B, 0xADF9, 0x7C72, 0x73CF, 0x73AE, 0x6B6D,
    0x6B6C, 0x6B4C, 0x634C, 0x632B, 0x632B, 0x632B, 0x630B, 0x630B, 0x632B, 0x632B, 0x632B, 0x6B4C,
    0xBE99, 0xBE79, 0xCF1B, 0x6BAF, 0x18E5, 0x1925, 0x1905, 0x2126, 0x2126, 0x1926, 0x1926, 0x1925,
    0x1926, 0x1905, 0x1905, 0x1905, 0x1905, 0x18E5, 0x1905, 0x1926, 0x2127, 0x2147, 0x2147, 0x2167,
    0x2168, 0x1906, 0x10C4, 0x1905, 0x1905, 0x1926, 0x1927, 0x2127, 0x2147, 0x2147, 0x2147, 0x2147,
    0x2147, 0x2167, 0x2147, 0x2167, 0x2167, 0x2147, 0x2147, 0x2147, 0x2147, 0x2147, 0x2147, 0x2147,
    0x2147, 0x2147, 0x2147, 0x2147, 0x2147, 0x2147, 0x2147, 0x2167, 0x2168, 0x2168, 0x2968, 0x2968,
    0x2168, 0x2968, 0x2968, 0x2168, 0x2167, 0x2147, 0x1906, 0x0883, 0x10C4, 0x2147, 0x2968, 0x2968,
    0x2988, 0x2988, 0x2968, 0x2168, 0x2147, 0x2147, 0x2167, 0x2147, 0x2167, 0x2147, 0x2127, 0x2127,
    0x2127, 0x2127, 0x2126, 0x2126, 0x2127, 0x2127, 0x2167, 0x2988, 0x2989, 0x39EA, 0x9D37, 0x9D36,
    0x6B90, 0x2147, 0x29A8, 0x2988, 0x2988, 0x2988, 0x2988, 0x29A9, 0x29A9, 0x29A9, 0x29C9, 0x29CA,
    0x29CA, 0x31EA, 0x31EA, 0x31EB, 0x31EB, 0x31EB, 0x31EB, 0x29AA, 0x52EE, 0xAD98, 0xA577, 0xB5B9,
    0xB5DA, 0xB5DA, 0xADB9, 0x9D37, 0x8C94, 0x31C9, 0x2147, 0x29A9, 0x31A9, 0x31CA, 0x39EB, 0x39EB,
    0x39EB, 0x31CA, 0x31CA, 0x31EA, 0x31CA, 0x31CA, 0x31CA, 0x31CA, 0x31CA, 0x31AA, 0x31AA, 0x29A9,
    0x31AA, 0x31CA, 0x31A9, 0x2968, 0x31AA, 0x31AA, 0x31CA, 0x31CA, 0x31AA, 0x31AA, 0x31AA, 0x31AA,
    0x31AA, 0x31AA, 0x31AA, 0x31AA, 0x31AA, 0x29AA, 0x31AA, 0x31AA, 0x31AA, 0x31CA, 0x31CA, 0x31AA,
    0x31CA, 0x31CA, 0x31AA, 0x29A9, 0x31A9, 0x2989, 0x2988, 0x2988, 0x2988, 0x2968, 0x2146, 0x10E4,
    0x1906, 0x2147, 0x2167, 0x2147, 0x2147, 0x2147, 0x2968, 0x2988, 0x29A9, 0x31CA, 0x31CA, 0x6BB1,
    0xCEFD, 0xADF9, 0x9557, 0x9556, 0x9536, 0x9536, 0x9536, 0x9D97, 0xBE7B, 0xBE9B, 0xBE9C, 0xBE9C,
    0xBE9C, 0xBE9C, 0xBE7C, 0xBE9C, 0xBE9C, 0xBE9C, 0xBE9C, 0xBE9C, 0xBE9C, 0xBE9C, 0xBE9C, 0xBE9C,
    0xBE9C, 0xBE9C, 0xBE9C, 0xBE9C, 0xBE9C, 0xBE9C, 0xBE9B, 0xADF9, 0x8492, 0x73EF, 0x73AE, 0x738E,
    0x6B8D, 0x6B8D, 0x738D, 0x6B8D, 0x6B6C, 0x6B4C, 0x6B4C, 0x634C, 0x632C, 0x632B, 0x632B, 0x6B4C,
    0xBE99, 0xC699, 0xCEFB, 0x4ACB, 0x18E5, 0x2125, 0x1925, 0x2146, 0x2146, 0x1925, 0x1926, 0x1925,
    0x1926, 0x1905, 0x1905, 0x1905, 0x1905, 0x1905, 0x1905, 0x1905, 0x1926, 0x1926, 0x1927, 0x2147,
    0x2147, 0x1926, 0x10C4, 0x18E5, 0x1905, 0x1926, 0x1927, 0x1927, 0x2147, 0x2147, 0x2147, 0x2147,
    0x2147, 0x2147, 0x2147, 0x2147, 0x2147, 0x2167, 0x2147, 0x2147, 0x2147, 0x2147, 0x2147, 0x2147,
    0x2147, 0x2127, 0x2147, 0x2147, 0x2147, 0x2147, 0x2147, 0x2147, 0x2168, 0x2168, 0x2168, 0x2168,
    0x2968, 0x2968, 0x2168, 0x2168, 0x2167, 0x2147, 0x2147, 0x18E5, 0x0883, 0x1906, 0x2168, 0x2968,
    0x2988, 0x2988, 0x2968, 0x2168, 0x2167, 0x2167, 0x2167, 0x2167, 0x2147, 0x2147, 0x2147, 0x2127,
    0x2127, 0x2127, 0x2127, 0x2126, 0x2126, 0x2147, 0x2147, 0x2968, 0x31A9, 0x2968, 0x73F2, 0xA578,
    0x6370, 0x2147, 0x2989, 0x2988, 0x2988, 0x2988, 0x2988, 0x2989, 0x29A9, 0x29A9, 0x29C9, 0x29CA,
    0x29CA, 0x31EA, 0x31EA, 0x31EB, 0x31CB, 0x31CB, 0x31EB, 0x29CA, 0x424C, 0xA557, 0xA557, 0xAD98,
    0xB5D9, 0xB5D9, 0xADB9, 0x9D37, 0x8473, 0x2988, 0x2168, 0x29A9, 0x31AA, 0x31CA, 0x31CB, 0x31EB,
    0x31EB, 0x31CB, 0x31CB, 0x31CA, 0x31CA, 0x31CA, 0x31CA, 0x31CA, 0x31CA, 0x31AA, 0x31A9, 0x31AA,
    0x31CA, 0x31CA, 0x2988, 0x2968, 0x31CA, 0x31AA, 0x31AA, 0x31CA, 0x31CA, 0x31AA, 0x31AA, 0x31AA,
    0x29AA, 0x29AA, 0x31AA, 0x298A, 0x31AA, 0x31AA, 0x29AA, 0x31AA, 0x31AA, 0x31AA, 0x31CA, 0x31AA,
    0x31CA, 0x31AA, 0x31AA, 0x29AA, 0x29A9, 0x2989, 0x2989, 0x2989, 0x2968, 0x2167, 0x1926, 0x10C4,
    0x1906, 0x2126, 0x2968, 0x31A9, 0x31A9, 0x2989, 0x2988, 0x2988, 0x2988, 0x31C9, 0x31CA, 0x52CE,
    0xC69B, 0xAE19, 0x9557, 0x9536, 0x9536, 0x9536, 0x9536, 0x9D77, 0xAE3A, 0xBE7B, 0xBE7B, 0xBE9B,
    0xBE9C, 0xBE7C, 0xBE7B, 0xBE9C, 0xBE7B, 0xBE9C, 0xBE9C, 0xBE9C, 0xBE9C, 0xBE9C, 0xBE9C, 0xBE9C,
    0xBE9C, 0xBE9C, 0xBE7B, 0xBE7C, 0xBE7B, 0xBE7B, 0xBE7B, 0xADF9, 0x8493, 0x73F0, 0x73CF, 0x73AE,
    0x738D, 0x6B8D, 0x738D, 0x6B8D, 0x6B8D, 0x738D, 0x6B8D, 0x6B8D, 0x6B8D, 0x6B8D, 0x6B6C, 0x6B6C,
    0xB617, 0xB638, 0xBE59, 0x3208, 0x1905, 0x2125, 0x2126, 0x2167, 0x2146, 0x1925, 0x1925, 0x1925,
    0x1925, 0x1925, 0x1905, 0x1905, 0x1905, 0x1905, 0x1905, 0x18E5, 0x1905, 0x1906, 0x1926, 0x2147,
    0x2127, 0x2126, 0x10E5, 0x18E5, 0x1905, 0x1906, 0x1926, 0x1927, 0x2127, 0x2127, 0x2147, 0x2147,
    0x2147, 0x2147, 0x2147, 0x2147, 0x2147, 0x2147, 0x2147, 0x2147, 0x2147, 0x2147, 0x2147, 0x1927,
    0x2147, 0x2147, 0x2147, 0x2127, 0x1927, 0x2147, 0x2147, 0x2147, 0x2168, 0x2168, 0x2968, 0x2168,
    0x2968, 0x2968, 0x2968, 0x2168, 0x2168, 0x2147, 0x2147, 0x1926, 0x10C4, 0x0883, 0x2126, 0x2167,
    0x2968, 0x2988, 0x2968, 0x2168, 0x2168, 0x2168, 0x2167, 0x2167, 0x2167, 0x2167, 0x2147, 0x2147,
    0x2127, 0x2127, 0x2127, 0x2126, 0x2126, 0x2127, 0x2147, 0x2968, 0x29A9, 0x2988, 0x4A8C, 0xA557,
    0x634F, 0x2127, 0x29A9, 0x29A9, 0x2988, 0x2988, 0x2988, 0x2989, 0x29A9, 0x29A9, 0x29C9, 0x29CA,
    0x31CA, 0x29CA, 0x31EA, 0x31CA, 0x31EA, 0x31EB, 0x31EA, 0x31CA, 0x31EA, 0x94F6, 0xA557, 0xA577,
    0xADB9, 0xB5B9, 0xAD99, 0x9D37, 0x7C33, 0x2968, 0x2968, 0x29A9, 0x31AA, 0x31CA, 0x31CA, 0x31EB,
    0x39EB, 0x31CB, 0x31CA, 0x31CA, 0x31CA, 0x31CA, 0x31CA, 0x31CA, 0x31CA, 0x31AA, 0x31AA, 0x31AA,
    0x31CA, 0x31AA, 0x2168, 0x2989, 0x31A9, 0x31AA, 0x31AA, 0x31AA, 0x31CA, 0x31AA, 0x31AA, 0x31AA,
    0x31AA, 0x298A, 0x29AA, 0x29AA, 0x31AA, 0x31AA, 0x31AA, 0x31AA, 0x31AA, 0x31AA, 0x31AA, 0x31AA,
    0x31AA, 0x31AA, 0x31AA, 0x31AA, 0x29A9, 0x29A9, 0x2989, 0x2989, 0x2988, 0x2167, 0x1926, 0x10E4,
    0x1926, 0x1926, 0x2147, 0x31C9, 0x3A0B, 0x3A0B, 0x31A9, 0x29A9, 0x31A9, 0x31CA, 0x39EB, 0x424C,
    0xADF9, 0xB65A, 0x9577, 0x9556, 0x9536, 0x9536, 0x9536, 0x9556, 0xADF9, 0xB67B, 0xB65B, 0xBE5B,
    0xBE7B, 0xBE7B, 0xBE7B, 0xBE7B, 0xBE7B, 0xBE7B, 0xBE9C, 0xBE7C, 0xBE7C, 0xBE7C, 0xB67B, 0xB65B,
    0xB65B, 0xB67B, 0xB67B, 0xB67B, 0xBE7B, 0xBE7B, 0xBE7B, 0xADF9, 0x8493, 0x73F0, 0x73CF, 0x73AE,
    0x738D, 0x6B8D, 0x6B8D, 0x6B8D, 0x738D, 0x73AD, 0x6B8D, 0x6B8D, 0x738D, 0x6B8D, 0x738D, 0x73AD,
    0xB638, 0xBE79, 0xA5B6, 0x2166, 0x1905, 0x2125, 0x2146, 0x2146, 0x1926, 0x1925, 0x1925, 0x1925,
    0x1905, 0x1925, 0x1925, 0x1905, 0x1905, 0x1905, 0x1905, 0x18E5, 0x18E5, 0x1905, 0x1906, 0x1926,
    0x2147, 0x2147, 0x18E5, 0x10C4, 0x18E5, 0x1905, 0x1906, 0x1926, 0x2127, 0x2147, 0x2147, 0x2147,
    0x2147, 0x2147, 0x2147, 0x2147, 0x2147, 0x2147, 0x2147, 0x2147, 0x2147, 0x2147, 0x2147, 0x2147,
    0x2127, 0x2147, 0x2127, 0x2147, 0x2147, 0x2147, 0x2147, 0x2147, 0x2167, 0x2168, 0x2168, 0x2168,
    0x2168, 0x2168, 0x2168, 0x2168, 0x2168, 0x2168, 0x2147, 0x2147, 0x1906, 0x0883, 0x10A4, 0x2147,
    0x2168, 0x2968, 0x2988, 0x2988, 0x2168, 0x2168, 0x2168, 0x2147, 0x2167, 0x2167, 0x2147, 0x2127,
    0x2127, 0x2127, 0x2127, 0x2127, 0x2127, 0x2127, 0x2147, 0x2168, 0x2988, 0x31A9, 0x31A9, 0x8474,
    0x634F, 0x2127, 0x31C9, 0x29A9, 0x29A9, 0x29A9, 0x29A9, 0x29A9, 0x29A9, 0x29A9, 0x29A9, 0x29CA,
    0x29CA, 0x29CA, 0x31EA, 0x31CA, 0x31CA, 0x31EB, 0x31EA, 0x31EB, 0x29A9, 0x8453, 0xA577, 0xA537,
    0xAD98, 0xADB9, 0xAD98, 0xA557, 0x73D1, 0x2147, 0x2988, 0x2989, 0x31AA, 0x31CA, 0x31CA, 0x31CB,
    0x39EB, 0x39EB, 0x31CA, 0x31CA, 0x31CA, 0x31CA, 0x31CA, 0x31CA, 0x31CA, 0x31AA, 0x31AA, 0x31CA,
    0x31CA, 0x2989, 0x2168, 0x31A9, 0x31A9, 0x31AA, 0x31CA, 0x31AA, 0x31AA, 0x31AA, 0x31AA, 0x31AA,
    0x31AA, 0x31AA, 0x29AA, 0x29AA, 0x31AA, 0x31AA, 0x31AA, 0x31AA, 0x31CA, 0x31AA, 0x31AA, 0x31AA,
    0x31AA, 0x31CA, 0x31CA, 0x31AA, 0x29A9, 0x29A9, 0x2989, 0x2989, 0x2968, 0x2167, 0x1905, 0x10E4,
    0x1906, 0x1926, 0x2127, 0x2168, 0x31CA, 0x39EB, 0x31EA, 0x31CA, 0x31A9, 0x31A9, 0x31EA, 0x31EB,
    0x94F6, 0xBE7B, 0x9D77, 0x9556, 0x9556, 0x9536, 0x9536, 0x9556, 0xAE19, 0xBE7B, 0xBE7B, 0xBE7B,
    0xBE7B, 0xBE7B, 0xBE5B, 0xB65B, 0xB65B, 0xB63A, 0xB65B, 0xB65B, 0xB65B, 0xB65B, 0xB65B, 0xB67B,
    0xBE7C, 0xBE7C, 0xBE7B, 0xBE7B, 0xBE7B, 0xBE7B, 0xBE7B, 0xADF9, 0x84B3, 0x73F0, 0x73CF, 0x73AE,
    0x73AE, 0x73AE, 0x73AE, 0x73AE, 0x738D, 0x738D, 0x6B8D, 0x738D, 0x73AD, 0x738D, 0x738D, 0x738D,
    0xBE58, 0xC6DA, 0x9514, 0x1905, 0x2105, 0x2126, 0x2967, 0x2146, 0x2126, 0x1925, 0x1925, 0x1905,
    0x1926, 0x1926, 0x1926, 0x1925, 0x1905, 0x1905, 0x18E5, 0x18E5, 0x18E5, 0x1905, 0x1906, 0x1926,
    0x2147, 0x2147, 0x1906, 0x10C4, 0x18E5, 0x18E5, 0x1926, 0x1926, 0x1927, 0x2127, 0x2147, 0x2147,
    0x2147, 0x2147, 0x2147, 0x2147, 0x2147, 0x2147, 0x2147, 0x2147, 0x2147, 0x2147, 0x2147, 0x2147,
    0x2127, 0x2127, 0x2147, 0x2147, 0x2127, 0x2147, 0x2147, 0x2147, 0x2147, 0x2167, 0x2167, 0x2167,
    0x2167, 0x2168, 0x2168, 0x2168, 0x2168, 0x2168, 0x2168, 0x2147, 0x2147, 0x18E5, 0x0883, 0x18E5,
    0x2147, 0x2168, 0x2988, 0x2988, 0x2988, 0x2988, 0x2168, 0x2167, 0x2167, 0x2147, 0x2147, 0x2147,
    0x2127, 0x2127, 0x2127, 0x2127, 0x1926, 0x2127, 0x2127, 0x2147, 0x2988, 0x31A9, 0x2989, 0x5B0F,
    0x634F, 0x2127, 0x31CA, 0x29A9, 0x29A9, 0x29A9, 0x29A9, 0x29A9, 0x29A9, 0x29A9, 0x29AA, 0x29CA,
    0x29CA, 0x29CA, 0x31EA, 0x31CA, 0x31CA, 0x31EA, 0x31EA, 0x31EB, 0x2189, 0x73B1, 0xAD78, 0x9D16,
    0xA577, 0xADB8, 0xAD98, 0xA557, 0x636F, 0x2127, 0x2988, 0x29A9, 0x31AA, 0x31CA, 0x31CA, 0x31CB,
    0x31CB, 0x31EB, 0x31CB, 0x31CB, 0x31CA, 0x31CA, 0x31CA, 0x31CA, 0x31AA, 0x31AA, 0x31CA, 0x31CA,
    0x31CA, 0x2168, 0x2988, 0x2989, 0x31A9, 0x31AA, 0x31AA, 0x29A9, 0x31AA, 0x31AA, 0x29A9, 0x29A9,
    0x29A9, 0x29A9, 0x29A9, 0x31AA, 0x31AA, 0x29AA, 0x31AA, 0x31AA, 0x31AA, 0x31AA, 0x31AA, 0x31AA,
    0x31AA, 0x31CA, 0x31CA, 0x31AA, 0x29A9, 0x29A9, 0x29A9, 0x2989, 0x2988, 0x2147, 0x1905, 0x10C4,
    0x1906, 0x1926, 0x1926, 0x2147, 0x2968, 0x31A9, 0x31EA, 0x31CA, 0x31A9, 0x31A9, 0x31CA, 0x31CA,
    0x73F2, 0xBE9B, 0x9D77, 0x9557, 0x9556, 0x9556, 0x9556, 0x9556, 0xAE19, 0xBE7B, 0xBE5B, 0xBE7B,
    0xBE7B, 0xBE7B, 0xB65B, 0xB65B, 0xB67B, 0xBE7B, 0xBE7B, 0xBE7B, 0xBE7B, 0xBE7C, 0xBE7C, 0xBE7C,
    0xBE7C, 0xBE7C, 0xBE7B, 0xBE7B, 0xBE7B, 0xBE7B, 0xBE7B, 0xADF9, 0x84B3, 0x7C10, 0x7BEF, 0x73CF,
    0x73AE, 0x73AE, 0x6BAE, 0x73AE, 0x73AE, 0x738E, 0x738E, 0x73AE, 0x6BAE, 0x6BAE, 0x73AE, 0x73AE,
    0xB618, 0xC69A, 0x7C30, 0x10E4, 0x2105, 0x2146, 0x2967, 0x2146, 0x2126, 0x1926, 0x1925, 0x1905,
    0x1905, 0x1926, 0x1926, 0x1926, 0x1905, 0x1905, 0x1905, 0x18E5, 0x18E5, 0x1905, 0x1926, 0x2127,
    0x2127, 0x2147, 0x1926, 0x10C4, 0x18E4, 0x18E5, 0x1905, 0x1926, 0x1926, 0x2127, 0x2147, 0x2147,
    0x2147, 0x2147, 0x2147, 0x2147, 0x2147, 0x2147, 0x2147, 0x2147, 0x2147, 0x2147, 0x2147, 0x2147,
    0x2127, 0x2127, 0x1927, 0x2147, 0x2127, 0x2147, 0x2147, 0x2147, 0x2147, 0x2147, 0x2167, 0x2147,
    0x2167, 0x2167, 0x2167, 0x2167, 0x2168, 0x2168, 0x2168, 0x2167, 0x2147, 0x2127, 0x10C5, 0x0883,
    0x1926, 0x2168, 0x2968, 0x2968, 0x2988, 0x2968, 0x2168, 0x2167, 0x2167, 0x2147, 0x2147, 0x2147,
    0x2127, 0x2127, 0x2127, 0x2127, 0x2127, 0x2127, 0x2127, 0x2147, 0x2168, 0x2988, 0x29A9, 0x3A0B,
    0x52CD, 0x2147, 0x31CA, 0x31CA, 0x29A9, 0x29C9, 0x29A9, 0x2989, 0x29A9, 0x29A9, 0x29A9, 0x29A9,
    0x29AA, 0x31CA, 0x29CA, 0x29CA, 0x31CA, 0x31CA, 0x31CA, 0x31EA, 0x2169, 0x5B0E, 0xAD98, 0x9D16,
    0xA557, 0xAD98, 0xAD78, 0xA537, 0x52CD, 0x1927, 0x2989, 0x31A9, 0x31AA, 0x31CA, 0x31CA, 0x39EB,
    0x39EB, 0x31CB, 0x31CA, 0x31CA, 0x31CA, 0x31CA, 0x31CA, 0x31CA, 0x31AA, 0x31AA, 0x31CA, 0x31EA,
    0x29A9, 0x2168, 0x29A9, 0x31A9, 0x29A9, 0x31A9, 0x29A9, 0x29A9, 0x31A9, 0x31A9, 0x29A9, 0x29A9,
    0x29A9, 0x29A9, 0x29A9, 0x31AA, 0x29A9, 0x31AA, 0x29A9, 0x29A9, 0x31AA, 0x31AA, 0x31AA, 0x31AA,
    0x31AA, 0x31AA, 0x31AA, 0x31AA, 0x31AA, 0x29A9, 0x2989, 0x2989, 0x2988, 0x2147, 0x18E5, 0x10E5,
    0x1926, 0x1926, 0x2126, 0x2126, 0x2147, 0x2989, 0x31CA, 0x31CA, 0x31A9, 0x31A9, 0x31CA, 0x31CA,
    0x5B0F, 0xBE7B, 0x9D97, 0x9557, 0x9D57, 0x9D57, 0x9D57, 0x9556, 0xA5D9, 0xB65B, 0xB65B, 0xBE5B,
    0xBE5B, 0xBE7B, 0xBE7B, 0xBE7C, 0xBE7C, 0xBE7C, 0xBE7B, 0xBE7B, 0xBE7B, 0xBE7C, 0xBE7C, 0xB67B,
    0xB67B, 0xB65B, 0xB65B, 0xB65B, 0xB65B, 0xB65B, 0xBE5B, 0xA5D8, 0x8493, 0x7C31, 0x7C10, 0x7BF0,
    0x73CF, 0x73CF, 0x73CE, 0x73AE, 0x73AE, 0x73AE, 0x738E, 0x73AE, 0x6BAE, 0x73AE, 0x73AE, 0x73AE,
    0xB617, 0xC699, 0x6BAF, 0x10C4, 0x2125, 0x2147, 0x2967, 0x2126, 0x2126, 0x1926, 0x1905, 0x1905,
    0x1905, 0x1925, 0x1926, 0x1926, 0x1926, 0x1926, 0x1905, 0x1905, 0x18E5, 0x1906, 0x1906, 0x1926,
    0x2127, 0x2147, 0x2127, 0x10C4, 0x10C4, 0x18E5, 0x1905, 0x1906, 0x1926, 0x1927, 0x2147, 0x2147,
    0x2147, 0x2147, 0x2147, 0x2147, 0x2147, 0x2147, 0x2147, 0x2147, 0x2147, 0x2147, 0x2147, 0x2147,
    0x2147, 0x2147, 0x2127, 0x2127, 0x2147, 0x2147, 0x2147, 0x2147, 0x2147, 0x2147, 0x2147, 0x2147,
    0x2147, 0x2147, 0x2168, 0x2167, 0x2167, 0x2147, 0x2167, 0x2168, 0x2168, 0x2147, 0x1906, 0x08A3,
    0x10A4, 0x2147, 0x2168, 0x2968, 0x2988, 0x2968, 0x2988, 0x2168, 0x2167, 0x2147, 0x2147, 0x2147,
    0x2147, 0x2127, 0x2127, 0x2127, 0x2127, 0x1926, 0x2127, 0x2127, 0x2147, 0x2968, 0x29A9, 0x31CA,
    0x31C9, 0x2147, 0x31CA, 0x31CA, 0x31AA, 0x29A9, 0x29A9, 0x29A9, 0x29A9, 0x29A9, 0x29A9, 0x29AA,
    0x29CA, 0x29CA, 0x29CA, 0x29CA, 0x31EA, 0x31CA, 0x31CA, 0x29CA, 0x2189, 0x426C, 0xAD98, 0x9D16,
    0x9D37, 0xAD78, 0xAD78, 0x9D36, 0x424B, 0x2127, 0x2989, 0x29A9, 0x31CA, 0x31CA, 0x31CA, 0x31EB,
    0x39EB, 0x31CA, 0x31CA, 0x31CA, 0x31CA, 0x31CA, 0x31CA, 0x31AA, 0x31CA, 0x31AA, 0x31AA, 0x31CA,
    0x2988, 0x2988, 0x29A9, 0x31A9, 0x29A9, 0x29A9, 0x29A9, 0x2989, 0x29A9, 0x31A9, 0x29A9, 0x29A9,
    0x29A9, 0x29A9, 0x31AA, 0x31AA, 0x29A9, 0x29A9, 0x29A9, 0x31A9, 0x31AA, 0x29A9, 0x31AA, 0x31AA,
    0x31AA, 0x31A9, 0x31A9, 0x31AA, 0x29A9, 0x2989, 0x2989, 0x2989, 0x2968, 0x2146, 0x10E4, 0x10E5,
    0x1926, 0x1926, 0x2147, 0x2147, 0x2167, 0x2988, 0x29A9, 0x31A9, 0x31C9, 0x31A9, 0x31CA, 0x39EB,
    0x424C, 0xADD9, 0xA5D8, 0x9556, 0x9D57, 0x9D77, 0x9D77, 0x9D57, 0xADD9, 0xB65B, 0xB67B, 0xBE7B,
    0xBE7B, 0xBE7B, 0xBE7B, 0xBE7C, 0xBE7C, 0xBE7C, 0xBE7B, 0xBE7B, 0xBE7B, 0xBE7C, 0xBE7C, 0xBE7C,
    0xBE7B, 0xBE7B, 0xB67B, 0xB67B, 0xBE7B, 0xBE5B, 0xBE7B, 0xA5D8, 0x8493, 0x7C31, 0x7C10, 0x73EF,
    0x73CF, 0x73CF, 0x73CF, 0x73AE, 0x73AE, 0x73AE, 0x73AE, 0x73AE, 0x73CF, 0x73CE, 0x73AE, 0x73CE,
    0xB617, 0xBE99, 0x5B2D, 0x10C4, 0x2126, 0x2987, 0x2167, 0x2126, 0x1926, 0x1905, 0x1905, 0x1905,
    0x1905, 0x1906, 0x1906, 0x1926, 0x1926, 0x1926, 0x1925, 0x1905, 0x10E5, 0x18E5, 0x1905, 0x1906,
    0x1926, 0x2147, 0x2127, 0x10E5, 0x10A4, 0x10E5, 0x18E5, 0x1905, 0x1926, 0x1927, 0x2127, 0x2147,
    0x2147, 0x2147, 0x2147, 0x2147, 0x2147, 0x2147, 0x2147, 0x2147, 0x2147, 0x2147, 0x2147, 0x2147,
    0x2147, 0x2127, 0x2127, 0x2147, 0x2147, 0x2147, 0x2127, 0x2127, 0x2147, 0x2147, 0x2147, 0x2147,
    0x2147, 0x2147, 0x2167, 0x2167, 0x2167, 0x2168, 0x2168, 0x2167, 0x2167, 0x2147, 0x2147, 0x1906,
    0x0883, 0x10E5, 0x2148, 0x2168, 0x2968, 0x2968, 0x2968, 0x2968, 0x2147, 0x2147, 0x2147, 0x2147,
    0x2147, 0x2127, 0x2127, 0x2127, 0x2127, 0x2127, 0x1926, 0x2127, 0x2147, 0x2168, 0x2988, 0x31C9,
    0x2968, 0x2148, 0x31CA, 0x31AA, 0x29AA, 0x29A9, 0x29A9, 0x29A9, 0x29AA, 0x29A9, 0x29A9, 0x29CA,
    0x29CA, 0x29CA, 0x29CA, 0x29CA, 0x29CA, 0x31CA, 0x31CA, 0x29CA, 0x29A9, 0x31CA, 0xA557, 0xA537,
    0x9D16, 0xA577, 0xAD78, 0x9D16, 0x39EA, 0x2147, 0x29A9, 0x31A9, 0x31CA, 0x31CA, 0x31CA, 0x39EB,
    0x31CB, 0x31CA, 0x31CA, 0x31CA, 0x31CA, 0x31CA, 0x31AA, 0x31AA, 0x31AA, 0x31AA, 0x31CA, 0x31A9,
    0x2147, 0x29A9, 0x31A9, 0x31A9, 0x31A9, 0x29A9, 0x2989, 0x29A9, 0x29A9, 0x29A9, 0x29A9, 0x31A9,
    0x31A9, 0x31A9, 0x31A9, 0x31AA, 0x31A9, 0x2989, 0x29A9, 0x31A9, 0x29A9, 0x29A9, 0x31A9, 0x31A9,
    0x31A9, 0x31A9, 0x29A9, 0x29A9, 0x29A9, 0x2989, 0x2989, 0x2989, 0x2968, 0x2126, 0x10C4, 0x18E5,
    0x1926, 0x2127, 0x2147, 0x2168, 0x2968, 0x2968, 0x2988, 0x31A9, 0x31A9, 0x31C9, 0x31CA, 0x39EB,
    0x31EA, 0x8CF5, 0xADF9, 0x9556, 0x9D77, 0x9D57, 0x9556, 0x9D57, 0xADF9, 0xBE7B, 0xBE7B, 0xBE7B,
    0xBE7C, 0xBE7C, 0xBE7B, 0xBE7B, 0xBE7B, 0xBE7C, 0xBE7C, 0xBE7B, 0xBE7B, 0xBE7B, 0xBE7B, 0xBE7C,
    0xBE7B, 0xBE7B, 0xBE7B, 0xBE7B, 0xBE7B, 0xBE7B, 0xBE7B, 0xA5D9, 0x8493, 0x7C31, 0x7C30, 0x7C10,
    0x73CF, 0x73CF, 0x73CF, 0x73CF, 0x73AE, 0x73AE, 0x73AE, 0x73AE, 0x73CF, 0x73CF, 0x73CF, 0x73CF,
    0xADF7, 0xB658, 0x4ACB, 0x10C4, 0x2146, 0x2988, 0x2167, 0x2126, 0x1926, 0x1905, 0x1905, 0x1905,
    0x18E5, 0x1905, 0x1905, 0x1926, 0x1926, 0x1926, 0x1926, 0x1905, 0x1905, 0x10E5, 0x1105, 0x1905,
    0x1926, 0x2127, 0x2147, 0x1905, 0x10A4, 0x10C4, 0x18E5, 0x1905, 0x1905, 0x1926, 0x2127, 0x2147,
    0x2127, 0x2147, 0x2147, 0x2147, 0x2147, 0x2147, 0x2147, 0x2147, 0x2147, 0x2147, 0x2147, 0x2147,
    0x2147, 0x2127, 0x2147, 0x2147, 0x2147, 0x2127, 0x2127, 0x2147, 0x2147, 0x2147, 0x2147, 0x2147,
    0x2147, 0x2147, 0x2147, 0x2167, 0x2167, 0x2168, 0x2168, 0x2168, 0x2168, 0x2167, 0x2147, 0x1927,
    0x10E4, 0x0883, 0x1926, 0x2147, 0x2168, 0x2988, 0x2968, 0x2968, 0x2167, 0x2167, 0x2147, 0x2147,
    0x2147, 0x2147, 0x2127, 0x2127, 0x2127, 0x1927, 0x2127, 0x2127, 0x2127, 0x2147, 0x2988, 0x31A9,
    0x31A9, 0x2968, 0x31CA, 0x31CA, 0x31CA, 0x29C9, 0x29A9, 0x29A9, 0x29A9, 0x29A9, 0x29AA, 0x29AA,
    0x29CA, 0x29CA, 0x29CA, 0x29CA, 0x29CA, 0x29CA, 0x29CA, 0x29CA, 0x29AA, 0x2168, 0x94D5, 0xAD78,
    0x9D16, 0xA557, 0xA578, 0x94D5, 0x2988, 0x2968, 0x29A9, 0x29A9, 0x31CA, 0x31CA, 0x31CA, 0x31CB,
    0x31CB, 0x31CA, 0x31CA, 0x31CA, 0x31CA, 0x31CA, 0x31CA, 0x31AA, 0x31AA, 0x31CA, 0x31CA, 0x2988,
    0x2167, 0x31A9, 0x31A9, 0x29A9, 0x29A9, 0x2989, 0x2989, 0x2989, 0x2989, 0x3189, 0x31A9, 0x29A9,
    0x31A9, 0x31A9, 0x31A9, 0x31A9, 0x31A9, 0x29A9, 0x29A9, 0x29A9, 0x31A9, 0x2989, 0x31A9, 0x31A9,
    0x29A9, 0x31A9, 0x31A9, 0x29A9, 0x29A9, 0x29A9, 0x2988, 0x2988, 0x2968, 0x2126, 0x10C4, 0x18E5,
    0x1906, 0x1927, 0x2147, 0x2147, 0x2167, 0x2168, 0x2988, 0x2988, 0x31A9, 0x31CA, 0x31CA, 0x39EB,
    0x31CA, 0x6BF1, 0xAE19, 0x9556, 0x9D77, 0x9D57, 0x9D57, 0x9D77, 0xADF9, 0xBE7B, 0xBE7B, 0xBE7B,
    0xBE9C, 0xBE9C, 0xBE7B, 0xBE7B, 0xBE7B, 0xBE7B, 0xBE7B, 0xBE7B, 0xBE7B, 0xBE7B, 0xBE7B, 0xBE7C,
    0xBE7C, 0xBE7B, 0xBE7B, 0xBE7B, 0xB67B, 0xBE5B, 0xBE7B, 0xA5D9, 0x84B3, 0x7C51, 0x7C10, 0x7410,
    0x7BF0, 0x73EF, 0x73CF, 0x73CF, 0x73AE, 0x73AE, 0x73AF, 0x73AE, 0x73AE, 0x73CF, 0x73CF, 0x73CF,
    0xADF6, 0xB638, 0x428A, 0x10E5, 0x2167, 0x2988, 0x2146, 0x1926, 0x1905, 0x1905, 0x1905, 0x1905,
    0x18E5, 0x18E5, 0x1905, 0x1905, 0x1926, 0x1926, 0x1925, 0x1926, 0x1905, 0x1905, 0x1105, 0x1905,
    0x1906, 0x1927, 0x2127, 0x1906, 0x10A3, 0x10A4, 0x10E5, 0x1105, 0x1905, 0x1906, 0x1926, 0x2127,
    0x2127, 0x2147, 0x2147, 0x2147, 0x2147, 0x2147, 0x2147, 0x2147, 0x2147, 0x2147, 0x2147, 0x2127,
    0x2147, 0x2127, 0x2127, 0x2127, 0x2127, 0x2147, 0x2127, 0x2127, 0x2147, 0x2147, 0x2147, 0x2147,
    0x2147, 0x2147, 0x2147, 0x2167, 0x2147, 0x2168, 0x2168, 0x2168, 0x2168, 0x2168, 0x2167, 0x2147,
    0x2127, 0x10C4, 0x08A4, 0x2147, 0x2168, 0x2168, 0x2988, 0x2968, 0x2168, 0x2147, 0x2167, 0x2147,
    0x2147, 0x2147, 0x2127, 0x2127, 0x2127, 0x2127, 0x2127, 0x2127, 0x2127, 0x2147, 0x2168, 0x2989,
    0x31C9, 0x29A9, 0x31AA, 0x31CA, 0x31AA, 0x29C9, 0x29A9, 0x29A9, 0x29A9, 0x29A9, 0x29AA, 0x29AA,
    0x29CA, 0x31CA, 0x31CA, 0x29CA, 0x29CA, 0x29CA, 0x29CA, 0x29AA, 0x29CA, 0x2148, 0x8433, 0xADB8,
    0x9D16, 0x9D36, 0xA578, 0x8473, 0x2147, 0x2968, 0x2989, 0x31CA, 0x31CA, 0x31CA, 0x31CB, 0x31CA,
    0x31CB, 0x31CA, 0x31CA, 0x31CA, 0x31CA, 0x31CA, 0x31CA, 0x31AA, 0x31CA, 0x31CA, 0x31CA, 0x2168,
    0x2988, 0x29A9, 0x2989, 0x29A9, 0x2989, 0x2989, 0x2989, 0x2989, 0x2989, 0x2989, 0x31A9, 0x31A9,
    0x31A9, 0x31A9, 0x31A9, 0x31A9, 0x31A9, 0x31A9, 0x29A9, 0x2989, 0x31A9, 0x31A9, 0x3189, 0x2989,
    0x29A9, 0x31A9, 0x31A9, 0x2989, 0x2989, 0x2989, 0x2988, 0x2988, 0x2967, 0x1906, 0x10C4, 0x1905,
    0x1906, 0x1927, 0x2147, 0x2147, 0x2147, 0x2168, 0x2968, 0x2988, 0x2989, 0x31CA, 0x31CA, 0x39EA,
    0x31CA, 0x52EE, 0xADD9, 0x9577, 0x9576, 0x9D56, 0x9D56, 0x9D56, 0xADF8, 0xB65B, 0xBE7B, 0xBE7B,
    0xBE7B, 0xBE7C, 0xBE7B, 0xBE7B, 0xBE7B, 0xBE7B, 0xBE7B, 0xBE7B, 0xBE7C, 0xBE7C, 0xBE9C, 0xBE9C,
    0xBE9C, 0xBE7B, 0xBE7B, 0xBE7B, 0xBE7B, 0xBE7B, 0xBE7B, 0xA5D8, 0x84B4, 0x7C72, 0x7C31, 0x7410,
    0x73F0, 0x7BF0, 0x73CF, 0x73CF, 0x73CF, 0x73CF, 0x73CF, 0x73CF, 0x73EF, 0x73CF, 0x73CF, 0x7BEF,
    0xB617, 0xBE58, 0x4AAB, 0x10E5, 0x2967, 0x2967, 0x2146, 0x1925, 0x1905, 0x1905, 0x1905, 0x1905,
    0x18E5, 0x10E5, 0x1905, 0x1905, 0x1905, 0x1905, 0x1926, 0x1926, 0x1906, 0x1906, 0x1905, 0x1905,
    0x1906, 0x1926, 0x1927, 0x1926, 0x10A4, 0x10A4, 0x10E4, 0x10E5, 0x1905, 0x1906, 0x1906, 0x1927,
    0x2127, 0x2127, 0x2147, 0x2147, 0x2147, 0x2147, 0x2147, 0x2147, 0x2147, 0x2147, 0x2147, 0x2147,
    0x2127, 0x2147, 0x2147, 0x2127, 0x2127, 0x2127, 0x2147, 0x2147, 0x2127, 0x2147, 0x2147, 0x2147,
    0x2147, 0x2147, 0x2147, 0x2167, 0x2167, 0x2168, 0x2167, 0x2168, 0x2168, 0x2168, 0x2167, 0x2147,
    0x2147, 0x1906, 0x08A3, 0x10E5, 0x2147, 0x2168, 0x2968, 0x2968, 0x2968, 0x2168, 0x2167, 0x2167,
    0x2147, 0x2147, 0x2147, 0x2127, 0x2127, 0x2127, 0x2127, 0x2127, 0x2127, 0x2147, 0x2147, 0x2988,
    0x31A9, 0x29A9, 0x29A9, 0x29CA, 0x29A9, 0x29A9, 0x29A9, 0x29A9, 0x29AA, 0x29A9, 0x29A9, 0x29CA,
    0x29CA, 0x29CA, 0x29CA, 0x29CA, 0x29CA, 0x29CA, 0x29CA, 0x29AA, 0x29CA, 0x1927, 0x6B90, 0xB5B9,
    0x9D16, 0x9D16, 0xA578, 0x73F1, 0x1926, 0x2988, 0x29A9, 0x31A9, 0x31CA, 0x31CA, 0x31CB, 0x31CA,
    0x31CA, 0x31CA, 0x31CA, 0x31CA, 0x31CA, 0x31CA, 0x31CA, 0x31AA, 0x31CA, 0x31CA, 0x2989, 0x2147,
    0x2988, 0x2989, 0x29A9, 0x29A9, 0x2989, 0x2989, 0x2989, 0x2989, 0x2989, 0x2989, 0x29A9, 0x31A9,
    0x29A9, 0x31A9, 0x31A9, 0x31A9, 0x29A9, 0x29A9, 0x2989, 0x29A9, 0x29A9, 0x29A9, 0x29A9, 0x29A9,
    0x29A9, 0x29A9, 0x31A9, 0x31A9, 0x2989, 0x2989, 0x2988, 0x2968, 0x2147, 0x1905, 0x10C4, 0x1905,
    0x1906, 0x2127, 0x2127, 0x2147, 0x2147, 0x2148, 0x2968, 0x2988, 0x2989, 0x31A9, 0x31CA, 0x39EA,
    0x31EA, 0x3A2B, 0x9D77, 0x9D97, 0x9D77, 0x9557, 0x9556, 0x9536, 0xA598, 0xB65A, 0xBE7B, 0xBE5B,
    0xBE7B, 0xBE7B, 0xBE7B, 0xBE7B, 0xBE7B, 0xBE7B, 0xBE7B, 0xBE7B, 0xBE7C, 0xBE7C, 0xBE7C, 0xBE7C,
    0xBE7C, 0xBE7B, 0xBE7B, 0xBE7B, 0xBE7B, 0xBE7B, 0xBE7B, 0xA5D8, 0x84B4, 0x7C72, 0x7C51, 0x7C31,
    0x7C10, 0x7BF0, 0x7BF0, 0x73CF, 0x73CF, 0x73CF, 0x73CF, 0x73CF, 0x7BEF, 0x7BEF, 0x7BEF, 0x73EF,
    0xADF7, 0xB658, 0x4AAB, 0x18E5, 0x2988, 0x2147, 0x1926, 0x1925, 0x1905, 0x1905, 0x1905, 0x1905,
    0x1905, 0x1905, 0x1905, 0x1905, 0x1905, 0x1905, 0x1926, 0x1926, 0x1926, 0x1906, 0x1905, 0x1905,
    0x1906, 0x1906, 0x1906, 0x1926, 0x10C4, 0x08A3, 0x10C4, 0x10E5, 0x18E5, 0x1905, 0x1906, 0x1926,
    0x1927, 0x2127, 0x2147, 0x2147, 0x2147, 0x2147, 0x2147, 0x2147, 0x2147, 0x2147, 0x2147, 0x2147,
    0x2127, 0x2147, 0x1927, 0x1927, 0x1927, 0x2127, 0x2147, 0x2127, 0x2127, 0x2127, 0x2127, 0x2147,
    0x2147, 0x2147, 0x2147, 0x2147, 0x2167, 0x2167, 0x2167, 0x2168, 0x2168, 0x2168, 0x2167, 0x2167,
    0x2147, 0x2127, 0x18E5, 0x0883, 0x1905, 0x2168, 0x2168, 0x2988, 0x2968, 0x2168, 0x2167, 0x2168,
    0x2167, 0x2147, 0x2147, 0x2147, 0x2127, 0x2127, 0x2127, 0x2127, 0x2127, 0x2147, 0x2147, 0x2988,
    0x31A9, 0x31A9, 0x29A9, 0x29AA, 0x29AA, 0x29AA, 0x29A9, 0x29A9, 0x29AA, 0x29CA, 0x29CA, 0x29AA,
    0x31CA, 0x29CA, 0x29CA, 0x29CA, 0x29CA, 0x29CA, 0x29CA, 0x29AA, 0x29CA, 0x1927, 0x52CD, 0xB5D9,
    0x9D16, 0x9CF6, 0xA577, 0x632E, 0x1906, 0x2988, 0x31A9, 0x31CA, 0x31CA, 0x31CA, 0x31CA, 0x31CA,
    0x31CA, 0x31CA, 0x31CA, 0x31CA, 0x31CA, 0x31CA, 0x31CA, 0x31CA, 0x31CA, 0x31CA, 0x2968, 0x2988,
    0x29A9, 0x2989, 0x29A9, 0x31A9, 0x29A9, 0x29A9, 0x29A9, 0x29A9, 0x29A9, 0x2989, 0x31A9, 0x31A9,
    0x31A9, 0x31A9, 0x31A9, 0x31AA, 0x31A9, 0x31A9, 0x31A9, 0x29A9, 0x31A9, 0x31A9, 0x29A9, 0x31A9,
    0x29A9, 0x29A9, 0x29A9, 0x29A9, 0x31A9, 0x2988, 0x2988, 0x2968, 0x2147, 0x18E5, 0x10E4, 0x1905,
    0x1906, 0x1927, 0x2127, 0x2147, 0x2147, 0x2147, 0x2968, 0x2988, 0x2988, 0x31A9, 0x31CA, 0x31EA,
    0x39EB, 0x31CA, 0x84B4, 0xA5B8, 0x9D57, 0x9D57, 0x9D57, 0x9556, 0x9D77, 0xB63A, 0xBE7B, 0xBE7B,
    0xBE7B, 0xB67B, 0xBE7B, 0xBE5B, 0xB65B, 0xB67B, 0xB65B, 0xB65B, 0xBE7B, 0xBE7B, 0xBE7B, 0xBE7B,
    0xBE9C, 0xBE7C, 0xBE7B, 0xBE7B, 0xBE7B, 0xBE7B, 0xBE7B, 0xA5D8, 0x84D4, 0x7C52, 0x7C52, 0x7C31,
    0x7C10, 0x7BF0, 0x7BF0, 0x7BF0, 0x7BF0, 0x7C10, 0x7BF0, 0x73EF, 0x73EF, 0x7BF0, 0x73EF, 0x73CF,
    0xADB6, 0xB638, 0x52EC, 0x1905, 0x2988, 0x2126, 0x1905, 0x1905, 0x1905, 0x1905, 0x1905, 0x18E5,
    0x18E5, 0x18E5, 0x1905, 0x1905, 0x1905, 0x1905, 0x1906, 0x1926, 0x1926, 0x1926, 0x1926, 0x1906,
    0x1906, 0x1906, 0x1906, 0x1926, 0x10C4, 0x0883, 0x10C4, 0x10C4, 0x10E5, 0x1905, 0x1906, 0x1926,
    0x1926, 0x1927, 0x2127, 0x2147, 0x2147, 0x2147, 0x2147, 0x2147, 0x2147, 0x2147, 0x2127, 0x2147,
    0x2147, 0x2127, 0x1927, 0x2147, 0x2147, 0x2127, 0x2127, 0x2127, 0x2147, 0x2127, 0x2147, 0x2147,
    0x2147, 0x2147, 0x2147, 0x2147, 0x2147, 0x2147, 0x2168, 0x2167, 0x2167, 0x2168, 0x2168, 0x2167,
    0x2147, 0x2147, 0x1926, 0x10C4, 0x0883, 0x2126, 0x2168, 0x2968, 0x2988, 0x2988, 0x2168, 0x2167,
    0x2147, 0x2147, 0x2147, 0x2147, 0x2147, 0x2127, 0x2127, 0x2127, 0x2127, 0x2127, 0x2147, 0x2168,
    0x2988, 0x29A9, 0x29A9, 0x29A9, 0x29AA, 0x29A9, 0x29AA, 0x29A9, 0x29A9, 0x29AA, 0x29AA, 0x29CA,
    0x29CA, 0x29CA, 0x29AA, 0x29CA, 0x29CA, 0x29CA, 0x29AA, 0x29AA, 0x29CA, 0x2148, 0x3A2A, 0xAD98,
    0x9D36, 0x9CF6, 0xA557, 0x4A8C, 0x1906, 0x2988, 0x29A9, 0x31CA, 0x31CA, 0x31CA, 0x31CA, 0x31CA,
    0x31CA, 0x31CA, 0x31CA, 0x31CA, 0x31CA, 0x31CA, 0x31CA, 0x31CA, 0x31CA, 0x31A9, 0x2148, 0x29A9,
    0x31A9, 0x29A9, 0x2989, 0x29A9, 0x29A9, 0x2989, 0x2989, 0x31A9, 0x31A9, 0x2989, 0x29A9, 0x31A9,
    0x31A9, 0x31C9, 0x31A9, 0x31C9, 0x31A9, 0x29A9, 0x31A9, 0x29A9, 0x31A9, 0x31C9, 0x31A9, 0x31A9,
    0x31A9, 0x29A9, 0x2988, 0x2988, 0x2147, 0x2988, 0x2968, 0x2968, 0x2147, 0x10E4, 0x10E4, 0x1905,
    0x1906, 0x1927, 0x2127, 0x2147, 0x2147, 0x2147, 0x2168, 0x2988, 0x2988, 0x31A9, 0x31CA, 0x39EA,
    0x3A2B, 0x31CA, 0x6BD1, 0xA5B8, 0x9D57, 0x9D77, 0x9D57, 0x9556, 0x9D97, 0xB63A, 0xB65A, 0xB65B,
    0xBE7B, 0xB65B, 0xB65B, 0xB65B, 0xB65B, 0xB65B, 0xB65B, 0xB65B, 0xB65B, 0xBE7B, 0xBE7B, 0xBE7B,
    0xBE7B, 0xBE7B, 0xBE7B, 0xBE7B, 0xBE7B, 0xBE7B, 0xBE7B, 0xA5D8, 0x84D4, 0x7C72, 0x7C32, 0x7C31,
    0x7C11, 0x7C10, 0x7C10, 0x7C10, 0x7BF0, 0x7BF0, 0x73CF, 0x73CF, 0x73CF, 0x73D0, 0x73F0, 0x7BF0,
    0xADB6, 0xBE58, 0x636E, 0x1906, 0x2967, 0x1906, 0x1905, 0x1905, 0x1905, 0x1905, 0x1905, 0x18E5,
    0x18E5, 0x18E5, 0x10E5, 0x18E5, 0x1905, 0x1905, 0x1905, 0x1905, 0x1906, 0x1926, 0x1926, 0x1926,
    0x1906, 0x1906, 0x1926, 0x1926, 0x1905, 0x08A3, 0x10A4, 0x10C4, 0x10E5, 0x1905, 0x1905, 0x1906,
    0x1926, 0x2127, 0x1927, 0x2127, 0x2147, 0x2147, 0x2147, 0x2147, 0x2147, 0x2147, 0x2147, 0x2147,
    0x2147, 0x1927, 0x2127, 0x2127, 0x1927, 0x1927, 0x1927, 0x1927, 0x2127, 0x2147, 0x2147, 0x2147,
    0x2147, 0x2147, 0x2147, 0x2147, 0x2147, 0x2147, 0x2167, 0x2167, 0x2167, 0x2167, 0x2168, 0x2167,
    0x2147, 0x2147, 0x2147, 0x1926, 0x10A4, 0x10C4, 0x2147, 0x2168, 0x2968, 0x2989, 0x2988, 0x2168,
    0x2167, 0x2147, 0x2167, 0x2147, 0x2147, 0x2127, 0x2127, 0x2127, 0x2127, 0x2127, 0x2147, 0x2147,
    0x2168, 0x29A9, 0x29A9, 0x29A9, 0x29CA, 0x29A9, 0x29A9, 0x29AA, 0x29A9, 0x29AA, 0x29AA, 0x29AA,
    0x29CA, 0x29CA, 0x29CA, 0x29CA, 0x29CA, 0x29CA, 0x29AA, 0x29A9, 0x29AA, 0x2168, 0x2988, 0xA557,
    0xA557, 0x9CF6, 0xA537, 0x3A0A, 0x2127, 0x29A9, 0x31A9, 0x31CA, 0x31CA, 0x31CA, 0x31CA, 0x31CA,
    0x31AA, 0x31CA, 0x31CA, 0x31CA, 0x31CA, 0x31AA, 0x31CA, 0x31CA, 0x31EA, 0x2968, 0x2147, 0x2989,
    0x2989, 0x29A9, 0x2989, 0x29A9, 0x29A9, 0x29A9, 0x2989, 0x31A9, 0x31A9, 0x31A9, 0x31A9, 0x31A9,
    0x31C9, 0x31A9, 0x31A9, 0x31A9, 0x31A9, 0x31A8, 0x2988, 0x2967, 0x2987, 0x2988, 0x2987, 0x3187,
    0x39C7, 0x41E8, 0x4A48, 0x5AEA, 0x632B, 0x2988, 0x2988, 0x2968, 0x2147, 0x10C4, 0x18E4, 0x1905,
    0x1926, 0x1927, 0x2127, 0x2147, 0x2147, 0x2168, 0x2968, 0x2988, 0x2988, 0x31A9, 0x31CA, 0x3A0B,
    0x3A2B, 0x31AA, 0x5B2F, 0xA5B8, 0x9556, 0x9556, 0x9D57, 0x9556, 0xA597, 0xB65A, 0xB65B, 0xB67B,
    0xB67B, 0xB65B, 0xB65B, 0xB65B, 0xB65B, 0xB65B, 0xB65B, 0xB65B, 0xB65B, 0xBE7B, 0xBE7B, 0xBE7B,
    0xB65B, 0xB65B, 0xB65B, 0xB65B, 0xB65B, 0xB65B, 0xBE5B, 0xADD8, 0x8CD4, 0x8473, 0x7C52, 0x7C52,
    0x7C31, 0x7C31, 0x7C10, 0x7BF0, 0x7BF0, 0x7BF0, 0x73F0, 0x7BF0, 0x7BF0, 0x73F0, 0x7BF0, 0x7BF0,
    0xA5B5, 0xB637, 0x6BCF, 0x2126, 0x2167, 0x1905, 0x1905, 0x1905, 0x1905, 0x1905, 0x18E5, 0x1905,
    0x1905, 0x1905, 0x18E5, 0x18E5, 0x18E5, 0x1905, 0x1905, 0x1905, 0x1905, 0x1926, 0x1906, 0x1926,
    0x1926, 0x1906, 0x1906, 0x1926, 0x1905, 0x10A4, 0x10A3, 0x10C4, 0x10E5, 0x10E5, 0x1905, 0x1906,
    0x1926, 0x1927, 0x2127, 0x2127, 0x2127, 0x2147, 0x2147, 0x2147, 0x2147, 0x2147, 0x2147, 0x2147,
    0x2127, 0x2127, 0x2127, 0x2127, 0x2127, 0x1927, 0x1927, 0x1927, 0x2127, 0x2147, 0x2127, 0x2147,
    0x2147, 0x2147, 0x2147, 0x2147, 0x2147, 0x2147, 0x2167, 0x2147, 0x2168, 0x2167, 0x2167, 0x2168,
    0x2147, 0x2147, 0x2147, 0x2127, 0x1905, 0x0883, 0x18E5, 0x2168, 0x2168, 0x2988, 0x2988, 0x2968,
    0x2168, 0x2167, 0x2147, 0x2147, 0x2147, 0x2147, 0x2127, 0x2127, 0x2127, 0x2127, 0x2127, 0x2147,
    0x2167, 0x2988, 0x29A9, 0x29A9, 0x29CA, 0x29AA, 0x29AA, 0x29CA, 0x29CA, 0x29CA, 0x29CA, 0x29CA,
    0x29CA, 0x29CA, 0x29CA, 0x29CA, 0x29CA, 0x29CA, 0x29CA, 0x29AA, 0x29A9, 0x2168, 0x2127, 0x94D5,
    0xA557, 0x9D16, 0x94D5, 0x2988, 0x2147, 0x2988, 0x31A9, 0x31CA, 0x31CA, 0x31CA, 0x31CA, 0x31AA,
    0x31CA, 0x31CA, 0x31CA, 0x31CA, 0x31CA, 0x31CA, 0x31CA, 0x31CA, 0x31CA, 0x2147, 0x2988, 0x2988,
    0x2989, 0x29A9, 0x29A9, 0x31A9, 0x31A9, 0x29A9, 0x31A9, 0x31A9, 0x29A8, 0x2988, 0x2988, 0x2967,
    0x2988, 0x31C9, 0x31A9, 0x29A8, 0x31A8, 0x31C8, 0x4A28, 0x62C9, 0x6B0A, 0x7B8B, 0x8C0D, 0x9C8E,
    0xAD0F, 0xB54F, 0xBD70, 0xD612, 0x7BAC, 0x2967, 0x2988, 0x2168, 0x2126, 0x10A4, 0x10C4, 0x1905,
    0x1926, 0x2127, 0x2127, 0x2147, 0x2147, 0x2168, 0x2968, 0x2988, 0x2988, 0x31A9, 0x31CA, 0x39EB,
    0x422C, 0x31EA, 0x4A8D, 0x9D77, 0x9D57, 0x9556, 0x9556, 0x9556, 0x9D97, 0xB63A, 0xB65A, 0xB67B,
    0xB65B, 0xB65B, 0xB65B, 0xB65B, 0xB65B, 0xBE5B, 0xBE5B, 0xB65B, 0xB65B, 0xBE7B, 0xBE5B, 0xBE5B,
    0xB65B, 0xB65B, 0xB65B, 0xB65B, 0xB65B, 0xB63A, 0xB63A, 0xA5B8, 0x8CD4, 0x8493, 0x8472, 0x7C52,
    0x7C31, 0x7C10, 0x7C10, 0x7C10, 0x7BF0, 0x7BF0, 0x7BF0, 0x7BF0, 0x7BF0, 0x7C10, 0x7C10, 0x7C10,
    0xA5B5, 0xB617, 0x7C71, 0x2147, 0x2147, 0x1905, 0x1905, 0x1905, 0x1905, 0x1905, 0x18E5, 0x18E5,
    0x1905, 0x1905, 0x1905, 0x18E5, 0x18E5, 0x1905, 0x1905, 0x1905, 0x1905, 0x1905, 0x1906, 0x1906,
    0x1927, 0x1927, 0x1926, 0x1906, 0x1905, 0x10C4, 0x0883, 0x10C4, 0x10E5, 0x10E5, 0x1905, 0x1906,
    0x1906, 0x1926, 0x2127, 0x1927, 0x2127, 0x2147, 0x2147, 0x2147, 0x2147, 0x2147, 0x2147, 0x2147,
    0x2127, 0x2147, 0x2127, 0x2127, 0x2127, 0x1927, 0x1927, 0x2127, 0x2127, 0x2147, 0x2147, 0x2147,
    0x2147, 0x2147, 0x2147, 0x2147, 0x2147, 0x2147, 0x2147, 0x2147, 0x2147, 0x2168, 0x2168, 0x2168,
    0x2167, 0x2168, 0x2147, 0x2147, 0x1926, 0x10E5, 0x0883, 0x1926, 0x2968, 0x2988, 0x2988, 0x2988,
    0x2968, 0x2168, 0x2167, 0x2147, 0x2147, 0x2147, 0x2147, 0x2127, 0x2127, 0x2127, 0x2127, 0x2147,
    0x2147, 0x2988, 0x2989, 0x2989, 0x29AA, 0x29AA, 0x29CA, 0x29CA, 0x29CA, 0x29CA, 0x29CA, 0x29CA,
    0x29AA, 0x29CA, 0x31CA, 0x29CA, 0x29CA, 0x29CA, 0x29AA, 0x29A9, 0x2989, 0x2168, 0x18E6, 0x8433,
    0xA557, 0x9D16, 0x8453, 0x2126, 0x2167, 0x2988, 0x31A9, 0x31CA, 0x31CA, 0x31CA, 0x31CA, 0x31AA,
    0x31CA, 0x31CA, 0x31CA, 0x31CA, 0x31CA, 0x31CA, 0x31CA, 0x31CA, 0x29A9, 0x2168, 0x29A9, 0x2989,
    0x2988, 0x2967, 0x2967, 0x2967, 0x2967, 0x2987, 0x39A7, 0x41E7, 0x4A48, 0x5AA9, 0x6B0A, 0x7B8B,
    0x62E9, 0x3187, 0x39A7, 0x4208, 0x31A7, 0x39A6, 0xB54F, 0xCDF1, 0xCDD0, 0xCDF0, 0xD610, 0xD611,
    0xD611, 0xCDD0, 0xCDD0, 0xA4CE, 0x39A6, 0x2967, 0x2988, 0x2968, 0x1926, 0x10A4, 0x18E4, 0x1905,
    0x1926, 0x1926, 0x2127, 0x2147, 0x2147, 0x2168, 0x2968, 0x2988, 0x2988, 0x29A9, 0x31CA, 0x39EB,
    0x424C, 0x3A0B, 0x3A2B, 0x9516, 0x9D77, 0x9D57, 0x9D57, 0x9556, 0x9D77, 0xB63A, 0xB67B, 0xB65B,
    0xB67B, 0xBE7B, 0xBE5B, 0xB67B, 0xB65B, 0xBE5B, 0xBE5B, 0xBE5B, 0xB65B, 0xB65B, 0xB65B, 0xB65B,
    0xB65B, 0xB65B, 0xB65B, 0xB63B, 0xB63A, 0xB63A, 0xB63A, 0xA5B8, 0x8CD4, 0x8493, 0x8472, 0x7C52,
    0x7C32, 0x7C31, 0x7C31, 0x7C31, 0x7C10, 0x7C10, 0x7C10, 0x7C10, 0x7C10, 0x7C10, 0x7C11, 0x7C11,
    0xA5B6, 0xADD6, 0x94F3, 0x2967, 0x2126, 0x1905, 0x1905, 0x1905, 0x1905, 0x1905, 0x1905, 0x1905,
    0x1905, 0x1905, 0x1905, 0x18E5, 0x18E5, 0x1905, 0x18E5, 0x1905, 0x1905, 0x1905, 0x1905, 0x1906,
    0x1906, 0x1926, 0x1927, 0x1926, 0x1906, 0x10E4, 0x0883, 0x10A4, 0x10C4, 0x10E5, 0x18E5, 0x1905,
    0x1906, 0x1906, 0x1927, 0x1927, 0x2127, 0x2147, 0x2147, 0x2147, 0x2147, 0x2147, 0x2127, 0x2127,
    0x2147, 0x1927, 0x2127, 0x1927, 0x1927, 0x1926, 0x1926, 0x1927, 0x1927, 0x2127, 0x2147, 0x2127,
    0x2147, 0x2147, 0x2147, 0x2147, 0x2147, 0x2147, 0x2147, 0x2167, 0x2147, 0x2168, 0x2168, 0x2168,
    0x2168, 0x2168, 0x2147, 0x2147, 0x2147, 0x1926, 0x10A4, 0x08A3, 0x2147, 0x2968, 0x2968, 0x2989,
    0x2988, 0x2168, 0x2168, 0x2168, 0x2168, 0x2147, 0x2147, 0x2127, 0x2127, 0x2127, 0x2127, 0x2147,
    0x2147, 0x2968, 0x29A9, 0x29A9, 0x29A9, 0x29CA, 0x29CA, 0x29CA, 0x29CA, 0x29CA, 0x29CA, 0x29CA,
    0x29CA, 0x29CA, 0x29CA, 0x29CA, 0x29CA, 0x29CA, 0x29A9, 0x2989, 0x2989, 0x2168, 0x10C5, 0x6B90,
    0xA557, 0x9D16, 0x6B90, 0x18E6, 0x2968, 0x2988, 0x29A9, 0x31A9, 0x31A9, 0x31CA, 0x31CA, 0x31CA,
    0x31CA, 0x31CA, 0x31CA, 0x31CA, 0x31CA, 0x31CA, 0x31CA, 0x31EA, 0x2968, 0x2968, 0x29A8, 0x2988,
    0x39E8, 0x7BAC, 0x7B6B, 0x83CC, 0x942D, 0x9C8E, 0xA4CE, 0xB52F, 0xBD70, 0xC5B0, 0xCDD0, 0xCDF1,
    0xB50E, 0x5A66, 0x9C6E, 0xA4B0, 0x9490, 0x7B8B, 0xCDF0, 0xD630, 0xD5F0, 0xD610, 0xCE10, 0xCE10,
    0xCDF0, 0xD5EF, 0xBD4E, 0x39E6, 0x2967, 0x2988, 0x2968, 0x2968, 0x1905, 0x10A4, 0x18E5, 0x1905,
    0x1926, 0x1926, 0x2127, 0x2127, 0x2147, 0x2167, 0x2168, 0x2988, 0x2988, 0x29A9, 0x31CA, 0x39EB,
    0x424C, 0x3A2B, 0x31CA, 0x84B4, 0x9D97, 0x9556, 0x9D57, 0x9556, 0x9D77, 0xB63A, 0xBE7B, 0xBE7B,
    0xB67B, 0xB67B, 0xB65B, 0xBE5B, 0xBE5B, 0xBE5B, 0xB65B, 0xB65B, 0xBE5B, 0xB65B, 0xB65B, 0xB65B,
    0xB65B, 0xB65B, 0xB65B, 0xB65B, 0xB65B, 0xB65B, 0xB63A, 0xA5B8, 0x8CD4, 0x8493, 0x8472, 0x7C52,
    0x7C52, 0x7C32, 0x7C31, 0x7C31, 0x7C31, 0x7C31, 0x7C11, 0x7C31, 0x7C31, 0x7C11, 0x7C11, 0x7C31,
    0xA5B6, 0xADD6, 0xA596, 0x29A8, 0x1905, 0x1905, 0x1905, 0x1905, 0x1905, 0x18E5, 0x1905, 0x1905,
    0x1905, 0x1905, 0x1905, 0x18E5, 0x18E5, 0x18E5, 0x18E5, 0x18E5, 0x1905, 0x1905, 0x1905, 0x1905,
    0x1906, 0x1906, 0x1926, 0x1926, 0x1905, 0x10E5, 0x0883, 0x10A3, 0x10C4, 0x10C4, 0x18E5, 0x1905,
    0x1905, 0x1906, 0x1926, 0x1927, 0x1927, 0x2147, 0x2127, 0x2147, 0x2147, 0x2147, 0x2127, 0x2127,
    0x2127, 0x2127, 0x1927, 0x1927, 0x2127, 0x1927, 0x1927, 0x1927, 0x2147, 0x2127, 0x2147, 0x2147,
    0x2127, 0x2127, 0x2147, 0x2147, 0x2147, 0x2147, 0x2147, 0x2147, 0x2147, 0x2167, 0x2167, 0x2167,
    0x2167, 0x2167, 0x2147, 0x2147, 0x2147, 0x2127, 0x1906, 0x08A3, 0x10C4, 0x2147, 0x2968, 0x2988,
    0x2988, 0x2988, 0x2168, 0x2167, 0x2167, 0x2167, 0x2147, 0x2127, 0x2127, 0x2127, 0x2127, 0x2127,
    0x2147, 0x2147, 0x2988, 0x29A9, 0x29A9, 0x29AA, 0x29CA, 0x29CA, 0x29CA, 0x31CA, 0x29CA, 0x31CA,
    0x31CA, 0x29CA, 0x29AA, 0x29CA, 0x29CA, 0x29AA, 0x29AA, 0x2989, 0x2988, 0x2168, 0x10C5, 0x5B0E,
    0xA557, 0x9D16, 0x52ED, 0x1906, 0x2988, 0x2988, 0x29A9, 0x31A9, 0x31A9, 0x31CA, 0x31CA, 0x31AA,
    0x31CA, 0x31CA, 0x31CA, 0x31AA, 0x31CA, 0x31CA, 0x39EA, 0x31A9, 0x2968, 0x29A8, 0x29A8, 0x2989,
    0x2966, 0x62E9, 0xD633, 0xD632, 0xD5F1, 0xD632, 0xDE32, 0xD611, 0xCDF1, 0xD5F1, 0xD612, 0xD632,
    0xC5AF, 0xBD4E, 0xAD11, 0x83F0, 0x8C11, 0xAD33, 0xD632, 0xDE31, 0xCDEF, 0xCDEF, 0xCDF0, 0xD610,
    0xDE51, 0xB54E, 0x41E6, 0x2987, 0x2988, 0x2968, 0x2968, 0x2167, 0x18E5, 0x10C4, 0x1905, 0x1905,
    0x1926, 0x1926, 0x2127, 0x2147, 0x2147, 0x2147, 0x2168, 0x2988, 0x29A8, 0x29A9, 0x31CA, 0x31EA,
    0x3A2C, 0x424C, 0x31C9, 0x7432, 0xA5B8, 0x9556, 0x9556, 0x9536, 0x9D77, 0xB63A, 0xBE5B, 0xBE5B,
    0xBE7B, 0xB65B, 0xB65B, 0xB65B, 0xB65B, 0xBE5B, 0xB65B, 0xB65B, 0xB65B, 0xB65B, 0xB65B, 0xB65B,
    0xB65B, 0xB65B, 0xB65B, 0xB65B, 0xB65B, 0xB65A, 0xB63A, 0x9D97, 0x8CD4, 0x8493, 0x8493, 0x8472,
    0x8472, 0x8452, 0x8452, 0x8452, 0x7C32, 0x7C31, 0x7C31, 0x7C31, 0x7C31, 0x7C31, 0x7C51, 0x8451,
    0xA5B6, 0xB617, 0x8CD3, 0x2126, 0x1905, 0x1905, 0x1905, 0x1905, 0x18E5, 0x1905, 0x1905, 0x1905,
    0x1905, 0x1905, 0x1905, 0x1905, 0x1905, 0x18E5, 0x10E5, 0x10E5, 0x10E5, 0x1905, 0x1905, 0x1905,
    0x1905, 0x1905, 0x1926, 0x1926, 0x1925, 0x10E5, 0x08A3, 0x0883, 0x10C4, 0x10C4, 0x18E5, 0x1905,
    0x1905, 0x1906, 0x1906, 0x1927, 0x2127, 0x2127, 0x2127, 0x2147, 0x2147, 0x2147, 0x2147, 0x2147,
    0x2127, 0x1927, 0x1927, 0x1927, 0x2127, 0x1927, 0x2127, 0x2127, 0x2127, 0x2147, 0x2127, 0x2127,
    0x2127, 0x2127, 0x2147, 0x2147, 0x2147, 0x2147, 0x2147, 0x2147, 0x2147, 0x2167, 0x2167, 0x2167,
    0x2167, 0x2167, 0x2147, 0x2147, 0x2147, 0x2147, 0x1927, 0x18E5, 0x0883, 0x1906, 0x2168, 0x2968,
    0x2988, 0x2988, 0x2968, 0x2168, 0x2168, 0x2168, 0x2167, 0x2147, 0x2147, 0x2127, 0x2127, 0x2147,
    0x2147, 0x2147, 0x2988, 0x2989, 0x2989, 0x29A9, 0x29AA, 0x29AA, 0x29AA, 0x29CA, 0x31CA, 0x31CA,
    0x29CA, 0x29AA, 0x29CA, 0x29CA, 0x29CA, 0x29AA, 0x29A9, 0x2989, 0x2988, 0x2168, 0x10C5, 0x426B,
    0x9D37, 0x94D5, 0x422B, 0x1927, 0x2988, 0x2988, 0x29A9, 0x31A9, 0x31CA, 0x31CA, 0x31CA, 0x31CA,
    0x31AA, 0x31AA, 0x31CA, 0x31CA, 0x31AA, 0x31CA, 0x31CA, 0x2968, 0x2968, 0x29A8, 0x2989, 0x29A8,
    0x2987, 0x2104, 0x5267, 0xC591, 0xDE32, 0xDE52, 0xD632, 0xD632, 0xD611, 0xCDB0, 0xD611, 0xD5F1,
    0xD5D0, 0xC58E, 0xAD33, 0xAD35, 0xAD34, 0xA4D4, 0xBD92, 0xDE50, 0xCDF0, 0xCDEF, 0xD610, 0xCDF0,
    0x62C7, 0x39A5, 0x2967, 0x2987, 0x2967, 0x2968, 0x2968, 0x2147, 0x10C5, 0x10C4, 0x18E5, 0x1905,
    0x1925, 0x1926, 0x2126, 0x2127, 0x2147, 0x2147, 0x2168, 0x2988, 0x2989, 0x29A9, 0x31A9, 0x31CA,
    0x3A0B, 0x4A6D, 0x31CA, 0x63B0, 0xA5B8, 0x9D57, 0x9556, 0x9D56, 0x9D77, 0xAE1A, 0xBE5B, 0xBE5B,
    0xBE5B, 0xBE5B, 0xB65B, 0xB65B, 0xB65B, 0xB65B, 0xB65B, 0xB65B, 0xB65B, 0xB65B, 0xB65A, 0xB65B,
    0xB65A, 0xB65B, 0xB65B, 0xB65B, 0xB65B, 0xB63A, 0xB63A, 0x9D77, 0x8CD4, 0x84B4, 0x8493, 0x8473,
    0x8472, 0x8472, 0x8452, 0x8452, 0x8452, 0x7C52, 0x7C52, 0x8451, 0x8451, 0x7C51, 0x8451, 0x8451,
    0xA5B6, 0xB617, 0x636E, 0x1905, 0x1905, 0x18E5, 0x18E5, 0x18E5, 0x1905, 0x1905, 0x1905, 0x1905,
    0x18E5, 0x1905, 0x1905, 0x1905, 0x1905, 0x1905, 0x18E5, 0x18E5, 0x18E5, 0x18E5, 0x18E5, 0x18E5,
    0x1905, 0x1905, 0x1926, 0x1906, 0x1905, 0x10E5, 0x10A4, 0x0883, 0x10A4, 0x10C4, 0x10E5, 0x10E5,
    0x1905, 0x1906, 0x1906, 0x1906, 0x1926, 0x1927, 0x2127, 0x2147, 0x1927, 0x1927, 0x2127, 0x2127,
    0x1927, 0x2127, 0x2127, 0x1927, 0x1927, 0x2127, 0x2127, 0x2127, 0x2127, 0x1927, 0x2127, 0x2147,
    0x2147, 0x2147, 0x2147, 0x2147, 0x2147, 0x2147, 0x2147, 0x2147, 0x2147, 0x2147, 0x2147, 0x2147,
    0x2147, 0x2147, 0x2147, 0x2147, 0x2147, 0x2147, 0x2147, 0x1926, 0x10C4, 0x0883, 0x2127, 0x2168,
    0x2988, 0x2988, 0x2988, 0x2168, 0x2168, 0x2168, 0x2147, 0x2147, 0x2147, 0x2147, 0x2127, 0x2147,
    0x2147, 0x2147, 0x2168, 0x2989, 0x2989, 0x2989, 0x29AA, 0x29AA, 0x29CA, 0x29CA, 0x29CA, 0x29CA,
    0x29CA, 0x29CA, 0x29CA, 0x29CA, 0x29CA, 0x29AA, 0x2989, 0x2989, 0x2988, 0x2168, 0x10E5, 0x31C9,
    0x9D16, 0x8C94, 0x29A8, 0x2127, 0x2988, 0x29A9, 0x29A9, 0x29A9, 0x31A9, 0x31AA, 0x31CA, 0x31CA,
    0x31CA, 0x31CA, 0x31CA, 0x31CA, 0x31CA, 0x31EA, 0x31A9, 0x2147, 0x2988, 0x29A9, 0x29A8, 0x2988,
    0x2988, 0x2987, 0x2124, 0x41C5, 0x7B69, 0xBD50, 0xD611, 0xDE72, 0xDE31, 0xD631, 0xD632, 0xCDD0,
    0xC56E, 0xBD4E, 0xAD35, 0x9CD6, 0xA537, 0x9CF6, 0xB531, 0xD630, 0xDE71, 0xDE51, 0xAD0D, 0x5246,
    0x2966, 0x2988, 0x2967, 0x2147, 0x2167, 0x2967, 0x2968, 0x2147, 0x10C4, 0x10C4, 0x18E5, 0x1905,
    0x1905, 0x1926, 0x2126, 0x2127, 0x2147, 0x2147, 0x2968, 0x2988, 0x29A8, 0x29A9, 0x31A9, 0x31CA,
    0x39EB, 0x4A8D, 0x31EB, 0x5B4F, 0xA5B8, 0x9D57, 0x9D57, 0x9D56, 0x9D77, 0xB619, 0xB65A, 0xB65A,
    0xB65B, 0xB65A, 0xB65A, 0xB65A, 0xB65A, 0xB65B, 0xB65B, 0xBE5B, 0xB65B, 0xB65B, 0xB65B, 0xB65B,
    0xB65A, 0xB65B, 0xB65B, 0xB65B, 0xB63B, 0xB63A, 0xB63A, 0x9D97, 0x8CF5, 0x84B4, 0x8494, 0x8493,
    0x8493, 0x8472, 0x8472, 0x8452, 0x8452, 0x8452, 0x8452, 0x8472, 0x8452, 0x7C51, 0x7C51, 0x7C51,
    0xADD6, 0xADB6, 0x3A09, 0x1905, 0x1905, 0x18E5, 0x18E5, 0x1905, 0x1905, 0x1905, 0x1905, 0x1905,
    0x18E5, 0x1905, 0x1905, 0x1905, 0x1905, 0x1906, 0x1906, 0x10E5, 0x10E5, 0x1905, 0x18E5, 0x10E5,
    0x10E5, 0x1905, 0x1905, 0x1905, 0x1925, 0x1905, 0x10C4, 0x0883, 0x0883, 0x10C4, 0x10C4, 0x10E5,
    0x1905, 0x1905, 0x1906, 0x1906, 0x1926, 0x1927, 0x2127, 0x1927, 0x2127, 0x2127, 0x1927, 0x1927,
    0x1927, 0x1927, 0x1927, 0x1927, 0x1927, 0x1927, 0x2127, 0x1927, 0x2127, 0x1927, 0x2127, 0x2127,
    0x1927, 0x2147, 0x2147, 0x2127, 0x2147, 0x2147, 0x2147, 0x2147, 0x2147, 0x2147, 0x2167, 0x2147,
    0x2147, 0x2147, 0x2147, 0x2147, 0x2147, 0x2147, 0x2147, 0x2127, 0x1906, 0x0883, 0x10A4, 0x2147,
    0x2168, 0x2988, 0x2988, 0x2988, 0x2168, 0x2167, 0x2147, 0x2147, 0x2147, 0x2127, 0x2127, 0x2127,
    0x2127, 0x2147, 0x2168, 0x2988, 0x29A9, 0x2989, 0x29AA, 0x29CA, 0x29CA, 0x29CA, 0x29CA, 0x29CA,
    0x29CA, 0x29CA, 0x29AA, 0x29AA, 0x29CA, 0x2989, 0x2989, 0x2989, 0x2988, 0x2168, 0x1906, 0x2167,
    0x94D5, 0x8433, 0x2147, 0x2147, 0x2988, 0x29A9, 0x29A9, 0x29A9, 0x31A9, 0x31AA, 0x31AA, 0x31CA,
    0x31AA, 0x31AA, 0x31AA, 0x31CA, 0x31CA, 0x39EA, 0x2968, 0x2147, 0x2988, 0x2988, 0x2988, 0x2988,
    0x2988, 0x2988, 0x31A8, 0x2967, 0x2946, 0x3165, 0x5267, 0x7328, 0xACCE, 0xCDD0, 0xDE52, 0xDE51,
    0xDE31, 0xC56E, 0x9472, 0x7C56, 0x7C36, 0x8C75, 0xC5D1, 0xDE30, 0xB52E, 0x6AE7, 0x3985, 0x2967,
    0x29A8, 0x2988, 0x2967, 0x2147, 0x2147, 0x2147, 0x2167, 0x2126, 0x10A4, 0x10C4, 0x1905, 0x1905,
    0x1925, 0x1926, 0x1926, 0x2127, 0x2147, 0x2147, 0x2968, 0x2988, 0x29A8, 0x29A9, 0x31A9, 0x31CA,
    0x31EA, 0x4A6D, 0x3A0B, 0x5B2F, 0xA598, 0x9D56, 0x9D57, 0x9D56, 0x9D77, 0xADD8, 0xB61A, 0xB63A,
    0xB65A, 0xB65A, 0xB65B, 0xB65B, 0xB65B, 0xB65B, 0xB65B, 0xB65B, 0xB65B, 0xBE5B, 0xB67B, 0xB65B,
    0xB65B, 0xB65B, 0xB65B, 0xB65B, 0xB63A, 0xB63A, 0xB61A, 0x9D97, 0x8CF5, 0x84D5, 0x84B4, 0x8493,
    0x84B3, 0x8493, 0x8493, 0x8472, 0x8473, 0x8472, 0x8472, 0x8472, 0x8452, 0x8452, 0x8452, 0x8452,
    0xB5F7, 0x8CB2, 0x2126, 0x2106, 0x1905, 0x18E5, 0x18E5, 0x1905, 0x1905, 0x1905, 0x1905, 0x1905,
    0x1905, 0x1905, 0x1905, 0x1905, 0x1906, 0x1926, 0x1906, 0x1906, 0x1905, 0x1105, 0x10E5, 0x10E5,
    0x10E5, 0x1905, 0x1905, 0x1905, 0x1905, 0x18E5, 0x10C4, 0x0863, 0x0883, 0x10A4, 0x10C4, 0x10E5,
    0x1905, 0x1905, 0x1905, 0x1906, 0x1926, 0x1906, 0x1927, 0x1927, 0x1927, 0x1927, 0x1927, 0x2127,
    0x1927, 0x1927, 0x1927, 0x1927, 0x1927, 0x1927, 0x2127, 0x2127, 0x1927, 0x1927, 0x1927, 0x1927,
    0x2127, 0x2147, 0x2127, 0x2127, 0x2147, 0x2127, 0x2147, 0x2147, 0x2147, 0x2147, 0x2147, 0x2147,
    0x2167, 0x2147, 0x2147, 0x2147, 0x2147, 0x2147, 0x2147, 0x2127, 0x1927, 0x10E5, 0x0883, 0x10E5,
    0x2167, 0x2167, 0x2968, 0x2988, 0x2988, 0x2168, 0x2167, 0x2147, 0x2147, 0x2147, 0x2147, 0x2127,
    0x2127, 0x2147, 0x2147, 0x2988, 0x31A9, 0x2989, 0x29AA, 0x29AA, 0x29CA, 0x29AA, 0x29AA, 0x29CA,
    0x29CA, 0x29CA, 0x29AA, 0x29AA, 0x29AA, 0x2989, 0x2989, 0x2989, 0x2988, 0x2147, 0x1906, 0x18E5,
    0x8C94, 0x6BB1, 0x1906, 0x2967, 0x2988, 0x29A9, 0x29A9, 0x29A9, 0x2989, 0x31AA, 0x31AA, 0x31AA,
    0x31CA, 0x31AA, 0x31AA, 0x31CA, 0x31CA, 0x31A9, 0x2127, 0x2167, 0x2988, 0x29A8, 0x2988, 0x2988,
    0x2988, 0x2988, 0x2988, 0x29A8, 0x31A8, 0x31A8, 0x2967, 0x2946, 0x2924, 0x41E5, 0x5A86, 0x83CA,
    0x9C6C, 0xA4AC, 0xAD10, 0x94B5, 0x8C95, 0xBDB5, 0xA4AD, 0x6AE8, 0x3185, 0x2966, 0x2988, 0x31A8,
    0x2987, 0x2988, 0x2167, 0x1926, 0x1926, 0x2167, 0x2167, 0x1926, 0x10A4, 0x10C4, 0x1905, 0x1905,
    0x1905, 0x1926, 0x1926, 0x2127, 0x2127, 0x2147, 0x2167, 0x2988, 0x29A9, 0x29A9, 0x29A9, 0x31CA,
    0x31EA, 0x424C, 0x424C, 0x52EE, 0x9D97, 0x9D56, 0x9D57, 0x9D57, 0x9D56, 0xA5B8, 0xADF9, 0xB63A,
    0xB65A, 0xB63A, 0xB65B, 0xB65B, 0xB65B, 0xB65B, 0xB65B, 0xB65B, 0xB65B, 0xB65B, 0xB67B, 0xB65B,
    0xB65B, 0xB65B, 0xB65B, 0xB65B, 0xB65B, 0xB63A, 0xB63A, 0x9D97, 0x8CF5, 0x8CD5, 0x84B4, 0x84B4,
    0x8493, 0x8493, 0x8493, 0x8493, 0x8473, 0x8472, 0x8472, 0x8472, 0x8472, 0x8472, 0x8473, 0x8473,
    0xB618, 0x636E, 0x18E5, 0x2106, 0x1905, 0x18E5, 0x1905, 0x1905, 0x1905, 0x1905, 0x1905, 0x1905,
    0x1905, 0x1905, 0x1905, 0x1905, 0x1906, 0x1906, 0x1906, 0x1926, 0x1926, 0x1906, 0x1905, 0x10E5,
    0x10E5, 0x10E5, 0x1905, 0x1905, 0x1905, 0x1905, 0x10C4, 0x0883, 0x0863, 0x10A4, 0x10C4, 0x10E5,
    0x1905, 0x1905, 0x1906, 0x1906, 0x1926, 0x1926, 0x1927, 0x1927, 0x1927, 0x1927, 0x1926, 0x2127,
    0x1927, 0x1927, 0x1927, 0x1927, 0x1927, 0x2127, 0x1926, 0x1927, 0x1927, 0x1927, 0x2127, 0x2127,
    0x2127, 0x2147, 0x2127, 0x2127, 0x2147, 0x2147, 0x2147, 0x2147, 0x2147, 0x2147, 0x2147, 0x2147,
    0x2147, 0x2147, 0x2147, 0x2147, 0x2147, 0x2147, 0x2147, 0x2147, 0x2147, 0x1926, 0x10C4, 0x0883,
    0x1926, 0x2147, 0x2167, 0x2968, 0x2988, 0x2168, 0x2167, 0x2147, 0x2147, 0x2147, 0x2127, 0x2127,
    0x2127, 0x2127, 0x2147, 0x2968, 0x2988, 0x2989, 0x29A9, 0x29AA, 0x29CA, 0x29CA, 0x29AA, 0x29AA,
    0x29AA, 0x29AA, 0x29AA, 0x29AA, 0x29AA, 0x2989, 0x2989, 0x2989, 0x2168, 0x2147, 0x1906, 0x10A4,
    0x7C32, 0x5B2F, 0x18E5, 0x2968, 0x2988, 0x2988, 0x2989, 0x29A9, 0x31A9, 0x31A9, 0x29A9, 0x31A9,
    0x31AA, 0x31AA, 0x31AA, 0x31AA, 0x31CA, 0x2168, 0x2147, 0x2968, 0x2988, 0x2988, 0x2988, 0x2988,
    0x2988, 0x2988, 0x2988, 0x2988, 0x2988, 0x29A8, 0x31A8, 0x31A8, 0x31A8, 0x2946, 0x2126, 0x20E4,
    0x18E3, 0x2923, 0x6B08, 0x942D, 0xBD92, 0xA4AE, 0x41C6, 0x2126, 0x2988, 0x29A8, 0x2987, 0x2968,
    0x2968, 0x2968, 0x2147, 0x2167, 0x2988, 0x2988, 0x2167, 0x1905, 0x10A4, 0x10C4, 0x18E5, 0x1905,
    0x1925, 0x1926, 0x1926, 0x2127, 0x2147, 0x2147, 0x2167, 0x2988, 0x2988, 0x2989, 0x29A9, 0x31A9,
    0x31CA, 0x3A2B, 0x426C, 0x52EE, 0x9D77, 0x9D56, 0x9D57, 0x9D57, 0x9D56, 0xA5B8, 0xB61A, 0xB63A,
    0xB63A, 0xB63A, 0xB63A, 0xB63A, 0xAE3A, 0xB63A, 0xB65B, 0xB65B, 0xB65A, 0xB65A, 0xB65A, 0xB65B,
    0xB65B, 0xB65B, 0xB63B, 0xB65B, 0xB65B, 0xB63A, 0xB63A, 0xA5B8, 0x8CF5, 0x8CD5, 0x8CD4, 0x84B4,
    0x84B4, 0x8493, 0x8493, 0x8493, 0x8473, 0x8493, 0x8472, 0x8473, 0x8473, 0x8473, 0x8473, 0x8473,
    0xADF7, 0x424A, 0x18E5, 0x1905, 0x18E5, 0x18E5, 0x1905, 0x1905, 0x1905, 0x1905, 0x1905, 0x1905,
    0x1905, 0x1905, 0x1905, 0x1906, 0x1926, 0x1926, 0x1926, 0x1926, 0x1926, 0x1926, 0x1906, 0x1905,
    0x1105, 0x10E5, 0x10E5, 0x1905, 0x1905, 0x18E5, 0x10C4, 0x0883, 0x0862, 0x10A3, 0x10C4, 0x10C4,
    0x18E5, 0x18E5, 0x1905, 0x1906, 0x1906, 0x1926, 0x1906, 0x1926, 0x1927, 0x1927, 0x1927, 0x1927,
    0x1927, 0x1927, 0x1927, 0x1926, 0x1926, 0x1927, 0x1926, 0x1927, 0x1927, 0x2127, 0x1927, 0x1927,
    0x1927, 0x1927, 0x2127, 0x2127, 0x1927, 0x2127, 0x2147, 0x2127, 0x2147, 0x2147, 0x2147, 0x2147,
    0x2147, 0x2147, 0x2147, 0x2147, 0x2147, 0x2167, 0x2147, 0x2147, 0x2147, 0x1927, 0x1906, 0x08A4,
    0x08A3, 0x2147, 0x2167, 0x2168, 0x2968, 0x2968, 0x2147, 0x2147, 0x2147, 0x2147, 0x2127, 0x2127,
    0x2127, 0x2127, 0x2147, 0x2167, 0x2988, 0x29A9, 0x2989, 0x29AA, 0x29AA, 0x29AA, 0x29AA, 0x29AA,
    0x29AA, 0x29AA, 0x29AA, 0x29AA, 0x29AA, 0x2989, 0x2989, 0x2988, 0x2167, 0x2147, 0x1906, 0x0883,
    0x6B8F, 0x4A8C, 0x18E6, 0x2968, 0x2988, 0x2989, 0x2989, 0x2989, 0x31A9, 0x31A9, 0x29A9, 0x31A9,
    0x31A9, 0x31A9, 0x31AA, 0x31CA, 0x31A9, 0x2127, 0x2168, 0x2968, 0x2988, 0x2988, 0x2988, 0x2989,
    0x2989, 0x2988, 0x2988, 0x2988, 0x2988, 0x2989, 0x2988, 0x2988, 0x2988, 0x2988, 0x2988, 0x2988,
    0x2988, 0x2146, 0x18A3, 0x18A2, 0x3185, 0x3165, 0x2967, 0x2988, 0x2987, 0x2968, 0x2968, 0x2988,
    0x2988, 0x2988, 0x2988, 0x2988, 0x2968, 0x2167, 0x2167, 0x1905, 0x10A4, 0x10C4, 0x18E5, 0x18E5,
    0x1905, 0x1926, 0x1927, 0x2127, 0x2147, 0x2147, 0x2147, 0x2968, 0x2988, 0x2989, 0x29A9, 0x29A9,
    0x31CA, 0x39EB, 0x426C, 0x530F, 0x9D77, 0x9D56, 0x9D77, 0x9D57, 0x9D57, 0xA5B8, 0xB63A, 0xB65A,
    0xB63A, 0xB65A, 0xB65A, 0xB65A, 0xB65A, 0xB65A, 0xB65A, 0xB63A, 0xB63A, 0xB63A, 0xB63A, 0xB63A,
    0xB63B, 0xB65B, 0xB63B, 0xB65B, 0xB65B, 0xB63A, 0xB63A, 0xA598, 0x8D15, 0x8CF5, 0x8CD4, 0x84D4,
    0x84D4, 0x84B4, 0x84B4, 0x8493, 0x8493, 0x8493, 0x8493, 0x8493, 0x8493, 0x8493, 0x8493, 0x8493,
    0x9534, 0x2987, 0x1905, 0x18E5, 0x1905, 0x18E5, 0x1905, 0x1905, 0x1925, 0x1905, 0x1905, 0x18E5,
    0x18E5, 0x1905, 0x1905, 0x1905, 0x1905, 0x1906, 0x1906, 0x1926, 0x1927, 0x1926, 0x1926, 0x1906,
    0x1905, 0x10E5, 0x10E5, 0x1105, 0x18E5, 0x10E5, 0x10C4, 0x08A3, 0x0863, 0x0883, 0x10C4, 0x10C4,
    0x18E5, 0x18E5, 0x1905, 0x1906, 0x1906, 0x1906, 0x1906, 0x1926, 0x1926, 0x1927, 0x2127, 0x1927,
    0x2127, 0x1927, 0x1926, 0x1926, 0x1926, 0x1927, 0x1927, 0x1927, 0x1927, 0x1927, 0x1927, 0x1927,
    0x2127, 0x1927, 0x1927, 0x2127, 0x2127, 0x2127, 0x2147, 0x2127, 0x2147, 0x2147, 0x2147, 0x2147,
    0x2147, 0x2147, 0x2147, 0x2147, 0x2147, 0x2147, 0x2147, 0x2147, 0x2147, 0x2127, 0x1926, 0x18E5,
    0x0883, 0x10C4, 0x2147, 0x2147, 0x2168, 0x2968, 0x2968, 0x2167, 0x2147, 0x2147, 0x2147, 0x2127,
    0x2127, 0x2127, 0x2127, 0x2167, 0x2988, 0x2989, 0x2989, 0x29A9, 0x29AA, 0x29AA, 0x29AA, 0x29AA,
    0x29CA, 0x29AA, 0x29AA, 0x29AA, 0x29AA, 0x2989, 0x2989, 0x2168, 0x2147, 0x2127, 0x1905, 0x0063,
    0x52CC, 0x39EA, 0x1906, 0x2968, 0x2988, 0x2989, 0x29A9, 0x2989, 0x31A9, 0x2989, 0x31A9, 0x31A9,
    0x31AA, 0x31A9, 0x31A9, 0x31CA, 0x2167, 0x2127, 0x2988, 0x2988, 0x2988, 0x2988, 0x2988, 0x29A9,
    0x2989, 0x2988, 0x2968, 0x2988, 0x2988, 0x2988, 0x2988, 0x2988, 0x2988, 0x2988, 0x2988, 0x2988,
    0x2988, 0x2988, 0x2167, 0x2126, 0x2147, 0x2988, 0x29A8, 0x2988, 0x29A8, 0x2988, 0x2988, 0x2968,
    0x2167, 0x2167, 0x2968, 0x2968, 0x2147, 0x2167, 0x2167, 0x10E5, 0x10A4, 0x18C4, 0x18E5, 0x1905,
    0x1905, 0x1926, 0x1926, 0x2127, 0x2147, 0x2147, 0x2167, 0x2168, 0x2988, 0x2989, 0x29A9, 0x31A9,
    0x31A9, 0x31CA, 0x424C, 0x5B50, 0x9D77, 0x9556, 0x9D57, 0x9D57, 0x9D57, 0xA5D8, 0xB65A, 0xB65A,
    0xB65B, 0xB67B, 0xB65B, 0xB65B, 0xB65B, 0xB65A, 0xB65A, 0xB65B, 0xB65B, 0xB65B, 0xB65B, 0xB65B,
    0xB65B, 0xB65B, 0xB65B, 0xB63A, 0xB61A, 0xAE1A, 0xAE1A, 0xA598, 0x9536, 0x8D15, 0x8CF5, 0x8CD5,
    0x8CD5, 0x8CD5, 0x84B4, 0x84B4, 0x84B4, 0x84B4, 0x84B4, 0x8493, 0x8493, 0x8493, 0x8493, 0x8493,
    0x7410, 0x1905, 0x1905, 0x1905, 0x18E5, 0x18E5, 0x1905, 0x1905, 0x1925, 0x1905, 0x1905, 0x18E5,
    0x18E5, 0x1905, 0x1905, 0x1905, 0x1905, 0x1905, 0x1906, 0x1906, 0x1926, 0x1927, 0x2127, 0x2127,
    0x1926, 0x1905, 0x1905, 0x10E5, 0x10E5, 0x10E5, 0x10C4, 0x08A4, 0x0863, 0x0063, 0x08A4, 0x10C4,
    0x10C4, 0x10E5, 0x18E5, 0x1905, 0x1905, 0x1906, 0x1906, 0x1926, 0x1926, 0x1927, 0x2127, 0x1927,
    0x1927, 0x1926, 0x1926, 0x1926, 0x1926, 0x1927, 0x1926, 0x1926, 0x1927, 0x1927, 0x1927, 0x1927,
    0x1927, 0x1927, 0x1927, 0x1927, 0x2127, 0x1927, 0x2127, 0x2127, 0x2147, 0x2147, 0x2147, 0x2147,
    0x2147, 0x2147, 0x2147, 0x2147, 0x2147, 0x2147, 0x2147, 0x2147, 0x2147, 0x2147, 0x1926, 0x1906,
    0x10C4, 0x0883, 0x10E5, 0x2147, 0x2147, 0x2968, 0x2968, 0x2167, 0x2147, 0x2147, 0x2127, 0x2127,
    0x2127, 0x2127, 0x2127, 0x2147, 0x2168, 0x2988, 0x2989, 0x2989, 0x29AA, 0x29AA, 0x29AA, 0x29AA,
    0x29AA, 0x29AA, 0x29A9, 0x29A9, 0x29A9, 0x2989, 0x2989, 0x2168, 0x2147, 0x1926, 0x1905, 0x0863,
    0x31E9, 0x2988, 0x2126, 0x2968, 0x2988, 0x2988, 0x2989, 0x2989, 0x31A9, 0x2989, 0x31A9, 0x31A9,
    0x31A9, 0x31AA, 0x31A9, 0x29A9, 0x1926, 0x2147, 0x2968, 0x2988, 0x2988, 0x2988, 0x2988, 0x29A8,
    0x2988, 0x2168, 0x2988, 0x2968, 0x2168, 0x2968, 0x2167, 0x2167, 0x2168, 0x2168, 0x2168, 0x2968,
    0x2968, 0x2988, 0x2988, 0x2988, 0x2988, 0x2988, 0x2988, 0x2168, 0x2147, 0x2147, 0x2147, 0x2147,
    0x2147, 0x2167, 0x2968, 0x2988, 0x2968, 0x2147, 0x2147, 0x10C4, 0x10A3, 0x10C4, 0x18E5, 0x1905,
    0x1925, 0x1926, 0x1926, 0x1927, 0x2127, 0x2147, 0x2147, 0x2167, 0x2968, 0x2988, 0x2989, 0x29A9,
    0x31A9, 0x31CA, 0x39EB, 0x6370, 0xA597, 0x9D56, 0x9D57, 0x9D57, 0x9D56, 0xA5B8, 0xB63A, 0xB63A,
    0xB65A, 0xB65B, 0xB65B, 0xB65B, 0xB65B, 0xB65A, 0xB65B, 0xB65B, 0xB65B, 0xB65B, 0xB65B, 0xB65B,
    0xB65B, 0xB63B, 0xB63B, 0xB63A, 0xAE1A, 0xAE1A, 0xA5D9, 0x9D77, 0x9536, 0x9516, 0x8D15, 0x8CF5,
    0x8CD5, 0x8CD5, 0x8CD5, 0x8CD5, 0x84B4, 0x84B4, 0x84B4, 0x84B4, 0x84B4, 0x84B4, 0x84B4, 0x84B4,
    0x52CC, 0x1905, 0x1905, 0x1905, 0x1905, 0x1905, 0x1905, 0x1926, 0x1905, 0x18E5, 0x18E5, 0x18E5,
    0x1905, 0x1905, 0x1905, 0x1905, 0x1905, 0x1905, 0x1906, 0x1906, 0x1906, 0x1926, 0x2127, 0x2127,
    0x1927, 0x1926, 0x1906, 0x18E5, 0x10E4, 0x10E4, 0x10C4, 0x08C4, 0x0883, 0x0062, 0x08A3, 0x10C4,
    0x10E5, 0x10E5, 0x10E5, 0x10E5, 0x1905, 0x1905, 0x1906, 0x1906, 0x1926, 0x1927, 0x1927, 0x1927,
    0x1926, 0x1926, 0x1926, 0x1926, 0x1926, 0x1927, 0x1927, 0x1926, 0x1927, 0x1927, 0x1927, 0x1927,
    0x1927, 0x1927, 0x1927, 0x1927, 0x1927, 0x1927, 0x2127, 0x2127, 0x2127, 0x2127, 0x2147, 0x2147,
    0x2147, 0x2147, 0x2147, 0x2147, 0x2147, 0x2147, 0x2147, 0x2147, 0x2147, 0x2147, 0x2147, 0x1926,
    0x1905, 0x10A4, 0x0883, 0x1905, 0x2147, 0x2167, 0x2968, 0x2968, 0x2147, 0x2147, 0x2147, 0x2127,
    0x2127, 0x2127, 0x2127, 0x2147, 0x2168, 0x2988, 0x2988, 0x2989, 0x29A9, 0x29A9, 0x29A9, 0x29AA,
    0x29AA, 0x29AA, 0x29A9, 0x29A9, 0x2989, 0x2989, 0x2988, 0x2168, 0x2147, 0x1926, 0x10E5, 0x0883,
    0x10C4, 0x2126, 0x2147, 0x2988, 0x2988, 0x2989, 0x29A9, 0x2989, 0x2989, 0x31A9, 0x2989, 0x2989,
    0x31A9, 0x31A9, 0x31CA, 0x2167, 0x2127, 0x2968, 0x2968, 0x2988, 0x2988, 0x2988, 0x2988, 0x2988,
    0x2988, 0x2167, 0x2167, 0x2968, 0x2168, 0x2168, 0x2168, 0x2968, 0x2988, 0x2988, 0x2988, 0x2988,
    0x2988, 0x2968, 0x2168, 0x2168, 0x2167, 0x2147, 0x2147, 0x2147, 0x2147, 0x2147, 0x2167, 0x2147,
    0x2167, 0x2968, 0x2968, 0x2968, 0x2968, 0x2168, 0x2147, 0x10C4, 0x10A3, 0x10C4, 0x18E5, 0x1905,
    0x1905, 0x1926, 0x1926, 0x1927, 0x2127, 0x2147, 0x2147, 0x2168, 0x2968, 0x2988, 0x2989, 0x31A9,
    0x31A9, 0x31A9, 0x31CA, 0x6350, 0xA5B8, 0x9D77, 0x9D77, 0x9D57, 0x9556, 0xA597, 0xB639, 0xB63A,
    0xB63A, 0xB63A, 0xB63A, 0xB63A, 0xB63B, 0xB63A, 0xB65B, 0xB63B, 0xB63A, 0xB63A, 0xB63A, 0xB63A,
    0xB63A, 0xB63A, 0xB63B, 0xB65B, 0xB65B, 0xB63B, 0xB63A, 0x9D77, 0x9516, 0x8D15, 0x8CF5, 0x8CF5,
    0x8CD5, 0x8CF5, 0x8CD5, 0x8CF5, 0x8CD5, 0x8CD5, 0x8CD5, 0x8CD5, 0x84D4, 0x84D4, 0x84D4, 0x84B4,
    0x31E8, 0x1905, 0x1905, 0x1905, 0x1905, 0x1905, 0x1905, 0x2126, 0x1905, 0x1905, 0x1905, 0x1905,
    0x1905, 0x1905, 0x1905, 0x1905, 0x1905, 0x1905, 0x1905, 0x1906, 0x1906, 0x1926, 0x1927, 0x1927,
    0x2127, 0x1926, 0x1906, 0x1905, 0x10E5, 0x10E4, 0x10C4, 0x08C4, 0x0883, 0x0042, 0x0883, 0x10C4,
    0x10C4, 0x10C4, 0x10E5, 0x10E5, 0x18E5, 0x1905, 0x1906, 0x1906, 0x1906, 0x1926, 0x1926, 0x1926,
    0x1926, 0x1927, 0x1926, 0x1926, 0x1906, 0x1926, 0x1927, 0x1926, 0x1926, 0x1926, 0x1927, 0x1927,
    0x1927, 0x1927, 0x1927, 0x1927, 0x1927, 0x1927, 0x2147, 0x1927, 0x1927, 0x2127, 0x2127, 0x2147,
    0x2147, 0x2147, 0x2147, 0x2147, 0x2147, 0x2147, 0x2147, 0x2147, 0x2147, 0x2147, 0x2127, 0x2127,
    0x1906, 0x10E4, 0x0883, 0x0883, 0x2126, 0x2147, 0x2147, 0x2988, 0x2168, 0x2147, 0x2147, 0x2147,
    0x2127, 0x2127, 0x2127, 0x2147, 0x2167, 0x2988, 0x2988, 0x2989, 0x2989, 0x29A9, 0x29AA, 0x29AA,
    0x29A9, 0x29A9, 0x2989, 0x2989, 0x2989, 0x2969, 0x2968, 0x2148, 0x2127, 0x1906, 0x10C4, 0x0883,
    0x0883, 0x2126, 0x2167, 0x2988, 0x2988, 0x2989, 0x29A9, 0x2989, 0x2989, 0x31A9, 0x2989, 0x2989,
    0x31A9, 0x31A9, 0x31A9, 0x2126, 0x2147, 0x2168, 0x2988, 0x2988, 0x2988, 0x2988, 0x2988, 0x2988,
    0x2988, 0x2968, 0x2968, 0x2968, 0x2968, 0x2968, 0x2168, 0x2968, 0x2168, 0x2167, 0x2167, 0x2167,
    0x2167, 0x2168, 0x2147, 0x2147, 0x2167, 0x2147, 0x2147, 0x2167, 0x2168, 0x2167, 0x2167, 0x2168,
    0x2968, 0x2968, 0x2968, 0x2968, 0x2968, 0x2147, 0x2127, 0x08A3, 0x10A3, 0x10C4, 0x18E5, 0x1905,
    0x1905, 0x1926, 0x1906, 0x1926, 0x2127, 0x2147, 0x2147, 0x2147, 0x2968, 0x2988, 0x2989, 0x31A9,
    0x31A9, 0x29A9, 0x31CA, 0x4AAD, 0x9D77, 0x9D77, 0x9D77, 0x9D57, 0x9D56, 0xA5B8, 0xB63A, 0xB65A,
    0xB65A, 0xB65B, 0xB65B, 0xB63A, 0xB63A, 0xB63A, 0xB65B, 0xB65B, 0xB65B, 0xB63B, 0xB63B, 0xB65B,
    0xB65B, 0xB65B, 0xB65B, 0xB65B, 0xB65B, 0xB65B, 0xB65B, 0xA5B8, 0x8D15, 0x8D15, 0x8CF5, 0x8CF5,
    0x8CF5, 0x8CF5, 0x8CD5, 0x8CD5, 0x8CD5, 0x8CD5, 0x8CF5, 0x8CD5, 0x84D4, 0x8CD4, 0x8CD5, 0x8CD5,
    0x2167, 0x1905, 0x1905, 0x1905, 0x1905, 0x1905, 0x1925, 0x2126, 0x1905, 0x1905, 0x1905, 0x1905,
    0x18E5, 0x1905, 0x1905, 0x1905, 0x1905, 0x1905, 0x1905, 0x1905, 0x1906, 0x1906, 0x1906, 0x1927,
    0x2147, 0x1927, 0x1926, 0x1906, 0x1905, 0x10E5, 0x10C4, 0x10C4, 0x0883, 0x0062, 0x0863, 0x10A4,
    0x10C4, 0x10C4, 0x10C4, 0x18E5, 0x10E5, 0x1905, 0x1905, 0x1906, 0x1906, 0x1906, 0x1926, 0x1906,
    0x1906, 0x1926, 0x1906, 0x1926, 0x1926, 0x1926, 0x1926, 0x1906, 0x1926, 0x1906, 0x1926, 0x1926,
    0x1926, 0x1927, 0x1927, 0x1927, 0x1927, 0x1927, 0x1927, 0x1927, 0x1927, 0x2127, 0x2127, 0x2147,
    0x2147, 0x2147, 0x2147, 0x2147, 0x2147, 0x2147, 0x2147, 0x2147, 0x2147, 0x2147, 0x2147, 0x2127,
    0x1926, 0x1905, 0x10E4, 0x0883, 0x10C4, 0x2147, 0x2147, 0x2168, 0x2168, 0x2167, 0x2147, 0x2147,
    0x2147, 0x2147, 0x2127, 0x2147, 0x2167, 0x2988, 0x2988, 0x2989, 0x2989, 0x29A9, 0x29A9, 0x29AA,
    0x29A9, 0x2989, 0x2989, 0x2989, 0x2989, 0x2968, 0x2168, 0x2148, 0x2147, 0x1906, 0x10C4, 0x0883,
    0x10C4, 0x2147, 0x2968, 0x2968, 0x2988, 0x29A9, 0x29A9, 0x2989, 0x2989, 0x31A9, 0x29A9, 0x31A9,
    0x2989, 0x31C9, 0x2147, 0x1926, 0x2147, 0x2168, 0x2168, 0x2968, 0x2968, 0x2168, 0x2147, 0x1926,
    0x2988, 0x2988, 0x2168, 0x2147, 0x2147, 0x2147, 0x2147, 0x2167, 0x2168, 0x2167, 0x2168, 0x2168,
    0x2167, 0x2968, 0x2968, 0x2168, 0x2968, 0x2168, 0x2167, 0x2168, 0x2168, 0x2968, 0x2168, 0x2168,
    0x2988, 0x2988, 0x2968, 0x2988, 0x2968, 0x2147, 0x1926, 0x0883, 0x10A3, 0x10C4, 0x18E5, 0x1905,
    0x1905, 0x1906, 0x1926, 0x1927, 0x2127, 0x2127, 0x2147, 0x2147, 0x2968, 0x29A9, 0x29A9, 0x31C9,
    0x31C9, 0x29A9, 0x31A9, 0x3A2B, 0x8CD5, 0xA597, 0x9D56, 0x9D57, 0x9D57, 0xA5B8, 0xB63A, 0xB65A,
    0xB65A, 0xB65B, 0xB65B, 0xB65B, 0xB65A, 0xB65B, 0xB65B, 0xB65B, 0xB65B, 0xB63B, 0xB65B, 0xB65B,
    0xB65B, 0xB65B, 0xB65B, 0xB65B, 0xB65B, 0xB65B, 0xB65A, 0x9D98, 0x9516, 0x9516, 0x8CF5, 0x8CF5,
    0x8CF5, 0x8CF5, 0x8CF5, 0x8CD5, 0x8CD5, 0x8CD5, 0x8CD5, 0x8CD5, 0x8CD5, 0x84D4, 0x8CD5, 0x8CD5,
    0x2166, 0x1905, 0x1905, 0x18E5, 0x1905, 0x1905, 0x1926, 0x1926, 0x1905, 0x18E5, 0x1905, 0x1905,
    0x1905, 0x18E5, 0x1905, 0x1905, 0x1905, 0x1905, 0x1905, 0x1905, 0x1906, 0x1906, 0x1906, 0x1906,
    0x1927, 0x1926, 0x2127, 0x1926, 0x1906, 0x10E5, 0x10C4, 0x10C4, 0x0883, 0x0062, 0x0042, 0x10A4,
    0x10A4, 0x10C4, 0x10E5, 0x10E5, 0x10E5, 0x1105, 0x1905, 0x1906, 0x1906, 0x1906, 0x1926, 0x1926,
    0x1926, 0x1927, 0x1906, 0x1926, 0x1906, 0x1906, 0x1926, 0x1926, 0x1926, 0x1926, 0x1926, 0x1926,
    0x1926, 0x1926, 0x1927, 0x1926, 0x1926, 0x1926, 0x1927, 0x1927, 0x2127, 0x2147, 0x2147, 0x2147,
    0x2147, 0x2147, 0x2147, 0x2147, 0x2147, 0x2147, 0x2147, 0x2167, 0x2147, 0x2147, 0x2147, 0x2127,
    0x1927, 0x1926, 0x18E5, 0x10C4, 0x0863, 0x18E5, 0x2167, 0x2168, 0x2168, 0x2968, 0x2147, 0x2147,
    0x2147, 0x2147, 0x2147, 0x2147, 0x2147, 0x2168, 0x2988, 0x2989, 0x2989, 0x29AA, 0x29A9, 0x2989,
    0x2989, 0x2989, 0x2989, 0x2989, 0x2989, 0x2968, 0x2168, 0x2147, 0x2127, 0x1906, 0x10C4, 0x0883,
    0x10E5, 0x2147, 0x2968, 0x2988, 0x2989, 0x2989, 0x2989, 0x2989, 0x2989, 0x2989, 0x2989, 0x31A9,
    0x31A9, 0x29A9, 0x1926, 0x2147, 0x2167, 0x2168, 0x2168, 0x2168, 0x2968, 0x2168, 0x2167, 0x1926,
    0x2147, 0x2968, 0x2988, 0x2968, 0x2167, 0x2167, 0x2167, 0x2167, 0x2167, 0x2968, 0x2968, 0x2968,
    0x2968, 0x2168, 0x2988, 0x2988, 0x2988, 0x2168, 0x2168, 0x2168, 0x2968, 0x2988, 0x2988, 0x2968,
    0x2988, 0x2988, 0x2988, 0x2988, 0x2968, 0x2147, 0x1906, 0x0883, 0x10A3, 0x10C4, 0x18E5, 0x1905,
    0x1905, 0x1905, 0x1926, 0x1926, 0x2127, 0x2127, 0x2147, 0x2147, 0x2168, 0x29A9, 0x31A9, 0x31C9,
    0x31CA, 0x29A8, 0x29A9, 0x31EA, 0x6BF1, 0xA5B8, 0x9556, 0x9D57, 0x9D57, 0xA597, 0xB619, 0xB63A,
    0xB65A, 0xB65A, 0xB65A, 0xB65A, 0xB65A, 0xB65B, 0xB65B, 0xB65B, 0xB65B, 0xB65B, 0xB65B, 0xB65B,
    0xB65B, 0xB65B, 0xB65B, 0xB65B, 0xB65A, 0xB65A, 0xB63A, 0x9D98, 0x9536, 0x9516, 0x8D16, 0x9515,
    0x9516, 0x9516, 0x8CF5, 0x8CF5, 0x8CF5, 0x8CD5, 0x8CD5, 0x8CD5, 0x8CD5, 0x8CD5, 0x8CF5, 0x8CD5,
    0x2146, 0x1905, 0x18E5, 0x1905, 0x1905, 0x1905, 0x2146, 0x1926, 0x1905, 0x18E5, 0x1905, 0x1905,
    0x1905, 0x1905, 0x1905, 0x1905, 0x1905, 0x1905, 0x1905, 0x1905, 0x1905, 0x10E5, 0x1905, 0x1906,
    0x1906, 0x1926, 0x1906, 0x1926, 0x1926, 0x1905, 0x10E5, 0x10C4, 0x08A3, 0x0062, 0x0042, 0x1083,
    0x10A4, 0x10C4, 0x10C4, 0x10E5, 0x18E5, 0x10E5, 0x1905, 0x1905, 0x1905, 0x1906, 0x1906, 0x1906,
    0x1906, 0x1926, 0x1906, 0x1906, 0x1906, 0x1926, 0x1906, 0x1906, 0x1906, 0x1926, 0x1926, 0x1926,
    0x1906, 0x1927, 0x1927, 0x1927, 0x1927, 0x1927, 0x1927, 0x2127, 0x2127, 0x2127, 0x2147, 0x2147,
    0x2147, 0x2147, 0x2147, 0x2147, 0x2147, 0x2147, 0x2147, 0x2147, 0x2147, 0x2147, 0x2127, 0x2147,
    0x2147, 0x1926, 0x1905, 0x10E4, 0x10A3, 0x0882, 0x1906, 0x2167, 0x2167, 0x2168, 0x2168, 0x2147,
    0x2147, 0x2147, 0x2147, 0x2147, 0x2147, 0x2147, 0x2968, 0x2988, 0x2968, 0x2989, 0x2989, 0x2989,
    0x2989, 0x2989, 0x2989, 0x2989, 0x2988, 0x2168, 0x2168, 0x2147, 0x2127, 0x1905, 0x10C4, 0x08A3,
    0x1905, 0x2147, 0x2968, 0x2988, 0x2989, 0x2989, 0x31A9, 0x2989, 0x2989, 0x2989, 0x31A9, 0x31A9,
    0x31C9, 0x2147, 0x1906, 0x2147, 0x2167, 0x2168, 0x2167, 0x2168, 0x2168, 0x2168, 0x2168, 0x1927,
    0x2967, 0x2988, 0x2988, 0x2988, 0x2168, 0x2167, 0x2167, 0x2168, 0x2167, 0x2168, 0x2968, 0x2988,
    0x2968, 0x2988, 0x2988, 0x2968, 0x2988, 0x2968, 0x2968, 0x2168, 0x2968, 0x2968, 0x2968, 0x2988,
    0x2988, 0x2988, 0x2988, 0x2988, 0x2147, 0x2147, 0x1905, 0x0883, 0x08A3, 0x10C4, 0x18E5, 0x1905,
    0x1905, 0x1905, 0x1926, 0x1926, 0x2127, 0x1927, 0x2127, 0x2147, 0x2147, 0x2988, 0x31A9, 0x31CA,
    0x31EA, 0x31A9, 0x29A8, 0x31A9, 0x530E, 0x9D97, 0x9D56, 0x9D77, 0x9D57, 0x9D97, 0xAE19, 0xAE3A,
    0xAE3A, 0xB65A, 0xB65A, 0xB65A, 0xB65A, 0xB65A, 0xB65B, 0xB65B, 0xB65B, 0xB65A, 0xB65A, 0xB65A,
    0xB65A, 0xB63A, 0xB63A, 0xB65A, 0xB65A, 0xB63A, 0xB63A, 0xADF9, 0x9D77, 0x9536, 0x8D16, 0x8CF5,
    0x8D16, 0x9516, 0x9516, 0x8D16, 0x8D15, 0x8CF5, 0x8CF5, 0x8CD5, 0x8CF5, 0x8CF5, 0x8CD5, 0x8CD5,
    0x2146, 0x1905, 0x18E5, 0x1905, 0x1905, 0x1905, 0x2146, 0x1926, 0x1905, 0x18E5, 0x1905, 0x1905,
    0x1905, 0x1905, 0x1905, 0x1905, 0x1905, 0x1905, 0x1905, 0x1905, 0x1905, 0x1905, 0x1905, 0x1905,
    0x1906, 0x1906, 0x1906, 0x1906, 0x1905, 0x1905, 0x10E5, 0x10E4, 0x08A4, 0x0862, 0x0041, 0x0883,
    0x10A4, 0x10A4, 0x10C4, 0x10E5, 0x10E5, 0x10E5, 0x1905, 0x1905, 0x1905, 0x1906, 0x1906, 0x1906,
    0x1906, 0x1906, 0x1906, 0x1906, 0x1906, 0x1926, 0x1926, 0x1926, 0x1926, 0x1906, 0x1926, 0x1926,
    0x1926, 0x1926, 0x1926, 0x1927, 0x1927, 0x2127, 0x1926, 0x1927, 0x2127, 0x2127, 0x2147, 0x2147,
    0x2147, 0x2127, 0x2147, 0x2147, 0x2147, 0x2147, 0x2147, 0x2147, 0x2147, 0x2147, 0x2147, 0x2147,
    0x2147, 0x1927, 0x1906, 0x1905, 0x10E4, 0x0883, 0x0883, 0x2126, 0x2147, 0x2167, 0x2168, 0x2168,
    0x2147, 0x2147, 0x2147, 0x2147, 0x2147, 0x2147, 0x2168, 0x2988, 0x2968, 0x2989, 0x2989, 0x2989,
    0x2989, 0x2989, 0x2989, 0x2989, 0x2168, 0x2168, 0x2147, 0x2147, 0x1926, 0x18E5, 0x10A4, 0x08A3,
    0x1906, 0x2147, 0x2968, 0x2988, 0x2989, 0x29A9, 0x29A9, 0x2989, 0x29A9, 0x2989, 0x31A9, 0x31A9,
    0x2988, 0x1906, 0x1926, 0x2147, 0x2168, 0x2168, 0x2168, 0x2168, 0x2168, 0x2168, 0x2968, 0x2147,
    0x2167, 0x2988, 0x2988, 0x2988, 0x2968, 0x2168, 0x2167, 0x2968, 0x2988, 0x2168, 0x2968, 0x2988,
    0x2988, 0x2988, 0x2968, 0x2988, 0x2968, 0x2968, 0x2168, 0x2988, 0x2988, 0x2988, 0x2988, 0x2988,
    0x2988, 0x2988, 0x2988, 0x2147, 0x2147, 0x2147, 0x10E5, 0x0862, 0x10A3, 0x10C4, 0x18E5, 0x1905,
    0x1905, 0x1925, 0x1926, 0x1926, 0x1926, 0x2127, 0x2147, 0x2147, 0x2147, 0x2988, 0x31CA, 0x31EA,
    0x31EA, 0x31C9, 0x2988, 0x29A9, 0x426C, 0x9536, 0x9D77, 0x9D77, 0x9D77, 0x9D97, 0xAE19, 0xB63A,
    0xAE3A, 0xB63A, 0xB63A, 0xAE3A, 0xB63A, 0xB65A, 0xB65A, 0xB65A, 0xB65A, 0xB63A, 0xB63A, 0xB65A,
    0xB63A, 0xB63A, 0xB63A, 0xB63A, 0xB63A, 0xB63A, 0xB63A, 0xB63A, 0xAE19, 0xADD9, 0xA5B8, 0x9D98,
    0x9D57, 0x9536, 0x9516, 0x8D16, 0x8CF5, 0x9516, 0x8D16, 0x8D15, 0x9516, 0x8CF5, 0x8CF5, 0x8CF5,
    0x2146, 0x1905, 0x1905, 0x1905, 0x1905, 0x1926, 0x2167, 0x1926, 0x1905, 0x1905, 0x1905, 0x1905,
    0x1905, 0x18E5, 0x1905, 0x1905, 0x18E5, 0x1905, 0x1905, 0x1905, 0x1905, 0x18E5, 0x1905, 0x18E5,
    0x1905, 0x1905, 0x1906, 0x1906, 0x1905, 0x10E5, 0x10E4, 0x10C4, 0x08A3, 0x0883, 0x0042, 0x0863,
    0x10A4, 0x10C4, 0x10C4, 0x10C4, 0x18E5, 0x10E5, 0x10E5, 0x1105, 0x1905, 0x1905, 0x1906, 0x1906,
    0x1906, 0x1906, 0x1906, 0x1906, 0x1906, 0x1906, 0x1926, 0x1906, 0x1926, 0x1926, 0x1926, 0x1926,
    0x1926, 0x1926, 0x1906, 0x1927, 0x1926, 0x1926, 0x1927, 0x1927, 0x1927, 0x2127, 0x2127, 0x2127,
    0x2147, 0x2147, 0x2147, 0x2147, 0x2147, 0x2147, 0x2147, 0x2147, 0x2147, 0x2147, 0x2147, 0x2127,
    0x2127, 0x1926, 0x1926, 0x1906, 0x10E5, 0x10A4, 0x0062, 0x10A3, 0x2147, 0x2147, 0x2147, 0x2968,
    0x2168, 0x2147, 0x2147, 0x2147, 0x2147, 0x2147, 0x2168, 0x2988, 0x2968, 0x2968, 0x2989, 0x2989,
    0x2989, 0x2989, 0x2989, 0x2989, 0x2168, 0x2148, 0x2147, 0x2127, 0x1906, 0x10E5, 0x10A4, 0x10A4,
    0x1926, 0x2147, 0x2968, 0x2988, 0x2989, 0x29A9, 0x2989, 0x2989, 0x2989, 0x31A9, 0x29A9, 0x31A9,
    0x2147, 0x1906, 0x2147, 0x2147, 0x2167, 0x2167, 0x2168, 0x2168, 0x2168, 0x2168, 0x2988, 0x2147,
    0x2147, 0x2968, 0x2988, 0x2988, 0x2968, 0x2168, 0x2168, 0x2168, 0x2168, 0x2968, 0x2968, 0x2988,
    0x2988, 0x2988, 0x2988, 0x2988, 0x2968, 0x2968, 0x2168, 0x2968, 0x2988, 0x2988, 0x2988, 0x2988,
    0x2168, 0x2168, 0x2988, 0x2988, 0x2167, 0x2127, 0x10C4, 0x0062, 0x0883, 0x10C4, 0x18E5, 0x1905,
    0x1905, 0x1905, 0x1905, 0x1906, 0x1926, 0x2127, 0x2127, 0x2147, 0x2147, 0x2968, 0x31C9, 0x31CA,
    0x39EB, 0x31CA, 0x2988, 0x29A9, 0x31EA, 0x8494, 0xA597, 0x9D57, 0x9D77, 0x9D77, 0xADF9, 0xB63A,
    0xB63A, 0xB63A, 0xB63A, 0xB63A, 0xB63A, 0xB63A, 0xB65A, 0xB63A, 0xB63A, 0xB63A, 0xB63A, 0xB63A,
    0xB65A, 0xB65A, 0xB65A, 0xB65A, 0xB63A, 0xB63A, 0xB63A, 0xB63A, 0xB61A, 0xB61A, 0xB61A, 0xB61A,
    0xAE19, 0xADF9, 0xA5B8, 0x9D77, 0x9556, 0x9536, 0x9536, 0x9516, 0x8D16, 0x9516, 0x9516, 0x9516,
    0x2146, 0x1905, 0x1905, 0x1905, 0x1905, 0x2146, 0x2167, 0x1905, 0x1905, 0x1905, 0x1905, 0x1905,
    0x18E5, 0x18E5, 0x18E5, 0x18E5, 0x18E5, 0x1905, 0x10E5, 0x1905, 0x1905, 0x1905, 0x18E5, 0x18E5,
    0x1905, 0x1905, 0x1905, 0x1905, 0x1905, 0x10E5, 0x10C4, 0x10C4, 0x08A3, 0x0862, 0x0042, 0x0862,
    0x10A4, 0x10A4, 0x10A4, 0x10C4, 0x18E5, 0x18E5, 0x10E5, 0x1905, 0x1905, 0x1905, 0x1905, 0x1906,
    0x1906, 0x1906, 0x1906, 0x1906, 0x1906, 0x1906, 0x1906, 0x1906, 0x1906, 0x1926, 0x1926, 0x1906,
    0x1926, 0x1926, 0x1926, 0x1906, 0x1906, 0x1906, 0x1927, 0x1927, 0x1927, 0x2127, 0x1927, 0x1927,
    0x2127, 0x2127, 0x2147, 0x2147, 0x2147, 0x2147, 0x2147, 0x2147, 0x2147, 0x2147, 0x2147, 0x2147,
    0x2147, 0x1927, 0x1926, 0x1926, 0x1905, 0x10E4, 0x0883, 0x0042, 0x10C4, 0x2147, 0x2147, 0x2168,
    0x2168, 0x2147, 0x2147, 0x2147, 0x2147, 0x2147, 0x2167, 0x2968, 0x2988, 0x2168, 0x2989, 0x2989,
    0x2989, 0x2989, 0x2989, 0x2989, 0x2968, 0x2168, 0x2147, 0x1926, 0x1906, 0x10E5, 0x08A3, 0x10C4,
    0x2147, 0x2147, 0x2968, 0x2988, 0x2989, 0x2989, 0x2989, 0x2989, 0x2989, 0x2989, 0x31A9, 0x2988,
    0x1906, 0x2126, 0x2147, 0x2147, 0x2167, 0x2167, 0x2168, 0x2168, 0x2168, 0x2168, 0x2988, 0x2147,
    0x2147, 0x2968, 0x2988, 0x2988, 0x2988, 0x2988, 0x2968, 0x2968, 0x2988, 0x2968, 0x2168, 0x2968,
    0x2988, 0x2988, 0x2988, 0x2988, 0x2988, 0x2988, 0x2988, 0x2968, 0x2167, 0x2167, 0x2168, 0x2988,
    0x29A8, 0x29A9, 0x29A9, 0x2988, 0x2147, 0x1926, 0x08A3, 0x0062, 0x0883, 0x10A4, 0x18E5, 0x1905,
    0x1905, 0x1905, 0x1925, 0x1906, 0x1926, 0x1927, 0x2127, 0x2147, 0x2147, 0x2168, 0x29A9, 0x31EA,
    0x3A0B, 0x39EB, 0x29A9, 0x2989, 0x29A9, 0x6BD1, 0xA5B8, 0x9D56, 0x9D77, 0x9D77, 0xADF9, 0xB63A,
    0xB63A, 0xB63A, 0xB63A, 0xB63A, 0xB63A, 0xB63A, 0xB63A, 0xB63A, 0xB65A, 0xB63A, 0xB65A, 0xB65A,
    0xB65A, 0xB65A, 0xB65A, 0xB65A, 0xB63A, 0xB63A, 0xB63A, 0xB63A, 0xB63A, 0xB61A, 0xB61A, 0xAE19,
    0xAE19, 0xAE19, 0xB61A, 0xB61A, 0xAE19, 0xADD9, 0xA5B8, 0x9D77, 0x9D77, 0x9D57, 0x9557, 0x9536,
    0x2146, 0x1925, 0x1905, 0x1905, 0x1926, 0x2147, 0x2146, 0x1905, 0x18E5, 0x1905, 0x1905, 0x1905,
    0x1905, 0x18E5, 0x18E5, 0x18E5, 0x18E5, 0x18E5, 0x1905, 0x10E5, 0x10E5, 0x1905, 0x18E5, 0x18E5,
    0x1905, 0x1905, 0x1905, 0x1905, 0x10E5, 0x10E4, 0x10C4, 0x08C4, 0x08A3, 0x0082, 0x0042, 0x0062,
    0x08A4, 0x10A4, 0x10A4, 0x10C4, 0x10C4, 0x10E5, 0x10E5, 0x10E5, 0x1105, 0x1905, 0x1905, 0x1906,
    0x1906, 0x1906, 0x1906, 0x1906, 0x1906, 0x1906, 0x1926, 0x1906, 0x1926, 0x1926, 0x1906, 0x1906,
    0x1906, 0x1906, 0x1906, 0x1926, 0x1926, 0x1926, 0x1926, 0x1927, 0x1927, 0x1927, 0x1927, 0x2127,
    0x1927, 0x1926, 0x2127, 0x2127, 0x2127, 0x2147, 0x2147, 0x2147, 0x2147, 0x2147, 0x2147, 0x2127,
    0x2127, 0x2127, 0x1927, 0x1926, 0x1906, 0x1905, 0x10C4, 0x0882, 0x0062, 0x1906, 0x2147, 0x2147,
    0x2168, 0x2168, 0x2147, 0x2147, 0x2147, 0x2147, 0x2167, 0x2168, 0x2988, 0x2168, 0x2168, 0x2989,
    0x2969, 0x2989, 0x2989, 0x2989, 0x2968, 0x2148, 0x2147, 0x1926, 0x1905, 0x10C4, 0x08A3, 0x10E5,
    0x2147, 0x2147, 0x2968, 0x2988, 0x2989, 0x2989, 0x2989, 0x2989, 0x2989, 0x2989, 0x29A9, 0x2147,
    0x1906, 0x2147, 0x2147, 0x2147, 0x2167, 0x2147, 0x2168, 0x2167, 0x2168, 0x2168, 0x2968, 0x2147,
    0x2147, 0x2968, 0x2988, 0x2988, 0x2988, 0x2988, 0x2968, 0x2168, 0x2968, 0x2968, 0x2968, 0x2988,
    0x2988, 0x2988, 0x2988, 0x2168, 0x2167, 0x2147, 0x2167, 0x2968, 0x2968, 0x2988, 0x31A9, 0x31A9,
    0x2988, 0x2988, 0x2988, 0x2167, 0x2147, 0x1926, 0x0883, 0x0062, 0x0883, 0x10A4, 0x18C5, 0x1905,
    0x1905, 0x1905, 0x1925, 0x1906, 0x1906, 0x1926, 0x2127, 0x2127, 0x2147, 0x2148, 0x2988, 0x31CA,
    0x3A2B, 0x3A0B, 0x29A9, 0x2988, 0x2989, 0x530E, 0xA597, 0x9D57, 0x9D77, 0x9D77, 0xA5D8, 0xB61A,
    0xB63A, 0xB63A, 0xB63A, 0xB63A, 0xB65A, 0xB65A, 0xB65A, 0xB65A, 0xB65A, 0xB65B, 0xB65A, 0xB65A,
    0xB65A, 0xB65A, 0xB65A, 0xB65A, 0xB63A, 0xB63A, 0xB63A, 0xB63A, 0xB61A, 0xB63A, 0xB63A, 0xB63A,
    0xAE19, 0xAE19, 0xADF9, 0xADF9, 0xADF9, 0xADF9, 0xADF9, 0xADF9, 0xAE19, 0xADF9, 0xA5D8, 0xA5B8,
    0x2146, 0x1925, 0x1905, 0x1905, 0x1926, 0x2167, 0x2126, 0x1905, 0x1905, 0x1905, 0x1905, 0x1905,
    0x1905, 0x1905, 0x1905, 0x18E5, 0x18E5, 0x18E5, 0x1905, 0x10E5, 0x10E5, 0x1905, 0x1905, 0x1905,
    0x1905, 0x1905, 0x1905, 0x18E5, 0x10E5, 0x10E5, 0x10C4, 0x10C4, 0x08A3, 0x0883, 0x0062, 0x0042,
    0x08A3, 0x08A4, 0x10A4, 0x10C4, 0x10C4, 0x10E5, 0x10E5, 0x18E5, 0x10E5, 0x1905, 0x1905, 0x1905,
    0x1905, 0x1906, 0x1906, 0x1906, 0x1926, 0x1926, 0x1906, 0x1906, 0x1906, 0x1906, 0x1926, 0x1906,
    0x1906, 0x1906, 0x1906, 0x1926, 0x1926, 0x1906, 0x1926, 0x1926, 0x1927, 0x2127, 0x1926, 0x1927,
    0x1926, 0x1927, 0x2127, 0x2127, 0x2127, 0x2147, 0x2147, 0x2147, 0x2127, 0x2147, 0x2147, 0x2147,
    0x2127, 0x2127, 0x1927, 0x1926, 0x1926, 0x1905, 0x10E5, 0x10C4, 0x0062, 0x0883, 0x2126, 0x2147,
    0x2167, 0x2168, 0x2167, 0x2147, 0x2147, 0x2147, 0x2167, 0x2167, 0x2968, 0x2168, 0x2168, 0x2988,
    0x2989, 0x2989, 0x2989, 0x2968, 0x2168, 0x2148, 0x2147, 0x1926, 0x10E5, 0x10C4, 0x08A3, 0x1906,
    0x2147, 0x2968, 0x2988, 0x2988, 0x2988, 0x2989, 0x2989, 0x2989, 0x2989, 0x29A9, 0x2968, 0x1905,
    0x1926, 0x2147, 0x2147, 0x2168, 0x2168, 0x2147, 0x2168, 0x2167, 0x2167, 0x2168, 0x2988, 0x2168,
    0x2147, 0x2968, 0x2968, 0x2988, 0x2988, 0x2968, 0x2968, 0x2968, 0x2968, 0x2968, 0x2167, 0x2147,
    0x2147, 0x2147, 0x2147, 0x2167, 0x2968, 0x2988, 0x29A9, 0x31A9, 0x31A9, 0x2988, 0x2988, 0x2988,
    0x2968, 0x2988, 0x2988, 0x2147, 0x2127, 0x1906, 0x0883, 0x0062, 0x0083, 0x10A4, 0x18C4, 0x18E5,
    0x1905, 0x1905, 0x1905, 0x1926, 0x1926, 0x1926, 0x1927, 0x2147, 0x2147, 0x2147, 0x2988, 0x31C9,
    0x3A0B, 0x424C, 0x31CA, 0x2988, 0x29A9, 0x426C, 0x9D57, 0x9D77, 0x9D77, 0x9D77, 0xA5D9, 0xB61A,
    0xB63A, 0xB63A, 0xB63A, 0xB63A, 0xB63A, 0xB65A, 0xB65A, 0xB65A, 0xB65A, 0xB63A, 0xB65A, 0xB65B,
    0xB65A, 0xB65A, 0xB65A, 0xB63A, 0xB63A, 0xB63A, 0xB63A, 0xB63A, 0xB63A, 0xB63A, 0xB63A, 0xB63A,
    0xAE19, 0xADD9, 0xADD9, 0xADF9, 0xADF9, 0xAE19, 0xB61A, 0xB61A, 0xB61A, 0xB61A, 0xB61A, 0xAE19,
    0x2146, 0x1925, 0x1905, 0x1926, 0x2146, 0x2167, 0x1926, 0x1905, 0x1905, 0x1905, 0x1905, 0x1905,
    0x1905, 0x1905, 0x18E5, 0x18E5, 0x18E5, 0x1905, 0x1905, 0x1905, 0x10E5, 0x18E5, 0x18E5, 0x1905,
    0x1905, 0x1905, 0x18E5, 0x10E5, 0x10E5, 0x18E5, 0x10E5, 0x10C4, 0x08A3, 0x0883, 0x0062, 0x0042,
    0x0883, 0x08A3, 0x10A4, 0x10C4, 0x10C4, 0x10C4, 0x10E5, 0x10E5, 0x10E5, 0x1905, 0x1905, 0x1905,
    0x1905, 0x1905, 0x1905, 0x1905, 0x1905, 0x1926, 0x1906, 0x1906, 0x1906, 0x1906, 0x1906, 0x1906,
    0x1906, 0x1906, 0x1906, 0x1906, 0x1926, 0x1926, 0x1926, 0x1926, 0x1927, 0x1927, 0x1927, 0x1927,
    0x1926, 0x1927, 0x1927, 0x1927, 0x2147, 0x2127, 0x2147, 0x2147, 0x2147, 0x2147, 0x2147, 0x2147,
    0x2147, 0x2147, 0x1927, 0x1927, 0x1926, 0x1906, 0x1905, 0x10C4, 0x08A3, 0x0062, 0x10C4, 0x2147,
    0x2147, 0x2167, 0x2168, 0x2167, 0x2147, 0x2147, 0x2147, 0x2167, 0x2988, 0x2988, 0x2168, 0x2968,
    0x2968, 0x2968, 0x2968, 0x2168, 0x2168, 0x2147, 0x2127, 0x1906, 0x10E5, 0x08C4, 0x08A4, 0x1926,
    0x2147, 0x2168, 0x2988, 0x2988, 0x2988, 0x2989, 0x2989, 0x2989, 0x2989, 0x29A9, 0x2126, 0x1905,
    0x2147, 0x2147, 0x2167, 0x2147, 0x2167, 0x2167, 0x2147, 0x2147, 0x2147, 0x2167, 0x2168, 0x2167,
    0x2147, 0x2968, 0x2968, 0x2968, 0x2167, 0x2147, 0x2147, 0x2147, 0x2147, 0x2147, 0x2167, 0x2968,
    0x2988, 0x2988, 0x29A8, 0x29A9, 0x2988, 0x2988, 0x2988, 0x2968, 0x2988, 0x2988, 0x2968, 0x2968,
    0x2988, 0x2988, 0x2988, 0x2167, 0x2127, 0x1905, 0x0882, 0x0882, 0x0883, 0x10A4, 0x10C4, 0x18E5,
    0x18E5, 0x1905, 0x1905, 0x1905, 0x1906, 0x1926, 0x1927, 0x2127, 0x2147, 0x2147, 0x2968, 0x29A9,
    0x3A0B, 0x426C, 0x3A0A, 0x29A8, 0x29A9, 0x320B, 0x8CD5, 0xA597, 0x9D77, 0x9D77, 0xADF9, 0xB61A,
    0xAE19, 0xB63A, 0xB63A, 0xB61A, 0xB63A, 0xB63A, 0xB63A, 0xB63A, 0xB65A, 0xB63A, 0xB65A, 0xB63A,
    0xB63A, 0xB63A, 0xB65A, 0xB63A, 0xB63A, 0xB63A, 0xB63A, 0xB63A, 0xB61A, 0xAE19, 0xADF9, 0xAE19,
    0xAE19, 0xAE19, 0xB61A, 0xB63A, 0xB61A, 0xAE19, 0xAE19, 0xB619, 0xB61A, 0xB63A, 0xB61A, 0xB61A,
    0x2126, 0x2125, 0x1925, 0x1925, 0x2146, 0x2167, 0x1905, 0x18E5, 0x1905, 0x1905, 0x1905, 0x1905,
    0x1905, 0x1905, 0x18E5, 0x18E5, 0x1905, 0x1905, 0x1905, 0x18E5, 0x18E5, 0x10E5, 0x1905, 0x1905,
    0x1905, 0x1905, 0x1905, 0x10E5, 0x18E5, 0x10E5, 0x10E5, 0x10C4, 0x08A3, 0x0883, 0x0062, 0x0042,
    0x0883, 0x08A4, 0x10A4, 0x10A4, 0x10C4, 0x10C4, 0x10C4, 0x10E5, 0x10E5, 0x10E5, 0x10E5, 0x10E5,
    0x1905, 0x1905, 0x10E5, 0x1905, 0x1905, 0x1905, 0x1906, 0x1905, 0x1906, 0x1906, 0x1906, 0x1906,
    0x1926, 0x1906, 0x1906, 0x1906, 0x1926, 0x1926, 0x1906, 0x1927, 0x1926, 0x1926, 0x1926, 0x1926,
    0x1926, 0x1927, 0x1927, 0x1927, 0x2127, 0x1927, 0x1927, 0x2127, 0x2147, 0x2147, 0x2147, 0x2147,
    0x2147, 0x2147, 0x2127, 0x2127, 0x1926, 0x1926, 0x1906, 0x10E5, 0x10C4, 0x0883, 0x0062, 0x18E5,
    0x2147, 0x2147, 0x2167, 0x2168, 0x2168, 0x2147, 0x2167, 0x2167, 0x2168, 0x2988, 0x2168, 0x2167,
    0x2168, 0x2968, 0x2968, 0x2168, 0x2168, 0x2147, 0x1926, 0x1906, 0x10E5, 0x08A3, 0x10C4, 0x2127,
    0x2147, 0x2968, 0x2988, 0x2988, 0x2989, 0x29A9, 0x2989, 0x2988, 0x2989, 0x2988, 0x18E5, 0x1906,
    0x2147, 0x2147, 0x2147, 0x2168, 0x2147, 0x2147, 0x2147, 0x2147, 0x2127, 0x2147, 0x2147, 0x2147,
    0x2127, 0x2167, 0x2147, 0x2147, 0x2147, 0x2167, 0x2968, 0x2988, 0x2988, 0x29A9, 0x29A9, 0x29A9,
    0x29A8, 0x2988, 0x2988, 0x2988, 0x2968, 0x2968, 0x2988, 0x2988, 0x2988, 0x2988, 0x2988, 0x2988,
    0x2988, 0x2988, 0x2167, 0x2147, 0x2127, 0x18E5, 0x0882, 0x0882, 0x0862, 0x08A4, 0x10C4, 0x18E5,
    0x18E5, 0x1105, 0x1905, 0x1905, 0x1906, 0x1906, 0x1926, 0x1927, 0x2147, 0x2147, 0x2168, 0x2988,
    0x31CA, 0x426C, 0x3A2B, 0x31A9, 0x29A9, 0x31C9, 0x7C53, 0xA5B8, 0x9D57, 0x9D77, 0xADD8, 0xAE19,
    0xB619, 0xB619, 0xB63A, 0xB61A, 0xB61A, 0xAE1A, 0xB63A, 0xB63A, 0xB65A, 0xB65A, 0xB63A, 0xB63A,
    0xB63A, 0xB63A, 0xB63A, 0xB65B, 0xB63A, 0xB63A, 0xB61A, 0xAE19, 0xADF9, 0xAE19, 0xB63A, 0xB63A,
    0xB63A, 0xB63A, 0xB63A, 0xB61A, 0xB63A, 0xB61A, 0xB61A, 0xB61A, 0xB61A, 0xB63A, 0xB61A, 0xB61A,
    0x2146, 0x1905, 0x1925, 0x1905, 0x2167, 0x2147, 0x1905, 0x1905, 0x1905, 0x1905, 0x1905, 0x1905,
    0x1905, 0x1905, 0x1905, 0x1905, 0x10E5, 0x10E5, 0x10E5, 0x18E5, 0x18E5, 0x10E5, 0x10E5, 0x10E5,
    0x10E5, 0x10E5, 0x1105, 0x1905, 0x10E5, 0x10E5, 0x10E5, 0x10C4, 0x08A3, 0x0883, 0x0062, 0x0042,
    0x0863, 0x08A3, 0x08A4, 0x10A4, 0x10C4, 0x10C4, 0x10C4, 0x10E5, 0x10E5, 0x10E5, 0x10E5, 0x10E5,
    0x10E5, 0x18E5, 0x18E5, 0x18E5, 0x1905, 0x1905, 0x1905, 0x1905, 0x1905, 0x1906, 0x1906, 0x1906,
    0x1906, 0x1906, 0x1906, 0x1926, 0x1926, 0x1926, 0x1926, 0x1926, 0x1926, 0x1926, 0x1926, 0x1927,
    0x1926, 0x1927, 0x1927, 0x2127, 0x1927, 0x1927, 0x1927, 0x2147, 0x2147, 0x2147, 0x2147, 0x2147,
    0x2127, 0x2127, 0x2127, 0x2127, 0x2127, 0x1926, 0x1926, 0x1905, 0x10E4, 0x10A4, 0x0882, 0x0862,
    0x1906, 0x2147, 0x2147, 0x2168, 0x2968, 0x2167, 0x2167, 0x2147, 0x2167, 0x2968, 0x2168, 0x2147,
    0x2168, 0x2168, 0x2968, 0x2968, 0x2148, 0x2147, 0x1926, 0x1905, 0x10E4, 0x08A3, 0x10E5, 0x2147,
    0x2167, 0x2968, 0x2988, 0x2988, 0x2989, 0x2989, 0x2989, 0x29A9, 0x29A9, 0x1926, 0x18E5, 0x1906,
    0x2127, 0x2147, 0x2147, 0x2147, 0x2168, 0x2167, 0x2147, 0x2147, 0x2147, 0x2147, 0x2147, 0x2167,
    0x2147, 0x2147, 0x2968, 0x2968, 0x2988, 0x2988, 0x2968, 0x2968, 0x2968, 0x2988, 0x2988, 0x2968,
    0x2988, 0x2988, 0x2988, 0x2988, 0x2988, 0x2988, 0x2988, 0x2988, 0x2988, 0x2988, 0x2988, 0x2968,
    0x2988, 0x2988, 0x2167, 0x2147, 0x1926, 0x10C5, 0x0862, 0x0882, 0x0882, 0x0883, 0x10A4, 0x18E5,
    0x18E5, 0x10E5, 0x1905, 0x1905, 0x1906, 0x1906, 0x1926, 0x1927, 0x1927, 0x2147, 0x2147, 0x2988,
    0x31C9, 0x424C, 0x424C, 0x31C9, 0x29A9, 0x29A9, 0x6390, 0xA5B8, 0x9D77, 0x9D77, 0xA5D8, 0xB619,
    0xB619, 0xB61A, 0xB61A, 0xAE1A, 0xB61A, 0xB63A, 0xB63A, 0xB63A, 0xB63A, 0xB63A, 0xB63A, 0xB63A,
    0xB65A, 0xB63A, 0xB61A, 0xB61A, 0xB61A, 0xB61A, 0xB63A, 0xB63A, 0xB63A, 0xB63A, 0xB63A, 0xB63A,
    0xB63A, 0xB63A, 0xB63A, 0xB63A, 0xB61A, 0xB61A, 0xB61A, 0xB63A, 0xB63A, 0xB63A, 0xB61A, 0xB61A,
    0x2126, 0x1925, 0x1905, 0x1926, 0x2167, 0x2126, 0x1905, 0x1905, 0x1905, 0x1905, 0x1905, 0x1905,
    0x1905, 0x1905, 0x1905, 0x1905, 0x18E5, 0x18E5, 0x18E5, 0x10E5, 0x10E5, 0x10E5, 0x10E5, 0x10E5,
    0x10E5, 0x10E5, 0x1905, 0x10E5, 0x10E5, 0x10E5, 0x10C4, 0x10C4, 0x08A3, 0x0883, 0x0062, 0x0042,
    0x0862, 0x08A3, 0x08A4, 0x08A4, 0x10C4, 0x10C4, 0x10C4, 0x10C4, 0x10C4, 0x10C4, 0x10E5, 0x18E5,
    0x10E5, 0x10E5, 0x18E5, 0x18E5, 0x18E5, 0x18E5, 0x1905, 0x1905, 0x1905, 0x1906, 0x1906, 0x1906,
    0x1906, 0x1906, 0x1906, 0x1906, 0x1906, 0x1926, 0x1906, 0x1926, 0x1926, 0x1926, 0x1926, 0x1926,
    0x1926, 0x1926, 0x1927, 0x1927, 0x2127, 0x1927, 0x1927, 0x2147, 0x2147, 0x2127, 0x2147, 0x2147,
    0x2147, 0x2147, 0x2147, 0x2147, 0x2127, 0x1926, 0x1926, 0x1906, 0x18E5, 0x10E4, 0x10C4, 0x0882,
    0x0883, 0x2126, 0x2147, 0x2168, 0x2168, 0x2168, 0x2167, 0x2147, 0x2147, 0x2167, 0x2168, 0x2147,
    0x2148, 0x2168, 0x2168, 0x2148, 0x2147, 0x2147, 0x1926, 0x18E5, 0x10C4, 0x08A3, 0x1905, 0x2147,
    0x2147, 0x2968, 0x2968, 0x2988, 0x29A9, 0x2989, 0x2989, 0x31A9, 0x2968, 0x10E5, 0x1905, 0x1926,
    0x2147, 0x2147, 0x2147, 0x2147, 0x2147, 0x2147, 0x2147, 0x2147, 0x2147, 0x2147, 0x2147, 0x2147,
    0x2167, 0x2147, 0x2147, 0x2147, 0x2147, 0x2147, 0x2147, 0x2167, 0x2968, 0x2168, 0x2168, 0x2988,
    0x2968, 0x2968, 0x2968, 0x2168, 0x2988, 0x2968, 0x2988, 0x2988, 0x2988, 0x2988, 0x2988, 0x2988,
    0x2988, 0x2168, 0x2168, 0x2147, 0x1906, 0x10A4, 0x0862, 0x0882, 0x0883, 0x0883, 0x10C4, 0x18E5,
    0x18E5, 0x18E5, 0x1905, 0x1905, 0x1905, 0x1906, 0x1926, 0x1926, 0x1927, 0x2147, 0x2147, 0x2968,
    0x29A9, 0x3A0B, 0x426C, 0x39EA, 0x31A9, 0x2989, 0x52EE, 0xA598, 0x9D77, 0x9D77, 0xA5B8, 0xAE19,
    0xAE19, 0xB61A, 0xB63A, 0xB63A, 0xAE1A, 0xAE19, 0xAE1A, 0xB63A, 0xB65A, 0xB65A, 0xB63A, 0xB63A,
    0xAE1A, 0xAE19, 0xADF9, 0xAE19, 0xB63A, 0xB63A, 0xB63A, 0xB63A, 0xB63A, 0xB63A, 0xB63A, 0xB63A,
    0xB63A, 0xB63A, 0xB63A, 0xB63A, 0xB61A, 0xB63A, 0xB63A, 0xB61A, 0xB619, 0xB63A, 0xB63A, 0xB61A,
    0x2126, 0x1905, 0x1905, 0x2126, 0x2167, 0x1906, 0x18E5, 0x1905, 0x1905, 0x1905, 0x1905, 0x1905,
    0x1905, 0x1905, 0x1905, 0x1905, 0x18E5, 0x18E5, 0x1905, 0x1905, 0x10E5, 0x10E5, 0x10E5, 0x10E5,
    0x10E5, 0x10E5, 0x18E5, 0x10E5, 0x10E5, 0x10E5, 0x10C4, 0x10A4, 0x0883, 0x0882, 0x0062, 0x0042,
    0x0062, 0x0883, 0x08A3, 0x08A4, 0x10C4, 0x10C4, 0x10C4, 0x10C4, 0x10C4, 0x10E5, 0x10E5, 0x10E5,
    0x10E5, 0x10E5, 0x10E5, 0x10E5, 0x18E5, 0x18E5, 0x1905, 0x1905, 0x1905, 0x1905, 0x1905, 0x1905,
    0x1906, 0x1906, 0x1906, 0x1906, 0x1906, 0x1906, 0x1926, 0x1926, 0x1906, 0x1926, 0x1906, 0x1926,
    0x1926, 0x1926, 0x1927, 0x1927, 0x1926, 0x1927, 0x1927, 0x1927, 0x2147, 0x2127, 0x2147, 0x2127,
    0x2147, 0x2147, 0x2147, 0x2127, 0x1927, 0x2127, 0x1926, 0x1926, 0x1905, 0x18E5, 0x10C4, 0x08A3,
    0x0062, 0x10C4, 0x2147, 0x2167, 0x2168, 0x2988, 0x2968, 0x2167, 0x2147, 0x2167, 0x2168, 0x2147,
    0x2147, 0x2148, 0x2168, 0x2148, 0x2147, 0x1927, 0x1906, 0x10E5, 0x10C4, 0x08A3, 0x1906, 0x2147,
    0x2147, 0x2968, 0x2968, 0x2988, 0x2989, 0x2989, 0x29A9, 0x31A9, 0x1926, 0x1905, 0x1926, 0x2127,
    0x2147, 0x2147, 0x2147, 0x2147, 0x2147, 0x2147, 0x2147, 0x2147, 0x2147, 0x2147, 0x2147, 0x2147,
    0x2147, 0x2147, 0x2147, 0x2147, 0x2147, 0x2167, 0x2147, 0x2168, 0x2168, 0x2168, 0x2167, 0x2168,
    0x2968, 0x2968, 0x2968, 0x2968, 0x2988, 0x2988, 0x2988, 0x2988, 0x2988, 0x2988, 0x2988, 0x2988,
    0x2988, 0x2988, 0x2168, 0x2126, 0x1906, 0x0883, 0x0882, 0x0882, 0x0862, 0x0883, 0x10A4, 0x10C4,
    0x18E5, 0x1905, 0x1905, 0x1905, 0x1906, 0x1906, 0x1926, 0x1927, 0x1927, 0x2147, 0x2147, 0x2148,
    0x2988, 0x31EA, 0x426D, 0x3A2B, 0x31C9, 0x29A8, 0x424C, 0x9D57, 0x9D97, 0x9D77, 0xA5B8, 0xAE19,
    0xAE19, 0xADF9, 0xAE19, 0xB63A, 0xB63A, 0xB63A, 0xB63A, 0xAE19, 0xADF9, 0xADF9, 0xADF9, 0xADF9,
    0xB63A, 0xB63A, 0xB63A, 0xB63A, 0xB63A, 0xB63A, 0xB63A, 0xB63A, 0xAE19, 0xB61A, 0xAE19, 0xB61A,
    0xB63A, 0xB63A, 0xB63A, 0xB63A, 0xB61A, 0xB63A, 0xB63A, 0xB63A, 0xB63A, 0xB61A, 0xB63A, 0xB63A,
    0x1926, 0x1925, 0x1905, 0x2146, 0x2167, 0x1926, 0x1905, 0x10E5, 0x1905, 0x1905, 0x1905, 0x1905,
    0x1905, 0x1905, 0x1905, 0x1905, 0x18E5, 0x18E5, 0x18E5, 0x1905, 0x10E5, 0x10E5, 0x10E5, 0x10E5,
    0x10E5, 0x10E5, 0x10E5, 0x10E5, 0x10E5, 0x10E5, 0x10E5, 0x10C4, 0x0883, 0x0062, 0x0062, 0x0042,
    0x0042, 0x0883, 0x08A3, 0x08A4, 0x10C4, 0x10C4, 0x10C4, 0x10C4, 0x10C4, 0x10C4, 0x10E5, 0x10E5,
    0x10E5, 0x10E5, 0x10E5, 0x18E5, 0x18E5, 0x18E5, 0x1905, 0x1905, 0x1905, 0x1905, 0x1905, 0x1905,
    0x1905, 0x1905, 0x1906, 0x1906, 0x1906, 0x1926, 0x1926, 0x1906, 0x1906, 0x1906, 0x1906, 0x1926,
    0x1926, 0x1927, 0x1927, 0x1927, 0x1927, 0x1927, 0x1927, 0x1927, 0x2147, 0x2127, 0x2147, 0x2147,
    0x2147, 0x2147, 0x2147, 0x2127, 0x2147, 0x2127, 0x1926, 0x1926, 0x1926, 0x1905, 0x18E5, 0x10C4,
    0x08A3, 0x0062, 0x18E5, 0x2167, 0x2147, 0x2167, 0x2988, 0x2167, 0x2167, 0x2147, 0x2147, 0x2168,
    0x2127, 0x2147, 0x2147, 0x2148, 0x2147, 0x1926, 0x1906, 0x10E5, 0x08A4, 0x10A4, 0x1926, 0x2147,
    0x2147, 0x2968, 0x2968, 0x2988, 0x2989, 0x2989, 0x29A9, 0x2967, 0x1905, 0x1905, 0x1926, 0x2127,
    0x2127, 0x2147, 0x2147, 0x2147, 0x2147, 0x2147, 0x2147, 0x2147, 0x2147, 0x2147, 0x2147, 0x2147,
    0x2147, 0x2147, 0x2147, 0x2147, 0x2147, 0x2147, 0x2147, 0x2147, 0x2167, 0x2167, 0x2167, 0x2168,
    0x2168, 0x2168, 0x2968, 0x2988, 0x2968, 0x2988, 0x2988, 0x2988, 0x2988, 0x2988, 0x2988, 0x2988,
    0x2988, 0x2968, 0x2167, 0x1926, 0x1905, 0x0882, 0x0882, 0x0882, 0x0863, 0x0883, 0x10A4, 0x10C4,
    0x18E5, 0x10E5, 0x1905, 0x1905, 0x1905, 0x1906, 0x1906, 0x1926, 0x2127, 0x1927, 0x2127, 0x2147,
    0x2988, 0x31A9, 0x424C, 0x424C, 0x31C9, 0x29A8, 0x31EA, 0x8CF5, 0xA5B8, 0x9D77, 0xA598, 0xADF9,
    0xADF9, 0xB61A, 0xB61A, 0xAE1A, 0xB61A, 0xAE19, 0xADF9, 0xADF9, 0xADF9, 0xAE19, 0xADF9, 0xADF9,
    0xAE19, 0xADF9, 0xAE19, 0xB61A, 0xB63A, 0xB63A, 0xB63A, 0xB63A, 0xB61A, 0xB63A, 0xB63A, 0xB63A,
    0xB61A, 0xAE19, 0xB61A, 0xB61A, 0xB61A, 0xB63A, 0xB63A, 0xB63A, 0xB63A, 0xB63A, 0xB63A, 0xB63A,
    0x1926, 0x1925, 0x1926, 0x2147, 0x2167, 0x1905, 0x1905, 0x1905, 0x1905, 0x1905, 0x1905, 0x1905,
    0x1905, 0x1905, 0x1905, 0x18E5, 0x18E5, 0x18E5, 0x18E5, 0x10E5, 0x10E5, 0x1905, 0x10E5, 0x10E5,
    0x1905, 0x1905, 0x10E5, 0x10E5, 0x10E5, 0x18E5, 0x10E5, 0x10A4, 0x08A3, 0x0883, 0x0062, 0x0062,
    0x0041, 0x0862, 0x08A3, 0x08A3, 0x10C4, 0x10C4, 0x10C4, 0x10C4, 0x10C4, 0x10C4, 0x10E5, 0x10E5,
    0x1905, 0x10E5, 0x18E5, 0x10E5, 0x18E5, 0x18E5, 0x1905, 0x1905, 0x1905, 0x1905, 0x1905, 0x1905,
    0x1905, 0x1905, 0x1906, 0x1906, 0x1906, 0x1906, 0x1926, 0x1906, 0x1906, 0x1906, 0x1927, 0x1927,
    0x1927, 0x1927, 0x1927, 0x1927, 0x1927, 0x1927, 0x1927, 0x2127, 0x2127, 0x2127, 0x2147, 0x2147,
    0x2147, 0x2127, 0x2147, 0x2147, 0x2147, 0x1927, 0x1927, 0x1926, 0x1926, 0x1906, 0x1905, 0x10E5,
    0x10C4, 0x0883, 0x0862, 0x1906, 0x2167, 0x2167, 0x2168, 0x2167, 0x2147, 0x2147, 0x2147, 0x2147,
    0x2127, 0x2147, 0x2147, 0x2147, 0x2147, 0x1906, 0x1905, 0x10E4, 0x08A3, 0x10C4, 0x2127, 0x2147,
    0x2147, 0x2968, 0x2968, 0x2988, 0x2989, 0x29A9, 0x2988, 0x1906, 0x1905, 0x1926, 0x2127, 0x2147,
    0x2127, 0x2127, 0x2147, 0x2147, 0x2147, 0x2147, 0x2147, 0x2147, 0x2147, 0x2147, 0x2147, 0x2147,
    0x2147, 0x2147, 0x2147, 0x2147, 0x2147, 0x2147, 0x2147, 0x2147, 0x2167, 0x2167, 0x2167, 0x2168,
    0x2968, 0x2968, 0x2168, 0x2968, 0x2968, 0x2988, 0x2988, 0x2988, 0x2988, 0x2988, 0x2988, 0x2988,
    0x2988, 0x2968, 0x2167, 0x1926, 0x10E5, 0x0862, 0x0882, 0x0882, 0x0883, 0x1083, 0x10A4, 0x10C4,
    0x18E5, 0x10E5, 0x1905, 0x1905, 0x1905, 0x1926, 0x1926, 0x1906, 0x1927, 0x1927, 0x2127, 0x2147,
    0x2168, 0x29A9, 0x3A0B, 0x426D, 0x31EA, 0x29A9, 0x29A9, 0x7C73, 0xA5B8, 0x9D77, 0xA5B8, 0xADF9,
    0xADF9, 0xB61A, 0xADF9, 0xADF9, 0xADF9, 0xAE19, 0xB61A, 0xB63A, 0xB63A, 0xB63A, 0xB63A, 0xB61A,
    0xB63A, 0xB61A, 0xAE19, 0xAE19, 0xAE1A, 0xB61A, 0xAE1A, 0xADF9, 0xB61A, 0xB63A, 0xB63A, 0xB63A,
    0xAE19, 0xB61A, 0xB63A, 0xB63A, 0xB63A, 0xB61A, 0xB61A, 0xB63A, 0xB61A, 0xB63A, 0xB61A, 0xB61A,
    0x1925, 0x1925, 0x2126, 0x2167, 0x2146, 0x1905, 0x18E5, 0x1905, 0x1905, 0x10E5, 0x1905, 0x1905,
    0x1905, 0x1905, 0x18E5, 0x18E5, 0x18E5, 0x1905, 0x18E5, 0x1905, 0x1905, 0x10E5, 0x10E5, 0x1905,
    0x1905, 0x1905, 0x1905, 0x1905, 0x18E5, 0x10E5, 0x10C4, 0x08A4, 0x0883, 0x0883, 0x0062, 0x0062,
    0x0041, 0x0862, 0x08A3, 0x08A3, 0x08C4, 0x10C4, 0x10C4, 0x10C4, 0x10C4, 0x10E4, 0x10E5, 0x10E5,
    0x10E5, 0x18E5, 0x18E5, 0x18E5, 0x10E5, 0x10E5, 0x10E5, 0x10E5, 0x10E5, 0x10E5, 0x1905, 0x1905,
    0x10E5, 0x1905, 0x1905, 0x1905, 0x1906, 0x1906, 0x1906, 0x1906, 0x1906, 0x1906, 0x1926, 0x1926,
    0x1927, 0x1927, 0x1927, 0x1927, 0x1927, 0x1927, 0x1927, 0x1927, 0x1927, 0x1927, 0x2127, 0x2147,
    0x2147, 0x2147, 0x2127, 0x2127, 0x2147, 0x2127, 0x1927, 0x1926, 0x1926, 0x1906, 0x1906, 0x18E5,
    0x10E4, 0x10C4, 0x0862, 0x0883, 0x2126, 0x2167, 0x2168, 0x2167, 0x2168, 0x2147, 0x2147, 0x2147,
    0x2127, 0x1927, 0x2147, 0x2147, 0x2127, 0x1906, 0x10E5, 0x10C4, 0x08A3, 0x18E5, 0x2127, 0x2147,
    0x2147, 0x2988, 0x2968, 0x2988, 0x2988, 0x29A9, 0x2147, 0x18E5, 0x1925, 0x1926, 0x2127, 0x2127,
    0x2127, 0x2147, 0x2127, 0x2147, 0x2147, 0x2147, 0x2147, 0x2147, 0x2147, 0x2147, 0x2147, 0x2147,
    0x2147, 0x2127, 0x2147, 0x2147, 0x2147, 0x2147, 0x2147, 0x2168, 0x2167, 0x2167, 0x2167, 0x2168,
    0x2988, 0x2968, 0x2168, 0x2968, 0x2968, 0x2988, 0x2968, 0x2968, 0x2988, 0x2988, 0x2988, 0x2988,
    0x2968, 0x2168, 0x2147, 0x1926, 0x10A4, 0x0862, 0x0882, 0x0882, 0x0883, 0x0883, 0x10A4, 0x10C4,
    0x10E5, 0x18E5, 0x1905, 0x1905, 0x1905, 0x1905, 0x1926, 0x1926, 0x1906, 0x2127, 0x2127, 0x2147,
    0x2167, 0x2989, 0x31EA, 0x424C, 0x3A0A, 0x31A9, 0x2989, 0x6BF1, 0xA5B8, 0x9556, 0xA598, 0xADF9,
    0xADD8, 0xADD9, 0xADD9, 0xADF9, 0xB61A, 0xB61A, 0xAE19, 0xB63A, 0xB63A, 0xB63A, 0xB63A, 0xB63A,
    0xB61A, 0xB61A, 0xB63A, 0xAE19, 0xB61A, 0xB61A, 0xAE1A, 0xB61A, 0xAE1A, 0xADF9, 0xB61A, 0xAE19,
    0xAE19, 0xB63A, 0xB61A, 0xB63A, 0xB63A, 0xB61A, 0xB61A, 0xB61A, 0xB63A, 0xB61A, 0xAE1A, 0xB61A,
    0x1926, 0x2126, 0x2126, 0x2167, 0x2126, 0x18E5, 0x18E5, 0x18E5, 0x1905, 0x1905, 0x1905, 0x1905,
    0x1905, 0x1905, 0x1905, 0x1905, 0x1905, 0x1905, 0x1905, 0x1905, 0x1905, 0x1905, 0x1905, 0x1905,
    0x1905, 0x1905, 0x1905, 0x10E5, 0x10E5, 0x10C5, 0x10C4, 0x08A4, 0x0883, 0x0883, 0x0862, 0x0062,
    0x0042, 0x0042, 0x0883, 0x08A3, 0x08A4, 0x10A4, 0x10A4, 0x10C4, 0x10C4, 0x10E5, 0x10C4, 0x10E5,
    0x10E5, 0x1905, 0x18E5, 0x18E5, 0x18E5, 0x18E5, 0x18E5, 0x18E5, 0x18E5, 0x1905, 0x10E5, 0x10E5,
    0x10E5, 0x1905, 0x1905, 0x1905, 0x1905, 0x1906, 0x1906, 0x1906, 0x1906, 0x1906, 0x1906, 0x1926,
    0x1926, 0x1927, 0x1927, 0x1927, 0x1927, 0x1927, 0x1927, 0x1927, 0x1927, 0x1927, 0x2147, 0x2147,
    0x2127, 0x2147, 0x2147, 0x2147, 0x2147, 0x2147, 0x2127, 0x2127, 0x1926, 0x1906, 0x1926, 0x1905,
    0x18E5, 0x10E4, 0x08A3, 0x0062, 0x08A3, 0x2147, 0x2167, 0x2167, 0x2968, 0x2167, 0x2147, 0x2147,
    0x2147, 0x1927, 0x2127, 0x2127, 0x1927, 0x1906, 0x10E5, 0x10C4, 0x08A3, 0x1906, 0x2147, 0x2147,
    0x2167, 0x2988, 0x2988, 0x2988, 0x2988, 0x2988, 0x1905, 0x1925, 0x1926, 0x1927, 0x2127, 0x2147,
    0x2127, 0x2147, 0x2147, 0x2127, 0x2147, 0x2127, 0x2127, 0x2147, 0x2147, 0x2147, 0x2147, 0x2147,
    0x2147, 0x2147, 0x2147, 0x2147, 0x2147, 0x2167, 0x2147, 0x2167, 0x2167, 0x2167, 0x2168, 0x2168,
    0x2168, 0x2168, 0x2968, 0x2988, 0x2988, 0x2988, 0x2168, 0x2168, 0x2988, 0x2988, 0x2988, 0x2988,
    0x2968, 0x2168, 0x2147, 0x1906, 0x0883, 0x0862, 0x0882, 0x0882, 0x0882, 0x0883, 0x10A4, 0x10C4,
    0x10E5, 0x1905, 0x1905, 0x1905, 0x1905, 0x1905, 0x1905, 0x1906, 0x1906, 0x1927, 0x2127, 0x2147,
    0x2147, 0x2988, 0x31CA, 0x422B, 0x3A2B, 0x31C9, 0x2968, 0x6370, 0xA5B8, 0x9D57, 0xA598, 0xADD9,
    0xADF9, 0xADF9, 0xADF9, 0xAE19, 0xB63A, 0xB61A, 0xADF9, 0xB61A, 0xB63A, 0xB61A, 0xB61A, 0xB61A,
    0xB63A, 0xB63A, 0xB61A, 0xB61A, 0xB61A, 0xB61A, 0xB61A, 0xB61A, 0xB61A, 0xADF9, 0xADF9, 0xADF9,
    0xADF9, 0xB619, 0xB619, 0xB61A, 0xB63A, 0xB63A, 0xB61A, 0xB61A, 0xB63A, 0xB61A, 0xB61A, 0xB61A,
    0x2126, 0x2126, 0x2146, 0x2167, 0x1926, 0x18E5, 0x18E5, 0x18E5, 0x18E5, 0x18E5, 0x1905, 0x1905,
    0x1905, 0x1905, 0x1905, 0x1905, 0x1905, 0x1905, 0x1905, 0x1906, 0x1905, 0x1905, 0x1905, 0x1905,
    0x1905, 0x10E5, 0x10E5, 0x10E5, 0x10E5, 0x10C4, 0x10C4, 0x10A4, 0x1083, 0x0883, 0x0862, 0x0062,
    0x0042, 0x0042, 0x0883, 0x08A3, 0x08A3, 0x08A4, 0x10A4, 0x10C4, 0x10C4, 0x10C4, 0x10C4, 0x10E5,
    0x10E5, 0x18E5, 0x18E5, 0x18E5, 0x1905, 0x1905, 0x18E5, 0x18E5, 0x18E5, 0x18E5, 0x1105, 0x10E5,
    0x10E5, 0x1905, 0x1905, 0x1905, 0x1905, 0x1905, 0x1905, 0x1926, 0x1926, 0x1906, 0x1906, 0x1927,
    0x1926, 0x1926, 0x1926, 0x1926, 0x1926, 0x1927, 0x1927, 0x1927, 0x2127, 0x2127, 0x2127, 0x2147,
    0x2127, 0x2147, 0x2147, 0x2147, 0x2147, 0x2127, 0x1927, 0x2127, 0x2127, 0x1926, 0x1926, 0x1905,
    0x1905, 0x18E5, 0x10C4, 0x08A3, 0x0042, 0x10C4, 0x2167, 0x2167, 0x2168, 0x2167, 0x2167, 0x2147,
    0x2147, 0x1927, 0x1927, 0x1927, 0x1926, 0x1906, 0x10E5, 0x08A4, 0x08A4, 0x1926, 0x2147, 0x2147,
    0x2168, 0x2968, 0x2988, 0x2988, 0x29A9, 0x1926, 0x1905, 0x1926, 0x1926, 0x2127, 0x2127, 0x2127,
    0x2127, 0x2127, 0x2147, 0x2127, 0x2127, 0x2147, 0x2147, 0x2147, 0x2147, 0x2147, 0x2147, 0x2147,
    0x2147, 0x2147, 0x2147, 0x2147, 0x2167, 0x2147, 0x2147, 0x2167, 0x2147, 0x2167, 0x2168, 0x2168,
    0x2167, 0x2988, 0x2988, 0x2968, 0x2968, 0x2988, 0x2168, 0x2168, 0x2988, 0x2968, 0x2988, 0x2988,
    0x2968, 0x2147, 0x2147, 0x1905, 0x0883, 0x0862, 0x0882, 0x0862, 0x0882, 0x0883, 0x10A4, 0x10C4,
    0x10E5, 0x18E5, 0x1905, 0x1905, 0x1905, 0x1905, 0x1905, 0x1906, 0x1906, 0x1906, 0x1927, 0x2127,
    0x2147, 0x2968, 0x29A9, 0x3A0B, 0x424C, 0x31CA, 0x2988, 0x530F, 0xA5B8, 0x9D77, 0xA598, 0xADF9,
    0xADF9, 0xADF9, 0xAE1A, 0xB61A, 0xB61A, 0xB61A, 0xB61A, 0xB61A, 0xAE1A, 0xB61A, 0xB61A, 0xB61A,
    0xB61A, 0xB63A, 0xB61A, 0xB61A, 0xB61A, 0xB61A, 0xB61A, 0xAE19, 0xB61A, 0xB61A, 0xB61A, 0xB61A,
    0xADF9, 0xB61A, 0xB619, 0xADF9, 0xADF9, 0xADF9, 0xB61A, 0xB63A, 0xB61A, 0xB63A, 0xB63A, 0xB61A,
    0x2126, 0x2126, 0x2147, 0x2167, 0x1905, 0x18E5, 0x18E5, 0x18E5, 0x18E5, 0x18E5, 0x18E5, 0x1905,
    0x18E5, 0x18E5, 0x1905, 0x1905, 0x1905, 0x1905, 0x1905, 0x1905, 0x1905, 0x1905, 0x1905, 0x1905,
    0x1905, 0x10E5, 0x10E5, 0x10E5, 0x10E5, 0x10C4, 0x10A4, 0x10A4, 0x0883, 0x0883, 0x0862, 0x0062,
    0x0042, 0x0042, 0x0883, 0x08A3, 0x08A3, 0x08A3, 0x10A4, 0x10A4, 0x10C4, 0x10C4, 0x10C4, 0x10E4,
    0x10E5, 0x10E5, 0x18E5, 0x18E5, 0x1905, 0x1905, 0x1905, 0x1105, 0x10E5, 0x10E5, 0x18E5, 0x18E5,
    0x1905, 0x18E5, 0x1905, 0x1905, 0x1905, 0x1905, 0x1905, 0x1905, 0x1926, 0x1926, 0x1906, 0x1906,
    0x1926, 0x1926, 0x1927, 0x1926, 0x1926, 0x1926, 0x1927, 0x1927, 0x1927, 0x1927, 0x1927, 0x2127,
    0x2127, 0x2147, 0x2147, 0x2147, 0x2127, 0x2127, 0x2127, 0x1926, 0x1926, 0x2127, 0x1926, 0x1906,
    0x1905, 0x1905, 0x10E5, 0x10C4, 0x0883, 0x0042, 0x10E5, 0x2167, 0x2168, 0x2168, 0x2168, 0x2167,
    0x2147, 0x2127, 0x1906, 0x1926, 0x1906, 0x10E5, 0x10C4, 0x08A4, 0x10C4, 0x2126, 0x2147, 0x2167,
    0x2968, 0x2968, 0x2988, 0x2988, 0x2167, 0x1105, 0x1905, 0x1926, 0x2127, 0x2127, 0x2127, 0x2127,
    0x2127, 0x2127, 0x2127, 0x2147, 0x2147, 0x2127, 0x2127, 0x2147, 0x2147, 0x2147, 0x2147, 0x2147,
    0x2147, 0x2147, 0x2167, 0x2147, 0x2167, 0x2147, 0x2147, 0x2147, 0x2167, 0x2147, 0x2167, 0x2168,
    0x2167, 0x2968, 0x2988, 0x2988, 0x2168, 0x2147, 0x2167, 0x2167, 0x2968, 0x2988, 0x2968, 0x2968,
    0x2968, 0x2147, 0x2127, 0x18E5, 0x0862, 0x0862, 0x0862, 0x0882, 0x0882, 0x0883, 0x10A4, 0x10C4,
    0x18E5, 0x10E5, 0x1905, 0x1905, 0x1905, 0x1905, 0x1905, 0x1906, 0x1906, 0x1906, 0x1906, 0x1926,
    0x2147, 0x2147, 0x2988, 0x31EA, 0x424C, 0x39EA, 0x2989, 0x4ACE, 0xA5B8, 0x9D77, 0xA597, 0xADF9,
    0xADF9, 0xADF9, 0xB61A, 0xB61A, 0xAE19, 0xB61A, 0xB61A, 0xAE19, 0xAE19, 0xB61A, 0xB61A, 0xAE19,
    0xB61A, 0xB63A, 0xB61A, 0xAE19, 0xB61A, 0xB61A, 0xB63A, 0xB61A, 0xAE19, 0xAE19, 0xB61A, 0xB61A,
    0xAE19, 0xAE19, 0xAE19, 0xADF9, 0xADF9, 0xADD9, 0xADD9, 0xADD9, 0xADD9, 0xADF9, 0xB61A, 0xB63A,
    0x2126, 0x2106, 0x2167, 0x2167, 0x18E5, 0x18E5, 0x10E5, 0x18E5, 0x18E5, 0x18E5, 0x18E5, 0x1905,
    0x18E5, 0x18E5, 0x18E5, 0x18E5, 0x1905, 0x1905, 0x1905, 0x1905, 0x1905, 0x1905, 0x1905, 0x10E5,
    0x1905, 0x10E5, 0x10E5, 0x18E5, 0x10E5, 0x10C4, 0x10C4, 0x10A4, 0x10A3, 0x0883, 0x0862, 0x0042,
    0x0042, 0x0042, 0x0883, 0x08A3, 0x08A3, 0x08A3, 0x10A4, 0x10A4, 0x10C4, 0x10C4, 0x10C4, 0x10C4,
    0x10E5, 0x10E5, 0x18E5, 0x1905, 0x1905, 0x1905, 0x1905, 0x10E5, 0x1905, 0x10E5, 0x18E5, 0x18E5,
    0x18E5, 0x18E5, 0x1905, 0x1905, 0x1905, 0x1905, 0x1905, 0x1905, 0x1905, 0x1926, 0x1926, 0x1906,
    0x1926, 0x1926, 0x1906, 0x1906, 0x1926, 0x1926, 0x1927, 0x1927, 0x1927, 0x1927, 0x1927, 0x2127,
    0x2127, 0x2147, 0x2127, 0x2127, 0x2147, 0x2147, 0x2127, 0x1926, 0x1926, 0x2127, 0x2126, 0x1926,
    0x1926, 0x1905, 0x18E5, 0x10E4, 0x10A3, 0x0862, 0x0042, 0x1905, 0x2168, 0x2167, 0x2168, 0x2968,
    0x2147, 0x2147, 0x1906, 0x1906, 0x1906, 0x10E5, 0x10C4, 0x08A3, 0x10E5, 0x2126, 0x2147, 0x2147,
    0x2968, 0x2968, 0x2988, 0x2988, 0x1906, 0x1905, 0x1926, 0x2126, 0x2127, 0x2127, 0x2127, 0x2127,
    0x2127, 0x2127, 0x2127, 0x2127, 0x2147, 0x2147, 0x2127, 0x2147, 0x2147, 0x2147, 0x2147, 0x2147,
    0x2147, 0x2147, 0x2147, 0x2147, 0x2147, 0x2147, 0x2147, 0x2167, 0x2167, 0x2167, 0x2168, 0x2167,
    0x2168, 0x2988, 0x2988, 0x2988, 0x2168, 0x2147, 0x2147, 0x2167, 0x2968, 0x2988, 0x2968, 0x2968,
    0x2168, 0x2147, 0x1926, 0x10C4, 0x0862, 0x0862, 0x0882, 0x0862, 0x0882, 0x0883, 0x1084, 0x10C4,
    0x18E5, 0x10E5, 0x1905, 0x1905, 0x1905, 0x1905, 0x1905, 0x1905, 0x1906, 0x1906, 0x1906, 0x1906,
    0x2127, 0x2147, 0x2968, 0x31A9, 0x3A2B, 0x3A2B, 0x2989, 0x4A8D, 0x9D77, 0x9D77, 0x9D97, 0xADD9,
    0xADF9, 0xAE19, 0xAE19, 0xB61A, 0xAE19, 0xB61A, 0xAE19, 0xADF9, 0xB61A, 0xB61A, 0xB61A, 0xB61A,
    0xB61A, 0xB63A, 0xB61A, 0xB61A, 0xB61A, 0xADF9, 0xAE19, 0xB61A, 0xB61A, 0xAE19, 0xADF9, 0xB61A,
    0xB61A, 0xAE19, 0xB61A, 0xAE19, 0xB619, 0xB61A, 0xB61A, 0xADF9, 0xADF9, 0xADF9, 0xADD9, 0xADF9,
    0x2126, 0x2126, 0x2987, 0x2146, 0x18E5, 0x18E5, 0x18E5, 0x18E5, 0x18E5, 0x10E5, 0x18E5, 0x1905,
    0x18E5, 0x18E5, 0x18E5, 0x18E5, 0x1905, 0x1905, 0x1905, 0x1905, 0x1905, 0x1905, 0x1905, 0x10E5,
    0x1905, 0x1905, 0x10E5, 0x10E5, 0x10E5, 0x10C4, 0x10C4, 0x10A4, 0x10A3, 0x0883, 0x0062, 0x0062,
    0x0042, 0x0042, 0x0883, 0x0883, 0x08A3, 0x08A3, 0x10A4, 0x10A4, 0x10C4, 0x10C4, 0x10C4, 0x10C4,
    0x10C4, 0x10E5, 0x10E5, 0x18E5, 0x1905, 0x18E5, 0x18E5, 0x18E5, 0x18E5, 0x18E5, 0x18E5, 0x18E5,
    0x18E5, 0x18E5, 0x18E5, 0x18E5, 0x1905, 0x1905, 0x1905, 0x1905, 0x1905, 0x1905, 0x1926, 0x1906,
    0x1906, 0x1906, 0x1906, 0x1926, 0x1906, 0x1906, 0x1927, 0x1906, 0x1927, 0x1927, 0x1927, 0x2127,
    0x2127, 0x2127, 0x2127, 0x2127, 0x2127, 0x2127, 0x2147, 0x2127, 0x2127, 0x2127, 0x2127, 0x1926,
    0x2126, 0x1926, 0x1905, 0x18E5, 0x10E4, 0x0883, 0x0862, 0x0862, 0x2126, 0x2168, 0x2167, 0x2168,
    0x2168, 0x2147, 0x1906, 0x18E5, 0x18E5, 0x10E5, 0x10A4, 0x08A4, 0x1905, 0x2127, 0x2127, 0x2167,
    0x2968, 0x2968, 0x2988, 0x2126, 0x1905, 0x1925, 0x1926, 0x2127, 0x2127, 0x2127, 0x2127, 0x1926,
    0x2127, 0x2127, 0x2127, 0x2127, 0x2147, 0x2127, 0x2127, 0x2147, 0x2147, 0x2147, 0x2147, 0x2147,
    0x2147, 0x2147, 0x2147, 0x2167, 0x2147, 0x2147, 0x2147, 0x2147, 0x2147, 0x2147, 0x2167, 0x2167,
    0x2168, 0x2168, 0x2168, 0x2988, 0x2168, 0x2147, 0x2147, 0x2147, 0x2168, 0x2988, 0x2968, 0x2168,
    0x2147, 0x2147, 0x1906, 0x08A3, 0x0042, 0x0862, 0x0882, 0x0882, 0x0882, 0x0883, 0x10A4, 0x10C4,
    0x18E5, 0x10E5, 0x1905, 0x1905, 0x1905, 0x1905, 0x1905, 0x1905, 0x1906, 0x1906, 0x1906, 0x1906,
    0x1926, 0x2127, 0x2167, 0x2988, 0x3A0B, 0x424B, 0x31A9, 0x426C, 0x9D57, 0x9D77, 0x9D77, 0xA5D8,
    0xADF9, 0xADF9, 0xADF9, 0xAE19, 0xB61A, 0xB61A, 0xB61A, 0xAE19, 0xAE19, 0xADF9, 0xAE1A, 0xB63A,
    0xB63A, 0xB63A, 0xB63A, 0xB61A, 0xADF9, 0xADF9, 0xADF9, 0xB61A, 0xB61A, 0xAE19, 0xAE19, 0xB61A,
    0xADF9, 0xAE19, 0xAE19, 0xB619, 0xB619, 0xB61A, 0xB61A, 0xADF9, 0xB61A, 0xB61A, 0xAE1A, 0xADF9,
    0x1905, 0x1926, 0x2987, 0x2126, 0x18E5, 0x18E5, 0x18E5, 0x18E5, 0x18E5, 0x18E5, 0x18E5, 0x1905,
    0x10E5, 0x10E5, 0x10E5, 0x18E5, 0x10E5, 0x1905, 0x18E5, 0x18E5, 0x18E5, 0x18E5, 0x18E5, 0x1905,
    0x10E5, 0x1905, 0x10E5, 0x1905, 0x1905, 0x10E5, 0x10C4, 0x10A4, 0x08A3, 0x0883, 0x0062, 0x0062,
    0x0042, 0x0042, 0x0883, 0x0883, 0x08A3, 0x08A3, 0x08A4, 0x10A4, 0x10A4, 0x10C4, 0x10C4, 0x10C4,
    0x10C4, 0x18E5, 0x18E5, 0x18E5, 0x18E5, 0x1905, 0x18E5, 0x18E5, 0x10E5, 0x18E5, 0x18E5, 0x10E5,
    0x18E5, 0x18E5, 0x18E5, 0x18E5, 0x1905, 0x1905, 0x1905, 0x1905, 0x1905, 0x1905, 0x1905, 0x1906,
    0x1926, 0x1906, 0x1906, 0x1926, 0x1926, 0x1926, 0x1926, 0x1926, 0x1926, 0x1927, 0x2127, 0x2147,
    0x2147, 0x2147, 0x2127, 0x2147, 0x2127, 0x2127, 0x2147, 0x2147, 0x2147, 0x2127, 0x2127, 0x2127,
    0x2127, 0x2126, 0x1906, 0x1905, 0x10E5, 0x10C4, 0x08A3, 0x0062, 0x0862, 0x2147, 0x2968, 0x2168,
    0x2968, 0x2167, 0x1926, 0x10E5, 0x10E5, 0x10C4, 0x08A3, 0x10A4, 0x1906, 0x2127, 0x2147, 0x2168,
    0x2147, 0x2968, 0x2167, 0x1905, 0x1925, 0x1926, 0x2126, 0x2127, 0x2127, 0x2127, 0x2127, 0x2127,
    0x2127, 0x2127, 0x2127, 0x2127, 0x2127, 0x2147, 0x2147, 0x2147, 0x2127, 0x2147, 0x2147, 0x2147,
    0x2147, 0x2147, 0x2147, 0x2147, 0x2147, 0x2147, 0x2147, 0x2147, 0x2167, 0x2147, 0x2167, 0x2168,
    0x2147, 0x2168, 0x2168, 0x2168, 0x2168, 0x2147, 0x2147, 0x2167, 0x2968, 0x2988, 0x2968, 0x2168,
    0x2147, 0x2127, 0x1905, 0x0883, 0x0862, 0x0882, 0x0882, 0x0882, 0x0882, 0x0883, 0x10A4, 0x10C4,
    0x10E5, 0x10E5, 0x1905, 0x1905, 0x1905, 0x1905, 0x1905, 0x1905, 0x1906, 0x1906, 0x1906, 0x1906,
    0x1906, 0x2127, 0x2147, 0x2988, 0x31C9, 0x424B, 0x31CA, 0x424C, 0x9D57, 0x9D77, 0x9D77, 0xADD8,
    0xADF9, 0xADF9, 0xAE19, 0xADF9, 0xAE19, 0xAE19, 0xAE19, 0xAE19, 0xAE19, 0xADF9, 0xAE19, 0xB61A,
    0xB61A, 0xB61A, 0xB61A, 0xAE19, 0xADF9, 0xADF9, 0xADF9, 0xADF9, 0xB61A, 0xADF9, 0xADF9, 0xAE1A,
    0xAE19, 0xB61A, 0xB61A, 0xB619, 0xADF9, 0xADF9, 0xADF9, 0xADF9, 0xAE1A, 0xADF9, 0xB61A, 0xB61A,
    0x1905, 0x2146, 0x2987, 0x1905, 0x10E5, 0x1905, 0x1905, 0x10E5, 0x10E5, 0x18E5, 0x10E5, 0x18E5,
    0x18E5, 0x1905, 0x18E5, 0x10E5, 0x10E5, 0x18E5, 0x18E5, 0x18E5, 0x10E5, 0x1905, 0x1905, 0x10E5,
    0x10E5, 0x10E5, 0x10E5, 0x18E5, 0x10E5, 0x10C4, 0x10C4, 0x10A4, 0x08A3, 0x0883, 0x0062, 0x0062,
    0x0042, 0x0042, 0x0883, 0x0883, 0x08A3, 0x08A3, 0x08A3, 0x10A4, 0x10A4, 0x10A4, 0x10C4, 0x10C4,
    0x10C4, 0x10C4, 0x10E5, 0x10E5, 0x18E5, 0x18E5, 0x1905, 0x18E5, 0x18E5, 0x18E5, 0x10E5, 0x10E5,
    0x18E5, 0x10E5, 0x18E5, 0x18E5, 0x10E5, 0x1905, 0x1905, 0x1905, 0x1905, 0x1905, 0x1905, 0x1905,
    0x1905, 0x1906, 0x1926, 0x1906, 0x1906, 0x1906, 0x1926, 0x1927, 0x1927, 0x1927, 0x1927, 0x1927,
    0x2147, 0x2147, 0x2127, 0x2127, 0x2147, 0x2147, 0x2147, 0x2127, 0x2127, 0x2147, 0x2147, 0x2147,
    0x2127, 0x1927, 0x1926, 0x1906, 0x1905, 0x10E4, 0x10C4, 0x0883, 0x0042, 0x0883, 0x2167, 0x2968,
    0x2968, 0x2167, 0x1927, 0x10E5, 0x10C5, 0x10C4, 0x08A3, 0x10C4, 0x2126, 0x2147, 0x2147, 0x2167,
    0x2168, 0x2968, 0x1906, 0x1905, 0x1945, 0x2126, 0x2126, 0x2127, 0x2147, 0x2127, 0x2127, 0x1927,
    0x2127, 0x2127, 0x2127, 0x2127, 0x2127, 0x2127, 0x2127, 0x2127, 0x2147, 0x2147, 0x2147, 0x2147,
    0x2147, 0x2147, 0x2147, 0x2147, 0x2147, 0x2147, 0x2147, 0x2147, 0x2147, 0x2147, 0x2147, 0x2147,
    0x2147, 0x2168, 0x2168, 0x2968, 0x2168, 0x2147, 0x2147, 0x2147, 0x2168, 0x2968, 0x2168, 0x2168,
    0x2147, 0x1926, 0x1905, 0x0862, 0x0862, 0x0882, 0x0882, 0x0882, 0x0882, 0x0883, 0x10A3, 0x10C4,
    0x10E5, 0x10E5, 0x10E5, 0x1905, 0x1905, 0x1905, 0x1905, 0x1905, 0x1906, 0x1906, 0x1906, 0x1906,
    0x1906, 0x1926, 0x2147, 0x2168, 0x29A9, 0x3A2B, 0x3A0B, 0x3A2B, 0x9536, 0x9D77, 0x9D77, 0xA5D8,
    0xADF9, 0xADF9, 0xAE19, 0xADF9, 0xADF9, 0xAE19, 0xAE19, 0xAE19, 0xADF9, 0xAE19, 0xB61A, 0xB61A,
    0xB61A, 0xAE19, 0xB61A, 0xAE19, 0xADF9, 0xADF9, 0xADF9, 0xB61A, 0xB61A, 0xB5F9, 0xADF9, 0xB61A,
    0xAE19, 0xADF9, 0xAE19, 0xB61A, 0xADF9, 0xADF9, 0xADF9, 0xB61A, 0xB61A, 0xB61A, 0xB61A, 0xB61A,
    0x1905, 0x2967, 0x2967, 0x18E5, 0x18E5, 0x18E5, 0x10E5, 0x10E5, 0x18E5, 0x18E5, 0x18E5, 0x18E5,
    0x18E5, 0x1905, 0x1905, 0x18E5, 0x10E5, 0x18E5, 0x18E5, 0x18E5, 0x10E5, 0x1905, 0x1905, 0x10E5,
    0x10E5, 0x10E5, 0x10E5, 0x18E5, 0x10E5, 0x10C4, 0x10C4, 0x10A4, 0x08A3, 0x0883, 0x0062, 0x0042,
    0x0042, 0x0042, 0x0883, 0x08A3, 0x08A3, 0x08A3, 0x08A4, 0x10A4, 0x10A4, 0x10A4, 0x10C4, 0x10C4,
    0x10C4, 0x10C4, 0x10C4, 0x10E5, 0x10E5, 0x18E5, 0x18E5, 0x18E5, 0x18E5, 0x10E5, 0x10E5, 0x10E5,
    0x18E5, 0x18E5, 0x18E5, 0x18E5, 0x18E5, 0x1905, 0x1905, 0x18E5, 0x1905, 0x1905, 0x1905, 0x1905,
    0x1905, 0x1906, 0x1906, 0x1906, 0x1906, 0x1906, 0x1926, 0x1927, 0x1926, 0x1926, 0x1927, 0x1927,
    0x1927, 0x1927, 0x2147, 0x2127, 0x1927, 0x2147, 0x2147, 0x2147, 0x2147, 0x2147, 0x2147, 0x2147,
    0x2147, 0x1927, 0x2127, 0x1926, 0x1905, 0x18E5, 0x10E4, 0x10C4, 0x0882, 0x0042, 0x08A4, 0x2167,
    0x2968, 0x2168, 0x2127, 0x10E5, 0x10C4, 0x10A4, 0x0883, 0x10E5, 0x1926, 0x2127, 0x2147, 0x2147,
    0x2988, 0x2126, 0x1905, 0x1926, 0x1926, 0x1926, 0x2127, 0x2127, 0x2127, 0x2127, 0x2127, 0x2127,
    0x2127, 0x2127, 0x2127, 0x2127, 0x2127, 0x2127, 0x2127, 0x2127, 0x2147, 0x2147, 0x2147, 0x2147,
    0x2147, 0x2147, 0x2147, 0x2147, 0x2147, 0x2147, 0x2147, 0x2147, 0x2147, 0x2147, 0x2147, 0x2147,
    0x2147, 0x2168, 0x2168, 0x2168, 0x2168, 0x2147, 0x2168, 0x2167, 0x2967, 0x2167, 0x2167, 0x2168,
    0x2147, 0x1926, 0x10E5, 0x0042, 0x0862, 0x0882, 0x0882, 0x0882, 0x0882, 0x0883, 0x10A4, 0x10C4,
    0x10C5, 0x10E5, 0x1905, 0x1905, 0x1905, 0x1905, 0x1925, 0x1925, 0x1906, 0x1926, 0x1906, 0x1906,
    0x1906, 0x1906, 0x2147, 0x2147, 0x2988, 0x39EA, 0x3A2B, 0x3A0B, 0x9516, 0x9D77, 0x9D56, 0xA5B8,
    0xADF9, 0xADF9, 0xADF9, 0xADF9, 0xADF9, 0xAE19, 0xADF9, 0xADF9, 0xAE19, 0xB61A, 0xAE19, 0xB61A,
    0xB61A, 0xB61A, 0xB61A, 0xB63A, 0xADF9, 0xADF9, 0xADF9, 0xB61A, 0xB61A, 0xB61A, 0xB61A, 0xADF9,
    0xADF9, 0xADF9, 0xADF9, 0xB61A, 0xAE1A, 0xB61A, 0xADF9, 0xADF9, 0xB61A, 0xADF9, 0xADF9, 0xADF9,
    0x1926, 0x2987, 0x2146, 0x1905, 0x18E5, 0x18E5, 0x18E5, 0x18E5, 0x18E5, 0x18E5, 0x18E5, 0x18E5,
    0x18E5, 0x1905, 0x1105, 0x10E5, 0x1905, 0x10E5, 0x10E5, 0x10E5, 0x18E5, 0x18E5, 0x18E5, 0x1905,
    0x18E5, 0x10E5, 0x10E5, 0x10E5, 0x10E5, 0x10C4, 0x10A4, 0x10A4, 0x08A3, 0x0882, 0x0062, 0x0042,
    0x0042, 0x0042, 0x0883, 0x0883, 0x08A3, 0x08A3, 0x08A4, 0x10A4, 0x08A4, 0x10A4, 0x10C4, 0x10A4,
    0x10C4, 0x10C4, 0x10C4, 0x10E5, 0x10E5, 0x10E5, 0x18E5, 0x10E5, 0x10E5, 0x10E5, 0x10E5, 0x10E5,
    0x10E5, 0x10E5, 0x10E5, 0x10E5, 0x18E5, 0x18E5, 0x1905, 0x18E5, 0x18E5, 0x1905, 0x1905, 0x1905,
    0x1905, 0x1905, 0x1906, 0x1906, 0x1906, 0x1906, 0x1926, 0x1906, 0x1906, 0x1926, 0x1927, 0x1927,
    0x1927, 0x1927, 0x1927, 0x1927, 0x2127, 0x2127, 0x2147, 0x2147, 0x2127, 0x2147, 0x2147, 0x2127,
    0x2147, 0x2127, 0x2127, 0x2127, 0x1926, 0x1906, 0x18E5, 0x10E4, 0x10A3, 0x0882, 0x0042, 0x10A4,
    0x2167, 0x2168, 0x2147, 0x18E5, 0x10A4, 0x08A3, 0x08A3, 0x18E5, 0x1926, 0x2127, 0x2147, 0x2968,
    0x2147, 0x10E5, 0x1925, 0x1926, 0x2126, 0x2126, 0x2127, 0x2127, 0x2127, 0x1926, 0x1926, 0x2127,
    0x2127, 0x2127, 0x2127, 0x2127, 0x1927, 0x2127, 0x2127, 0x2127, 0x2127, 0x2147, 0x2147, 0x2147,
    0x2147, 0x2147, 0x2147, 0x2147, 0x2147, 0x2147, 0x2147, 0x2147, 0x2147, 0x2147, 0x2147, 0x2147,
    0x2167, 0x2147, 0x2167, 0x2968, 0x2988, 0x2146, 0x2146, 0x2946, 0x2147, 0x2968, 0x2167, 0x2147,
    0x2127, 0x1926, 0x10C4, 0x0042, 0x0862, 0x0882, 0x0882, 0x0882, 0x0883, 0x0883, 0x1083, 0x10A4,
    0x10C5, 0x10E5, 0x10E5, 0x1905, 0x1905, 0x1905, 0x1925, 0x1905, 0x1906, 0x1906, 0x1906, 0x1906,
    0x1906, 0x1906, 0x1927, 0x2147, 0x2968, 0x31C9, 0x3A2B, 0x3A2B, 0x9516, 0x9D77, 0x9D56, 0xA5B8,
    0xADF9, 0xAE19, 0xADF9, 0xADF9, 0xADF9, 0xAE19, 0xADF9, 0xADF9, 0xAE19, 0xADF9, 0xADF9, 0xB61A,
    0xB61A, 0xB61A, 0xB61A, 0xB61A, 0xB61A, 0xB61A, 0xB61A, 0xB61A, 0xB61A, 0xADF9, 0xADD9, 0xB61A,
    0xB61A, 0xB61A, 0xB61A, 0xB61A, 0xADF9, 0xB61A, 0xADF9, 0xADD9, 0xADF9, 0xADF9, 0xADF9, 0xADF9,
    0x2146, 0x2987, 0x1926, 0x1905, 0x18E5, 0x18E5, 0x18E5, 0x10E5, 0x18E5, 0x18E5, 0x18E5, 0x18E5,
    0x1905, 0x1905, 0x1905, 0x10E5, 0x10E5, 0x1905, 0x1905, 0x10E5, 0x18E5, 0x18E5, 0x18E5, 0x18E5,
    0x10E5, 0x10E5, 0x10E5, 0x18E5, 0x10E5, 0x10C4, 0x10C4, 0x10A4, 0x08A3, 0x0082, 0x0062, 0x0062,
    0x0042, 0x0042, 0x0882, 0x0883, 0x08A3, 0x08A3, 0x08A3, 0x08A3, 0x08A4, 0x10A4, 0x10A4, 0x10C4,
    0x10C4, 0x10E4, 0x10E4, 0x10E4, 0x10E5, 0x10E5, 0x1905, 0x1905, 0x1905, 0x1905, 0x10E5, 0x10C4,
    0x10E5, 0x10E5, 0x18E5, 0x18E5, 0x18E5, 0x18E5, 0x18E5, 0x18E5, 0x10E5, 0x18E5, 0x1905, 0x1905,
    0x1905, 0x1905, 0x1905, 0x1905, 0x1905, 0x1926, 0x1926, 0x1926, 0x1906, 0x1926, 0x1906, 0x1906,
    0x1927, 0x1927, 0x1927, 0x1927, 0x2127, 0x2127, 0x1927, 0x2127, 0x2127, 0x2127, 0x2127, 0x2127,
    0x2147, 0x2127, 0x2127, 0x2127, 0x2127, 0x1926, 0x1905, 0x1905, 0x10E5, 0x10A3, 0x0862, 0x0041,
    0x10A4, 0x2167, 0x2147, 0x1906, 0x08A4, 0x08A3, 0x08A4, 0x1905, 0x2126, 0x2147, 0x2968, 0x2167,
    0x1905, 0x1905, 0x1926, 0x2126, 0x1927, 0x1927, 0x2127, 0x1926, 0x2127, 0x2127, 0x2126, 0x1927,
    0x1927, 0x2127, 0x2127, 0x2127, 0x2127, 0x2127, 0x2127, 0x2147, 0x2127, 0x2147, 0x2147, 0x2147,
    0x2147, 0x2147, 0x2147, 0x2147, 0x2147, 0x2147, 0x2147, 0x2147, 0x2147, 0x2147, 0x2147, 0x2167,
    0x2167, 0x2147, 0x2147, 0x2988, 0x2967, 0x4A27, 0x944D, 0x9C8E, 0x5268, 0x2146, 0x2968, 0x2147,
    0x2127, 0x1926, 0x10A3, 0x0041, 0x0862, 0x0882, 0x0882, 0x0882, 0x0882, 0x0883, 0x10A3, 0x10C4,
    0x10E5, 0x18E5, 0x1905, 0x1905, 0x1905, 0x1905, 0x1925, 0x1926, 0x1906, 0x1906, 0x1906, 0x1926,
    0x1906, 0x1906, 0x1927, 0x2127, 0x2168, 0x29A9, 0x3A0B, 0x426C, 0x9516, 0x9D77, 0x9D56, 0xA5B8,
    0xADF9, 0xADF9, 0xADD9, 0xADF9, 0xADF9, 0xADF9, 0xAE19, 0xAE19, 0xAE19, 0xADF9, 0xAE19, 0xB61A,
    0xAE19, 0xAE19, 0xB5F9, 0xB619, 0xB61A, 0xB61A, 0xADF9, 0xADF9, 0xB61A, 0xB61A, 0xADF9, 0xB61A,
    0xADF9, 0xB61A, 0xB61A, 0xADF9, 0xADF9, 0xADF9, 0xADF9, 0xADF9, 0xADF9, 0xB61A, 0xB61A, 0xB61A,
    0x2967, 0x2967, 0x1905, 0x18E5, 0x10E5, 0x10E5, 0x10E5, 0x18E5, 0x10E5, 0x18E5, 0x18E5, 0x18E5,
    0x18E5, 0x1905, 0x1905, 0x1905, 0x1905, 0x1905, 0x1905, 0x1905, 0x18E5, 0x18E5, 0x1905, 0x10E5,
    0x10E5, 0x10E5, 0x10E5, 0x10E5, 0x10E5, 0x10C4, 0x10C4, 0x10A4, 0x0883, 0x0082, 0x0062, 0x0042,
    0x0042, 0x0042, 0x0082, 0x0883, 0x0883, 0x08A3, 0x08A3, 0x08A3, 0x08A4, 0x10A4, 0x10A4, 0x10A4,
    0x10C4, 0x10E4, 0x10C4, 0x10E4, 0x10E4, 0x10E5, 0x18E5, 0x18E5, 0x1905, 0x1905, 0x18E5, 0x10E4,
    0x10E5, 0x18E5, 0x18E5, 0x18E5, 0x18E5, 0x18E5, 0x18E5, 0x18E5, 0x18E5, 0x18E5, 0x18E5, 0x1905,
    0x1905, 0x18E5, 0x18E5, 0x1905, 0x1905, 0x1905, 0x1905, 0x1926, 0x1906, 0x1926, 0x1906, 0x1906,
    0x1906, 0x1906, 0x1926, 0x1906, 0x2127, 0x2127, 0x1926, 0x2127, 0x2127, 0x2127, 0x1927, 0x2127,
    0x2147, 0x2127, 0x2127, 0x2127, 0x2127, 0x1926, 0x1926, 0x1906, 0x1905, 0x10E5, 0x10A3, 0x0862,
    0x0042, 0x10C4, 0x2167, 0x1926, 0x10C4, 0x0883, 0x10A4, 0x1906, 0x2127, 0x2147, 0x2967, 0x2126,
    0x18E5, 0x1926, 0x2126, 0x2127, 0x2127, 0x2127, 0x2127, 0x2127, 0x1927, 0x2127, 0x2127, 0x1927,
    0x2127, 0x2127, 0x1927, 0x2127, 0x2147, 0x2127, 0x2127, 0x2147, 0x2147, 0x2147, 0x2147, 0x2147,
    0x2147, 0x2147, 0x2147, 0x2147, 0x2147, 0x2147, 0x2147, 0x2147, 0x2147, 0x2147, 0x2147, 0x2147,
    0x2147, 0x2147, 0x2147, 0x2146, 0x4A26, 0xB54F, 0xCDF0, 0xC56E, 0x8BEB, 0x2966, 0x2168, 0x2147,
    0x2127, 0x1906, 0x0883, 0x0041, 0x0862, 0x0862, 0x0882, 0x0882, 0x0882, 0x0883, 0x10A3, 0x10C4,
    0x10E5, 0x10E5, 0x1905, 0x1905, 0x1905, 0x1905, 0x1925, 0x1926, 0x1926, 0x1927, 0x1926, 0x1926,
    0x1926, 0x1926, 0x1926, 0x2127, 0x2147, 0x2988, 0x31EA, 0x4A8D, 0x9536, 0x9D77, 0x9D36, 0xA598,
    0xADF9, 0xADF9, 0xADF9, 0xADF9, 0xADF9, 0xADF9, 0xADF9, 0xADF9, 0xADF9, 0xAE19, 0xB61A, 0xAE19,
    0xAE19, 0xAE19, 0xAE19, 0xAE19, 0xB61A, 0xB61A, 0xAE19, 0xAE1A, 0xADF9, 0xADF9, 0xADF9, 0xB61A,
    0xADF9, 0xADF9, 0xADF9, 0xADF9, 0xB61A, 0xB61A, 0xB61A, 0xB61A, 0xB61A, 0xADF9, 0xB61A, 0xB61A,
    0x2987, 0x2146, 0x18E5, 0x10E5, 0x10E5, 0x18E5, 0x10E5, 0x18E5, 0x18E5, 0x18E5, 0x18E5, 0x18E5,
    0x18E5, 0x18E5, 0x1905, 0x1905, 0x10E5, 0x1905, 0x18E5, 0x18E5, 0x10E5, 0x18E5, 0x10E5, 0x10E5,
    0x18E5, 0x10E5, 0x10E5, 0x10E5, 0x10C4, 0x10C4, 0x10C4, 0x10A4, 0x0883, 0x0082, 0x0062, 0x0042,
    0x0042, 0x0041, 0x0062, 0x0883, 0x0883, 0x08A3, 0x08A3, 0x08A3, 0x08A4, 0x08A4, 0x10A4, 0x10C4,
    0x10C4, 0x10C4, 0x10C4, 0x18C4, 0x10C4, 0x10E5, 0x18E5, 0x1905, 0x1905, 0x1905, 0x1905, 0x18E5,
    0x1905, 0x18E5, 0x18E5, 0x18E4, 0x18E5, 0x10E5, 0x10E5, 0x18E5, 0x18E5, 0x18E5, 0x18E5, 0x1905,
    0x1905, 0x18E5, 0x18E5, 0x1905, 0x18E5, 0x1905, 0x1905, 0x1905, 0x1905, 0x1905, 0x1906, 0x1906,
    0x1906, 0x1906, 0x1906, 0x1906, 0x1926, 0x1906, 0x1926, 0x1906, 0x1927, 0x1927, 0x1927, 0x2127,
    0x1927, 0x2127, 0x2127, 0x2127, 0x1927, 0x2127, 0x1927, 0x1906, 0x1906, 0x18E5, 0x10E4, 0x0883,
    0x0862, 0x0042, 0x10C4, 0x1926, 0x10C4, 0x0863, 0x10E5, 0x2126, 0x2127, 0x2147, 0x2146, 0x18E5,
    0x1925, 0x1926, 0x2126, 0x2127, 0x2127, 0x2127, 0x2127, 0x2127, 0x1927, 0x1927, 0x1906, 0x1927,
    0x2127, 0x2127, 0x2127, 0x1927, 0x1927, 0x2127, 0x2127, 0x2147, 0x2147, 0x2147, 0x2147, 0x2147,
    0x2147, 0x2147, 0x2147, 0x2147, 0x2147, 0x2147, 0x2147, 0x2147, 0x2147, 0x2147, 0x2147, 0x2147,
    0x2147, 0x2126, 0x1926, 0x2103, 0x8BEA, 0xBD4D, 0xB50C, 0xB50C, 0x8BC9, 0x3186, 0x2147, 0x2147,
    0x1926, 0x1906, 0x0862, 0x0041, 0x0862, 0x0882, 0x0882, 0x0882, 0x0883, 0x0883, 0x1083, 0x10A4,
    0x10E5, 0x10E5, 0x1105, 0x1905, 0x1905, 0x1905, 0x1906, 0x1926, 0x1926, 0x1927, 0x1927, 0x1926,
    0x1927, 0x1926, 0x1926, 0x2127, 0x2147, 0x2968, 0x31C9, 0x4AAD, 0x9D56, 0x9D56, 0x9D56, 0xA598,
    0xADD8, 0xADD9, 0xADD9, 0xADF9, 0xADF9, 0xADF9, 0xADF9, 0xADF9, 0xADF9, 0xADF9, 0xADF9, 0xAE19,
    0xAE19, 0xAE19, 0xB61A, 0xB61A, 0xB619, 0xADF9, 0xAE1A, 0xAE1A, 0xADF9, 0xADF9, 0xADF9, 0xADF9,
    0xADF9, 0xADF9, 0xADF9, 0xADF9, 0xADF9, 0xADF9, 0xB61A, 0xB61A, 0xB61A, 0xB61A, 0xB61A, 0xB61A,
    0x2987, 0x1926, 0x18E5, 0x10E5, 0x10E5, 0x10E5, 0x10E5, 0x18E5, 0x18E5, 0x18E5, 0x18E5, 0x18E5,
    0x18E5, 0x1905, 0x1905, 0x1905, 0x1905, 0x1905, 0x18E5, 0x18E5, 0x18E5, 0x18E5, 0x10E5, 0x10E5,
    0x10E5, 0x10C4, 0x10E5, 0x10C4, 0x10C4, 0x10C4, 0x10A4, 0x10A4, 0x0883, 0x0882, 0x0062, 0x0042,
    0x0042, 0x0021, 0x0062, 0x0883, 0x0883, 0x0883, 0x08A3, 0x08A3, 0x08A4, 0x08A4, 0x10C4, 0x10C4,
    0x10C4, 0x10C4, 0x10C4, 0x10C4, 0x18E5, 0x18E5, 0x18E5, 0x18E5, 0x1905, 0x2104, 0x2104, 0x2924,
    0x2104, 0x2125, 0x1905, 0x18E4, 0x18E5, 0x18E5, 0x10E5, 0x18E5, 0x18E5, 0x18E5, 0x1905, 0x18E5,
    0x18E5, 0x18E5, 0x18E5, 0x18E5, 0x18E5, 0x1905, 0x1905, 0x1905, 0x1905, 0x1905, 0x1905, 0x1906,
    0x1906, 0x1906, 0x1926, 0x1906, 0x1926, 0x1906, 0x1906, 0x1926, 0x1906, 0x1927, 0x1927, 0x1926,
    0x1926, 0x2127, 0x2127, 0x1927, 0x2127, 0x1927, 0x2127, 0x1927, 0x1926, 0x1906, 0x18E5, 0x10C4,
    0x0883, 0x0042, 0x0862, 0x10C4, 0x10C4, 0x08A3, 0x1905, 0x2126, 0x2126, 0x2147, 0x1906, 0x1905,
    0x1926, 0x1926, 0x2127, 0x2127, 0x2127, 0x2127, 0x2127, 0x2127, 0x1927, 0x1927, 0x1906, 0x1927,
    0x2127, 0x2127, 0x2127, 0x2127, 0x2147, 0x2127, 0x2127, 0x2147, 0x2147, 0x2147, 0x2147, 0x2147,
    0x2147, 0x2147, 0x2147, 0x2147, 0x2147, 0x2147, 0x2147, 0x2147, 0x2147, 0x2147, 0x2147, 0x2147,
    0x2147, 0x2126, 0x10C3, 0x41C4, 0x9C29, 0x9C49, 0x9C29, 0xA48A, 0x7308, 0x2946, 0x2167, 0x2147,
    0x1926, 0x1905, 0x0062, 0x0041, 0x0862, 0x0882, 0x0062, 0x0862, 0x0863, 0x0883, 0x10A4, 0x10C4,
    0x10C4, 0x18E5, 0x1105, 0x1905, 0x1905, 0x1905, 0x1905, 0x1926, 0x1926, 0x1927, 0x1927, 0x1927,
    0x1926, 0x1926, 0x1927, 0x2127, 0x2147, 0x2167, 0x2989, 0x426C, 0x9516, 0x9D77, 0x9D56, 0xA597,
    0xADF9, 0xADF9, 0xADF9, 0xADF9, 0xADF9, 0xADF9, 0xADD9, 0xADF9, 0xAE19, 0xADF9, 0xADF9, 0xADF9,
    0xADF9, 0xADF9, 0xAE19, 0xADF9, 0xADF9, 0xADF9, 0xADF9, 0xADF9, 0xADD9, 0xADF9, 0xADF9, 0xADD9,
    0xADF9, 0xB61A, 0xADF9, 0xADF9, 0xADD9, 0xADF9, 0xB61A, 0xADF9, 0xADF9, 0xB61A, 0xB61A, 0xADF9,

};
